accuracy,balanced_accuracy,macro_precision,macro_recall,macro_f1,macro_auc,MCC,log_loss,consensus_coverage,consensus_retained_accuracy,consensus_error_capture,binary_auc
0.8365384615384616,0.7089108517901088,0.7070855614973262,0.7089108517901088,0.7030370498881949,0.9113476688538822,0.7017469425786365,0.570269104494278,0.5769230769230769,0.95,0.8235294117647058,0.8840236686390532
0.8269230769230769,0.8214872568745808,0.8438709677419355,0.8214872568745808,0.8147357784381377,0.9449339111504802,0.6933400955527368,0.46991102297487125,0.4807692307692308,1.0,1.0,0.9291506615450278
0.7692307692307693,0.6494983277591974,0.6254800307219662,0.6494983277591974,0.6293094846080927,0.8130289814236302,0.5874433430952634,0.6770228372022309,0.5096153846153846,0.9433962264150944,0.875,0.8418219461697722
0.8269230769230769,0.676439393939394,0.845,0.676439393939394,0.6795238095238094,0.8365633786434331,0.6187337043514812,0.5438005023064318,0.5480769230769231,0.9473684210526315,0.8333333333333334,0.8505747126436781
0.7788461538461539,0.7701680672268907,0.7105911330049262,0.7701680672268907,0.727971420940171,0.9061995487850313,0.6248025026087878,0.6066259492256053,0.5288461538461539,0.9454545454545454,0.8695652173913043,0.8739495798319328
0.7692307692307693,0.6600792253521126,0.6397699004975124,0.6600792253521126,0.6465091710533506,0.8879553534425703,0.5562074594788866,0.5970907168902027,0.5,0.9615384615384616,0.9166666666666666,0.8437900128040973
0.8076923076923077,0.751381294144452,0.8016686182669789,0.751381294144452,0.7583052623005422,0.89049058459896,0.6653955598602702,0.6282324792007847,0.5576923076923077,0.9310344827586207,0.8,0.8608452950558213
0.6826923076923077,0.5925546448087431,0.8108504398826979,0.5925546448087431,0.5904415794179574,0.8427179781545623,0.44757262159746064,0.8687222602880358,0.4807692307692308,0.9,0.8484848484848485,0.7445672893633245
0.7307692307692307,0.6193085453359426,0.6282051282051282,0.6193085453359426,0.6036557041991825,0.8386757247347149,0.4905537164211835,0.6418239472874134,0.4807692307692308,0.94,0.8928571428571429,0.8104286345558992
0.8269230769230769,0.7660984848484848,0.731814415907208,0.7660984848484848,0.7237250293772034,0.9179911293033212,0.6383307976259692,0.4858807842148316,0.5673076923076923,0.9661016949152542,0.8888888888888888,0.8633958633958634
0.75,0.7216336295283664,0.6896306818181819,0.7216336295283664,0.6703338806787082,0.9143535960741026,0.5395995030903032,0.5414308282427047,0.46153846153846156,0.9791666666666666,0.9615384615384616,0.8867481203007519
0.7403846153846154,0.620099765258216,0.5958931419457736,0.620099765258216,0.5929263600733523,0.8392547362705671,0.5127542887416374,0.6648669680563388,0.5384615384615384,0.9464285714285714,0.8888888888888888,0.8160478019632948
0.8557692307692307,0.7612812911725955,0.6666666666666666,0.7612812911725955,0.6912144702842378,0.9277567580339388,0.7540133543411202,0.4564342321934363,0.5288461538461539,0.9818181818181818,0.9333333333333333,0.9403726708074533
0.8173076923076923,0.6647384305835009,0.6647384305835009,0.6647384305835009,0.6647384305835009,0.8335466991798377,0.6320297951582868,0.6162662897980602,0.5480769230769231,0.9298245614035088,0.7894736842105263,0.8382415706359369
0.7884615384615384,0.6875,0.6955882352941176,0.6875,0.6726190476190476,0.8352439990942028,0.5897497368088567,0.6553873242187976,0.5480769230769231,0.9122807017543859,0.7727272727272727,0.8229166666666665
0.7788461538461539,0.6884424603174603,0.7200940860215054,0.6884424603174603,0.6933995123650296,0.8754047481613637,0.6153174145400401,0.6538913117571278,0.47115384615384615,0.9591836734693877,0.9130434782608695,0.8367187500000002
0.7596153846153846,0.7127171814671814,0.7006074168797953,0.7127171814671814,0.7013362224629831,0.8657967595830031,0.5167150540934033,0.6666605061415638,0.5096153846153846,0.9433962264150944,0.88,0.8063063063063063
0.7019230769230769,0.6056193806193807,0.6193627450980392,0.6056193806193807,0.5885336743393009,0.7971930375003619,0.4357296800925859,0.816157107362327,0.5096153846153846,0.8490566037735849,0.7419354838709677,0.7205882352941176
0.7307692307692307,0.5716081420809342,0.5793460925039873,0.5716081420809342,0.5740918739236653,0.7984278088246639,0.5579286659725512,0.6965917016672019,0.5192307692307693,0.9259259259259259,0.8571428571428571,0.8033898305084746
0.75,0.5936167377398721,0.563919532770928,0.5936167377398721,0.5741697495428838,0.807664252777323,0.5354388336762417,0.7296568985861656,0.5673076923076923,0.9322033898305084,0.8461538461538461,0.8132311415893505
0.7692307692307693,0.6781589390142022,0.689792663476874,0.6781589390142022,0.6801031618212711,0.8573108821379428,0.6323972346486609,0.7198936478515692,0.5192307692307693,0.8888888888888888,0.75,0.8441220238095237
0.8173076923076923,0.7019074675324676,0.6935817805383022,0.7019074675324676,0.6946858989235412,0.8494973521075072,0.6446914771838711,0.5911293094193197,0.46153846153846156,0.8958333333333334,0.7368421052631579,0.827310924369748
0.7211538461538461,0.5535304247990815,0.5625418060200669,0.5535304247990815,0.5570366455250175,0.7756706125054288,0.48321291744202094,0.8366394307103163,0.47115384615384615,0.8979591836734694,0.8275862068965517,0.7785397337636144
0.8461538461538461,0.8015873015873016,0.7469682835820896,0.8015873015873016,0.7673337520459822,0.9107276878142562,0.705135395430853,0.5024867178418183,0.6153846153846154,0.96875,0.875,0.9062500000000001
0.7980769230769231,0.656046365914787,0.6433996133664733,0.656046365914787,0.6329110704110704,0.8643362668033719,0.5754841164586735,0.5306230376112915,0.625,0.9692307692307692,0.9047619047619048,0.8529135338345865
0.7980769230769231,0.6528985507246376,0.6011029411764706,0.6528985507246376,0.6140350877192982,0.8638031397628992,0.6312682624124896,0.5489777817623487,0.5384615384615384,0.9464285714285714,0.8571428571428571,0.8641821946169772
0.7596153846153846,0.6109874429223745,0.6493055555555556,0.6109874429223745,0.6149458571872365,0.783093684303322,0.4985371637582319,0.798323834684333,0.4807692307692308,0.88,0.76,0.7529827662395052
0.75,0.6868857493857494,0.6336722488038278,0.6868857493857494,0.6494047619047618,0.8870312727041557,0.5194007593375268,0.5929513054210855,0.5480769230769231,0.9122807017543859,0.8076923076923077,0.841891891891892
0.8269230769230769,0.6083390293916611,0.647972972972973,0.6083390293916611,0.6274074074074074,0.8401167203338088,0.6180168054445077,0.6094875797291458,0.5576923076923077,0.9482758620689655,0.8333333333333334,0.8350563909774437
0.7596153846153846,0.6942640692640693,0.7278985507246377,0.6942640692640693,0.6834135993578718,0.8734886458570669,0.5591116785000068,0.6900739207455088,0.4807692307692308,0.9,0.8,0.8137958532695375
0.8557692307692307,0.6603545527800161,0.6410714285714285,0.6603545527800161,0.6494518994518994,0.8557639662597023,0.7025734897445483,0.4814663738948901,0.5576923076923077,0.9827586206896551,0.9333333333333333,0.9005744586831639
0.7788461538461539,0.638095238095238,0.6544117647058824,0.638095238095238,0.6351440373179504,0.8995410827695619,0.5745923271804201,0.5589103025863562,0.6057692307692307,0.9841269841269841,0.9565217391304348,0.8873949579831933
0.6826923076923077,0.6236570061394004,0.5917328042328043,0.6236570061394004,0.5851289613694194,0.8218524802641293,0.4439963420314927,0.7121809776694433,0.5096153846153846,0.9056603773584906,0.8484848484848485,0.7789159197609902
0.8365384615384616,0.6238461538461538,0.597972972972973,0.6238461538461538,0.6066378003896947,0.8651751756922857,0.6397721091174142,0.5948830519492482,0.47115384615384615,0.9387755102040817,0.8235294117647058,0.8340229885057472
0.7211538461538461,0.6745169082125604,0.6787518037518037,0.6745169082125604,0.6691919191919191,0.7823875812720207,0.498311360253663,0.8843804443312907,0.5096153846153846,0.9056603773584906,0.8275862068965517,0.7503105590062112
0.7980769230769231,0.6770833333333333,0.6961711711711711,0.6770833333333333,0.6856947736311413,0.8155188685322614,0.5737783974721264,0.6896342625599985,0.5384615384615384,0.9107142857142857,0.7619047619047619,0.7986111111111112
0.7788461538461539,0.6920940170940171,0.6705882352941176,0.6920940170940171,0.6480500821018063,0.8963192474715221,0.5777363964399967,0.5949496365281275,0.5192307692307693,0.9629629629629629,0.9130434782608695,0.872829861111111
0.7403846153846154,0.6410839160839161,0.6678743961352657,0.6410839160839161,0.6516547049441785,0.8167365248336909,0.510830765604353,0.7828555704150505,0.5,0.9038461538461539,0.8148148148148148,0.7763157894736843
0.8173076923076923,0.6513377926421404,0.607574679943101,0.6513377926421404,0.6213213869463869,0.8785908687334493,0.6390752834389357,0.5987746866006476,0.5865384615384616,0.9508196721311475,0.8421052631578947,0.8484472049689441
0.7980769230769231,0.6710784313725491,0.676487414187643,0.6710784313725491,0.673661800486618,0.8255989895958384,0.6106885599100098,0.6633344882486699,0.5480769230769231,0.9473684210526315,0.8571428571428571,0.8308823529411765
0.7692307692307693,0.7013020833333333,0.7144511760513186,0.7013020833333333,0.6952280701754385,0.8560181640426665,0.6073289324465844,0.7047868754656251,0.5192307692307693,0.8703703703703703,0.7083333333333334,0.829296875
0.8269230769230769,0.7353219696969697,0.769195688225539,0.7353219696969697,0.7495067883612776,0.9156078736817694,0.6807330176127774,0.47880474479335433,0.5384615384615384,1.0,1.0,0.9078947368421052
0.8461538461538461,0.7933333333333333,0.7326839826839827,0.7933333333333333,0.7499194068343005,0.9526261869065467,0.7069265469879827,0.4527035978386017,0.47115384615384615,1.0,1.0,0.9452873563218391
0.7692307692307693,0.7823451910408432,0.7395225464190982,0.7823451910408432,0.7470558478007964,0.9176591198326597,0.6127988717603062,0.558279541361344,0.47115384615384615,0.9387755102040817,0.875,0.8906832298136645
0.7115384615384616,0.5674836601307189,0.6120830244625648,0.5674836601307189,0.5801946677951756,0.8021331300649057,0.44015863113706216,0.7742196894053309,0.5384615384615384,0.875,0.7666666666666667,0.752859477124183
0.7980769230769231,0.7439671814671815,0.6667727009832273,0.7439671814671815,0.6890413377997504,0.9456289635909201,0.618204058088405,0.47409315012245956,0.49038461538461536,1.0,1.0,0.9121621621621622
0.8076923076923077,0.6789954337899543,0.6621376811594203,0.6789954337899543,0.6667225575676279,0.873815360454355,0.6131898592327358,0.5359261085105861,0.5192307692307693,0.9814814814814815,0.95,0.9014582412726471
0.8173076923076923,0.7506211180124223,0.7325148809523809,0.7506211180124223,0.736207505944348,0.8930899871670626,0.6676450136783656,0.5807654163942495,0.5865384615384616,0.9344262295081968,0.7894736842105263,0.874120082815735
0.7692307692307693,0.6641025641025641,0.6325698757763975,0.6641025641025641,0.6406410256410257,0.887555095153839,0.5325172623904967,0.521591273502072,0.5769230769230769,0.9666666666666667,0.9166666666666666,0.8514942528735633
0.8076923076923077,0.6384453781512605,0.632260101010101,0.6384453781512605,0.6293186469242806,0.8826445385545434,0.6119143753554789,0.5769325740604158,0.5769230769230769,0.9166666666666666,0.75,0.8420168067226891
0.7980769230769231,0.7101693241399124,0.7630105401844532,0.7101693241399124,0.6981820626596746,0.9030580143144147,0.6315539794669406,0.5539701412458652,0.5865384615384616,0.9508196721311475,0.8571428571428571,0.8827614379084967
0.7692307692307693,0.7144444444444444,0.6683333333333333,0.7144444444444444,0.6634998443821973,0.9202062052469097,0.5985897278982147,0.5018519488783127,0.5480769230769231,1.0,1.0,0.9075862068965517
0.7692307692307693,0.6854182930002602,0.6553858440650894,0.6854182930002602,0.6627634426976532,0.865900504556213,0.6323640904027149,0.6166620438168666,0.5,0.9423076923076923,0.875,0.8867708730461303
0.75,0.6601774106175514,0.621379781420765,0.6601774106175514,0.6247815997815998,0.8600603282371295,0.556418915117951,0.5930800086708323,0.4423076923076923,0.9782608695652174,0.9615384615384616,0.842936406316688
0.8269230769230769,0.7313374125874126,0.768939393939394,0.7313374125874126,0.7483139083139083,0.8886969141285804,0.6848941775488072,0.6140322151080357,0.6057692307692307,0.9365079365079365,0.7777777777777778,0.8609375000000001
0.7980769230769231,0.6702988792029888,0.5907534246575342,0.6702988792029888,0.6209258384506376,0.831310276991371,0.581498968002254,0.6408493036050751,0.5865384615384616,0.9016393442622951,0.7142857142857143,0.8073353954927088
0.7788461538461539,0.7490826810176126,0.7543478260869565,0.7490826810176126,0.6907415454615169,0.8874043103142163,0.5762666658596627,0.6447858898457487,0.5673076923076923,0.9661016949152542,0.9130434782608695,0.8307556341140079
0.6923076923076923,0.6218325983717774,0.6704545454545454,0.6218325983717774,0.6376357560568087,0.8265088208481295,0.4352880897949173,0.8000538261526532,0.5480769230769231,0.8947368421052632,0.8125,0.7519160951996773
0.8461538461538461,0.7309405354181474,0.8801582815149802,0.7309405354181474,0.7275813879038613,0.9034019861944195,0.7344364534002008,0.5026721553505062,0.5192307692307693,1.0,1.0,0.917708753529649
0.7884615384615384,0.7542977078891258,0.71128078817734,0.7542977078891258,0.7236794425087107,0.907354899714301,0.6454609444910608,0.574520134239283,0.5096153846153846,0.9622641509433962,0.9090909090909091,0.8987494957644211
0.8173076923076923,0.6460227272727272,0.6266447368421053,0.6460227272727272,0.6333158263305322,0.8521776080229765,0.6229573250707034,0.5798972442797332,0.6057692307692307,0.9365079365079365,0.7894736842105263,0.8433159722222222
0.7884615384615384,0.6849053054057443,0.7280348759221997,0.6849053054057443,0.7017795429208473,0.8608853021532992,0.5940300706210563,0.6880347961591584,0.49038461538461536,0.9607843137254902,0.9090909090909091,0.8031464300121015
0.8653846153846154,0.7780723129610116,0.7154366895499619,0.7780723129610116,0.7343997317236755,0.8698635395732089,0.7286439990173993,0.4999921474184434,0.4230769230769231,0.9772727272727273,0.9285714285714286,0.8948298718515245
0.7884615384615384,0.7307900432900434,0.7570013661202186,0.7307900432900434,0.7398940518141683,0.9149839284461574,0.6453424342769501,0.58775132739548,0.5480769230769231,0.8947368421052632,0.7272727272727273,0.8746212121212121
0.8076923076923077,0.6872727272727273,0.6625,0.6872727272727273,0.6558044291637173,0.8017374008698565,0.6075493901369088,0.6514898579755926,0.5192307692307693,0.9259259259259259,0.8,0.808735632183908
0.7884615384615384,0.6955128205128205,0.6807057057057058,0.6955128205128205,0.6837571384472912,0.8362818500181137,0.5193140252028249,0.6444540796347039,0.47115384615384615,0.9387755102040817,0.8636363636363636,0.7766272189349114
0.7884615384615384,0.6792953667953667,0.8201298701298702,0.6792953667953667,0.6566584967320261,0.7979769587974989,0.5721974618777523,0.6908733531774625,0.5192307692307693,0.9259259259259259,0.8181818181818182,0.7873873873873874
0.7788461538461539,0.675297619047619,0.6865804960067254,0.675297619047619,0.6629335625442411,0.8906115751195721,0.6232334522330819,0.5606251190432264,0.5096153846153846,0.9433962264150944,0.8695652173913043,0.8826945412311267
0.7596153846153846,0.6671346618357488,0.6900476608553869,0.6671346618357488,0.6661313950867703,0.8769451588009424,0.5512312738065387,0.6273773555062646,0.4326923076923077,0.9555555555555556,0.92,0.8322981366459626
0.7596153846153846,0.6422077922077922,0.6486111111111111,0.6422077922077922,0.6365019671372368,0.8187380719638784,0.47935989942517787,0.6269971873745331,0.4807692307692308,0.94,0.88,0.7893217893217893
0.7788461538461539,0.6286202914001421,0.829225352112676,0.6286202914001421,0.6393268567181611,0.8504872989301051,0.5772915271398599,0.6882014545564407,0.5576923076923077,0.896551724137931,0.7391304347826086,0.8168616377571601
0.7596153846153846,0.6909340659340659,0.6921164772727273,0.6909340659340659,0.6799491553222896,0.9119067682381113,0.5612957888734678,0.5706710326983852,0.47115384615384615,0.9795918367346939,0.96,0.8621848739495799
0.7884615384615384,0.7144404890883764,0.6690848214285714,0.7144404890883764,0.684054834054834,0.896061810323351,0.6114515025940587,0.5696073083429146,0.5096153846153846,0.9433962264150944,0.8636363636363636,0.8758002560819462
0.8653846153846154,0.7971014492753623,0.8066180935033394,0.7971014492753623,0.7740806996620949,0.9312888198757764,0.7702886836394733,0.48366483439352115,0.5288461538461539,0.9818181818181818,0.9285714285714286,0.927536231884058
0.7692307692307693,0.6344017094017094,0.6449893390191898,0.6344017094017094,0.6298515809201378,0.8355398800240322,0.5524219432259917,0.6354094650705306,0.5480769230769231,0.9473684210526315,0.875,0.8276909722222221
0.75,0.6222853535353535,0.6287878787878788,0.6222853535353535,0.6081068840579711,0.8424605174731183,0.5240943581942837,0.6497758497174247,0.5384615384615384,0.9285714285714286,0.8461538461538461,0.8081597222222222
0.8557692307692307,0.7395833333333334,0.6771114864864864,0.7395833333333334,0.700487012987013,0.8885459826553307,0.6680292862923345,0.4791866354235527,0.5673076923076923,1.0,1.0,0.9078125
0.7403846153846154,0.5955952380952381,0.6493055555555556,0.5955952380952381,0.6060736794717887,0.8149598412827084,0.45023006723568315,0.7080393452803995,0.5384615384615384,0.9464285714285714,0.8888888888888888,0.7866666666666667
0.7980769230769231,0.6551892551892552,0.6966389466389467,0.6551892551892552,0.6711111111111111,0.8398824165722598,0.5889537756297477,0.629642468940623,0.6057692307692307,0.9206349206349206,0.7619047619047619,0.8214285714285714
0.7980769230769231,0.6935908379570352,0.6691456903127383,0.6935908379570352,0.655952380952381,0.8211225335929417,0.6095558711623317,0.6874252685229305,0.5288461538461539,0.9272727272727272,0.8095238095238095,0.8079385403329065
0.7788461538461539,0.6972809076682316,0.6570054945054945,0.6972809076682316,0.6663602941176471,0.8538260349083382,0.5904137426597166,0.6425257264903232,0.4423076923076923,0.9565217391304348,0.9130434782608695,0.8676909944515578
0.7980769230769231,0.6645833333333333,0.6987394957983193,0.6645833333333333,0.6769753235270477,0.8392801234784645,0.6332601908102675,0.7035539381564343,0.5192307692307693,0.9074074074074074,0.7619047619047619,0.840234375
0.75,0.550595238095238,0.5731951871657754,0.550595238095238,0.5551503759398496,0.9218006449738987,0.5032343740487845,0.5221248071097819,0.5096153846153846,1.0,1.0,0.8736979166666666
0.8461538461538461,0.7891328828828829,0.7361575622445188,0.7891328828828829,0.7571986836692719,0.9046783934427848,0.692937680555281,0.49896952492271207,0.5384615384615384,0.9642857142857143,0.875,0.8977477477477478
0.75,0.632992327365729,0.6399936061381074,0.632992327365729,0.6290376004416365,0.852972249685271,0.5210253153777075,0.6708598215335861,0.4519230769230769,0.9148936170212766,0.8461538461538461,0.8347826086956521
0.7211538461538461,0.5935189715155469,0.5847103766879886,0.5935189715155469,0.5590090943539219,0.8382753167435593,0.46736900176375584,0.6770907691549838,0.5769230769230769,0.9333333333333333,0.8620689655172413,0.8223596995139196
0.7307692307692307,0.6610389610389611,0.6630252100840336,0.6610389610389611,0.6538789428815004,0.8350748266070847,0.4841188708485087,0.7070906699215045,0.47115384615384615,0.9387755102040817,0.8928571428571429,0.7928571428571428
0.8173076923076923,0.7163461538461539,0.74375,0.7163461538461539,0.722065649867374,0.8768859846083403,0.6256251035508011,0.568955059488789,0.5769230769230769,0.9333333333333333,0.7894736842105263,0.86328125
0.7307692307692307,0.5648740930431071,0.5815384615384616,0.5648740930431071,0.5667407660738715,0.8111429337141156,0.48742670666228094,0.6980557598517418,0.4423076923076923,0.9347826086956522,0.8928571428571429,0.8058045241143833
0.7788461538461539,0.6836309523809524,0.6195860745614035,0.6836309523809524,0.6359513964737089,0.8289075671933155,0.5932066390791364,0.6446771304855256,0.5192307692307693,0.9074074074074074,0.782608695652174,0.830295138888889
0.7980769230769231,0.6571428571428571,0.5808080808080808,0.6571428571428571,0.6060924369747899,0.8630693558406034,0.6227966851308497,0.5458304988348901,0.6442307692307693,0.9552238805970149,0.8571428571428571,0.8752100840336134
0.875,0.7527689873417721,0.7281531531531532,0.7527689873417721,0.7142654163114521,0.9152688225210971,0.7182477058906861,0.44011400682226165,0.6538461538461539,0.9705882352941176,0.8461538461538461,0.8951898734177215
0.7884615384615384,0.6058823529411765,0.604978354978355,0.6058823529411765,0.6041806880715785,0.8172310424192099,0.6015768117192287,0.5549774535083837,0.5673076923076923,0.9830508474576272,0.9545454545454546,0.8549836601307189
0.7692307692307693,0.77734375,0.7259615384615384,0.77734375,0.7366771159874608,0.9189638237427467,0.6450195746306344,0.582982328651955,0.4807692307692308,0.96,0.9166666666666666,0.896875
0.7307692307692307,0.690138592750533,0.6833333333333333,0.690138592750533,0.6688055219059156,0.8296014927961577,0.5401745261929488,0.7526693243748664,0.49038461538461536,0.9019607843137255,0.8214285714285714,0.7970956030657523
0.7019230769230769,0.6346355913257322,0.65078125,0.6346355913257322,0.6265847578347579,0.8974382661869847,0.44962583775117737,0.6313694890175104,0.46153846153846156,0.9583333333333334,0.9354838709677419,0.8228766538625694
0.7692307692307693,0.7243721461187215,0.6516290726817042,0.7243721461187215,0.6595666044195456,0.911790631358911,0.5835742002032668,0.5447199702787642,0.47115384615384615,0.9591836734693877,0.9166666666666666,0.8992487847989394
0.7403846153846154,0.6397236370496133,0.6924261083743842,0.6397236370496133,0.6407528091173962,0.8589666675628471,0.5749383593310018,0.7092225162999294,0.5961538461538461,0.9193548387096774,0.8148148148148148,0.8360215053763441
0.7884615384615384,0.6554347826086957,0.7303221288515406,0.6554347826086957,0.6652082722536704,0.8423210614546258,0.5904626384418022,0.6510576265227035,0.5480769230769231,0.9122807017543859,0.7727272727272727,0.8335403726708074
0.7211538461538461,0.6556259056259056,0.6053017440963112,0.6556259056259056,0.6140196078431372,0.8369389944407668,0.493013475719332,0.6747492030680692,0.49038461538461536,0.9607843137254902,0.9310344827586207,0.8175675675675677
0.8076923076923077,0.7113095238095238,0.6996753246753247,0.7113095238095238,0.6996319430782347,0.9331217203829643,0.6388843954789268,0.4785026728627676,0.6057692307692307,0.9841269841269841,0.95,0.9176470588235294
0.8173076923076923,0.7833333333333334,0.6990214646464646,0.7833333333333334,0.7187817095049205,0.9572642654587122,0.6603280376647451,0.4461024722259644,0.49038461538461536,1.0,1.0,0.9305747126436782
0.7980769230769231,0.7048928266958958,0.7549019607843137,0.7048928266958958,0.7182614651700095,0.940368514097293,0.6137266223110898,0.4803359233618725,0.5384615384615384,0.9821428571428571,0.9523809523809523,0.8977225672877847
0.8461538461538461,0.855952380952381,0.791841982234689,0.855952380952381,0.8093336843336845,0.9780176183513922,0.7301341925182052,0.4006295859733437,0.46153846153846156,1.0,1.0,0.9491596638655462
0.8557692307692307,0.775,0.8746376811594203,0.775,0.7969280684050044,0.8999183006535948,0.7206557257717934,0.48170220082407267,0.5384615384615384,0.9642857142857143,0.8666666666666667,0.8941176470588235
0.8269230769230769,0.5989489489489489,0.575,0.5989489489489489,0.5816071428571429,0.8680195312319043,0.6416444165336184,0.4604206223729769,0.5384615384615384,0.9821428571428571,0.9444444444444444,0.9108108108108108
0.7403846153846154,0.6573903534016347,0.6898294243070362,0.6573903534016347,0.6619047619047619,0.8437202135289091,0.4867942667185083,0.669315333983476,0.5480769230769231,0.9298245614035088,0.8518518518518519,0.8121961997348652
0.7692307692307693,0.6242253750815394,0.584280303030303,0.6242253750815394,0.5925003704130517,0.8034757256572277,0.5561070453088811,0.6782078098189938,0.5,0.9230769230769231,0.8333333333333334,0.8152894387980557
0.8365384615384616,0.7730263157894737,0.7610507246376812,0.7730263157894737,0.7541717980295566,0.9130671788166067,0.6676263147199752,0.4939640303693785,0.5961538461538461,0.967741935483871,0.8823529411764706,0.8966165413533834
0.7692307692307693,0.6815058479532163,0.6970779220779221,0.6815058479532163,0.6874212756212068,0.8596459283723457,0.5277775708416035,0.6342123474288125,0.5288461538461539,0.9636363636363636,0.9166666666666666,0.8207465277777778
0.8173076923076923,0.776547987616099,0.7026937046004842,0.776547987616099,0.7254036763141094,0.9255872214879989,0.6908475088304386,0.5359609776687101,0.5096153846153846,0.9811320754716981,0.9473684210526315,0.9366830065359476
0.7884615384615384,0.6250365625365626,0.6497336377473364,0.6250365625365626,0.6224489795918366,0.8764304360846307,0.5513910161731475,0.5863065425466424,0.5480769230769231,0.9824561403508771,0.9545454545454546,0.8639639639639639
0.8846153846153846,0.8234848484848485,0.8089001225490196,0.8234848484848485,0.8154647435897435,0.942917249294415,0.7901148736813294,0.46744035633070374,0.5384615384615384,0.9821428571428571,0.9166666666666666,0.9246411483253589
0.7980769230769231,0.6982142857142858,0.85530679933665,0.6982142857142858,0.7179288321167883,0.8873989656103405,0.6040506698344249,0.5409523290904745,0.5288461538461539,0.9636363636363636,0.9047619047619048,0.8697478991596639
0.7788461538461539,0.7368009243009243,0.7540625,0.7368009243009243,0.710638998682477,0.9080515248588658,0.5944599104335246,0.5188105170428733,0.5288461538461539,0.9818181818181818,0.9565217391304348,0.8936936936936938
0.7692307692307693,0.6934419746919747,0.6505979419671827,0.6934419746919747,0.6509079493866512,0.8684079906904985,0.5403422659201356,0.6357400128778473,0.5192307692307693,0.9444444444444444,0.875,0.8540433925049309
0.6730769230769231,0.5661691542288557,0.5396825396825397,0.5661691542288557,0.5418165168165168,0.8208033415084741,0.42220727278568826,0.7931640643590883,0.41346153846153844,0.9534883720930233,0.9411764705882353,0.7704719645018152
0.7788461538461539,0.7436117936117936,0.6902548660207733,0.7436117936117936,0.7006969919295671,0.8737929926244957,0.5725430781265264,0.6267136794739506,0.5288461538461539,0.9636363636363636,0.9130434782608695,0.8396396396396396
0.7403846153846154,0.6602829537612146,0.6190131124913734,0.6602829537612146,0.620069745069745,0.8647355481094039,0.5376332419011322,0.6477864726512058,0.5288461538461539,0.9272727272727272,0.8518518518518519,0.813664596273292
0.7884615384615384,0.7537801190127793,0.7460157450076805,0.7537801190127793,0.7428389109472491,0.8603733262301211,0.62742139603607,0.7099580774446493,0.4807692307692308,0.92,0.8181818181818182,0.8241226300927793
0.7884615384615384,0.6845238095238095,0.7016666666666667,0.6845238095238095,0.6822463768115942,0.8467405747745228,0.608187633872814,0.6378966871121654,0.5961538461538461,0.9032258064516129,0.7272727272727273,0.8397129186602871
0.8076923076923077,0.7048192771084337,0.6519243313763862,0.7048192771084337,0.6592365967365967,0.8874567791137844,0.5507393322601609,0.506292984395324,0.5288461538461539,0.9818181818181818,0.95,0.8732071141709695
0.7980769230769231,0.6051515151515152,0.5857487922705313,0.6051515151515152,0.5853516694033936,0.8855701926193669,0.5893203669061069,0.5205462369000999,0.47115384615384615,1.0,1.0,0.895632183908046
0.7692307692307693,0.6467869718309859,0.5982539682539683,0.6467869718309859,0.6137604659628686,0.8247700930964575,0.5764823639937041,0.7157507923744324,0.49038461538461536,0.9215686274509803,0.8333333333333334,0.8053777208706786
0.7884615384615384,0.7535714285714286,0.7238095238095238,0.7535714285714286,0.7364280936454849,0.8663984582212438,0.6337884027976355,0.6160848532336313,0.5,0.9423076923076923,0.8636363636363636,0.8745562130177514
0.7884615384615384,0.6787934668071653,0.7105263157894737,0.6787934668071653,0.6881447303007706,0.8114917283013798,0.5407753108643409,0.7072832784486803,0.5288461538461539,0.9090909090909091,0.7727272727272727,0.7622624834290764
0.7980769230769231,0.7503512469265894,0.7434458144062297,0.7503512469265894,0.7242063492063492,0.8890983403777677,0.6121045698001165,0.5468828172123398,0.49038461538461536,0.9411764705882353,0.8571428571428571,0.8811312417145382
0.7980769230769231,0.652890203403902,0.7521929824561403,0.652890203403902,0.6735313344373748,0.8904974096424363,0.5627438328228502,0.5920665588523313,0.49038461538461536,0.9411764705882353,0.8571428571428571,0.8139637649138313
0.8461538461538461,0.6697802197802197,0.7347689075630252,0.6697802197802197,0.6860902255639098,0.8793219600911908,0.7140990851728766,0.6248120896419896,0.5769230769230769,0.9333333333333333,0.75,0.8714003944773175
0.7980769230769231,0.7014821189519985,0.6170366795366795,0.7014821189519985,0.6269691651383986,0.8938231913308562,0.5269264597742834,0.526664392869851,0.5384615384615384,0.9821428571428571,0.9523809523809523,0.8663224325874929
0.7692307692307693,0.6357729711602951,0.6757352941176471,0.6357729711602951,0.6235636490807355,0.8504338532041166,0.5542969052037531,0.6291530922553612,0.5865384615384616,0.9672131147540983,0.9166666666666666,0.8382415706359367
0.7115384615384616,0.650892857142857,0.621195652173913,0.650892857142857,0.6259894091415831,0.8291985884027524,0.49322822581144127,0.7564262041221043,0.4423076923076923,0.9130434782608695,0.8666666666666667,0.8126050420168067
0.8076923076923077,0.7535714285714286,0.7149818401937046,0.7535714285714286,0.7285849823800488,0.9053100481332044,0.6757655055765347,0.5330570086802783,0.5384615384615384,0.9464285714285714,0.85,0.8962524654832347
0.8076923076923077,0.6787565987933635,0.6825910931174088,0.6787565987933635,0.6794840464195303,0.8702072012335429,0.65354666626178,0.6489809127075904,0.47115384615384615,0.8979591836734694,0.75,0.8339250493096646
0.75,0.6632506747638326,0.6738437001594896,0.6632506747638326,0.6433491668701933,0.8387133409541291,0.5861372931578707,0.7235891666076422,0.4423076923076923,0.9347826086956522,0.8846153846153846,0.8603550295857988
0.8365384615384616,0.7385912698412699,0.7899460188933873,0.7385912698412699,0.7322057787174066,0.8867066755430243,0.7126802248653787,0.5703012496386947,0.6538461538461539,0.9264705882352942,0.7058823529411765,0.8578125000000001
0.7596153846153846,0.6456349206349207,0.6892857142857143,0.6456349206349207,0.6311688311688312,0.8233881271806969,0.5306117993928713,0.711144908122364,0.5096153846153846,0.9056603773584906,0.8,0.8046218487394957
0.75,0.6554029304029304,0.6778985507246377,0.6554029304029304,0.6552431197151214,0.8639244950689537,0.5292596743244338,0.6295867692226539,0.49038461538461536,0.9411764705882353,0.8846153846153846,0.819747899159664
0.7403846153846154,0.5405814905814906,0.5665905631659056,0.5405814905814906,0.5502937538651824,0.7366512523306198,0.44227105739127703,0.83148858550807,0.5096153846153846,0.9056603773584906,0.8148148148148148,0.704954954954955
0.8653846153846154,0.7362179487179488,0.6961748633879781,0.7362179487179488,0.7129629629629629,0.8375383221850613,0.7642299810035016,0.5551910708896409,0.5576923076923077,0.9482758620689655,0.7857142857142857,0.8974358974358975
0.7596153846153846,0.6226190476190476,0.6539855072463768,0.6226190476190476,0.6220392510715091,0.7854467571903273,0.5677035420594181,0.8788065051325515,0.5,0.8653846153846154,0.72,0.7499032133178476
0.8461538461538461,0.6472222222222223,0.6178571428571429,0.6472222222222223,0.6269607843137255,0.8714260730909318,0.6051329493873745,0.5184575044088942,0.5961538461538461,0.967741935483871,0.875,0.8322916666666668
0.7884615384615384,0.6447368421052632,0.5507783543365457,0.6447368421052632,0.5753968253968254,0.8402817308251298,0.5613509331657659,0.5954038753354649,0.5192307692307693,0.9444444444444444,0.8636363636363636,0.8444548872180451
0.7115384615384616,0.6374559082892416,0.6136275146009085,0.6374559082892416,0.5913878163878163,0.832592293180034,0.4125910522738795,0.6455388693094689,0.4519230769230769,0.9574468085106383,0.9333333333333333,0.7648953301127214
0.8173076923076923,0.6617216117216117,0.6221532091097308,0.6617216117216117,0.636382893685052,0.8672411890758563,0.6440843464170157,0.5349332936509015,0.6153846153846154,0.921875,0.7368421052631579,0.8626050420168068
0.8173076923076923,0.7889925373134329,0.7225635593220339,0.7889925373134329,0.7463369963369964,0.8756045222466234,0.6916715667533064,0.5865859291004201,0.5384615384615384,0.9464285714285714,0.8421052631578947,0.8882613957240822
0.7403846153846154,0.6211288711288712,0.5670614596670935,0.6211288711288712,0.5846525096525097,0.8727220586855796,0.4432535116365726,0.5667669124282132,0.5673076923076923,0.9661016949152542,0.9259259259259259,0.8249158249158249
0.8076923076923077,0.7538461538461539,0.7450067476383265,0.7538461538461539,0.7436609686609686,0.8671267570652978,0.644251682421825,0.6048454698167846,0.5192307692307693,0.9629629629629629,0.9,0.8642857142857142
0.7596153846153846,0.7205882352941175,0.742948717948718,0.7205882352941175,0.7062498723890805,0.8895982462200273,0.5563922942206655,0.6165738582892265,0.49038461538461536,0.9411764705882353,0.88,0.8513071895424836
0.8269230769230769,0.7372372372372372,0.6926150895140665,0.7372372372372372,0.7104701379005742,0.9038794781426602,0.6502768772436552,0.5191713857599721,0.5480769230769231,0.9649122807017544,0.8888888888888888,0.8765765765765765
0.7307692307692307,0.6537061794414736,0.7323232323232324,0.6537061794414736,0.6477501101099933,0.8774143506906931,0.5054536639403839,0.6287204318720094,0.4519230769230769,1.0,1.0,0.8402777777777778
0.7211538461538461,0.5204166666666666,0.5018115942028986,0.5204166666666666,0.5004605069260242,0.7998638762883592,0.4344799093129007,0.6661727204695596,0.5,0.9807692307692307,0.9655172413793104,0.7724137931034483
0.7788461538461539,0.5911128691983122,0.5507277397260274,0.5911128691983122,0.5571128909229596,0.8093061679327674,0.5054227679738921,0.6386224114301,0.5192307692307693,0.9444444444444444,0.8695652173913043,0.8045569620253165
0.75,0.6587947108066972,0.6365155677655677,0.6587947108066972,0.639154206833235,0.8559060999409762,0.5222164929142558,0.6009058604922023,0.5192307692307693,0.9259259259259259,0.8461538461538461,0.8365002209456474
0.8557692307692307,0.7689950980392157,0.8790969899665552,0.7689950980392157,0.7855281439673454,0.9226692893492092,0.7357972720209255,0.4835581066900646,0.5480769230769231,1.0,1.0,0.9044117647058824
0.8076923076923077,0.64546783625731,0.6089341692789969,0.64546783625731,0.6255434782608695,0.879700827824393,0.6878983739450937,0.6696553674349476,0.5192307692307693,0.9074074074074074,0.75,0.8820455393803658
0.7596153846153846,0.7339410589410589,0.7406832298136646,0.7339410589410589,0.7115859501695414,0.9285314531119616,0.573025695710951,0.5190800488950243,0.49038461538461536,0.9803921568627451,0.96,0.8739495798319328
0.7788461538461539,0.6630923202614379,0.701268115942029,0.6630923202614379,0.6672515440763616,0.8486288362534009,0.5786704433252026,0.687572613603012,0.5,0.9423076923076923,0.8695652173913043,0.8431372549019609
0.7788461538461539,0.6735974610974611,0.6468523550724637,0.6735974610974611,0.6405998681331604,0.8921551756829484,0.5885927700519583,0.5591383163475847,0.5288461538461539,0.9636363636363636,0.9130434782608695,0.8878378378378379
0.7980769230769231,0.6246055651176133,0.7055555555555555,0.6246055651176133,0.6139927146024707,0.8307258990728323,0.45296949039766576,0.5806617769130308,0.5865384615384616,0.9344262295081968,0.8095238095238095,0.8014916810097533
0.7884615384615384,0.6515208647561589,0.6017462580185318,0.6515208647561589,0.6112631098951209,0.869772987485815,0.6313624810069942,0.5676150319309007,0.4519230769230769,0.9787234042553191,0.9545454545454546,0.8725490196078431
0.8269230769230769,0.7388655462184874,0.6881720430107526,0.7388655462184874,0.7064855875831486,0.8618547471235097,0.6905097221755246,0.49764416025378205,0.5673076923076923,0.9661016949152542,0.8888888888888888,0.8987394957983194
0.7596153846153846,0.7805555555555556,0.6758962623951181,0.7805555555555556,0.6990251350716467,0.904398455969267,0.6048443769482126,0.5630038752380553,0.4807692307692308,0.94,0.88,0.8819444444444445
0.7884615384615384,0.7558080808080808,0.7647392290249433,0.7558080808080808,0.7471153846153845,0.9047669069482324,0.6837996870201446,0.5973863669772063,0.5,0.9038461538461539,0.7727272727272727,0.8771799628942486
0.7596153846153846,0.5840919701213818,0.7333333333333334,0.5840919701213818,0.634187030075188,0.8004565677327038,0.4578484065413671,0.8310360516575314,0.5480769230769231,0.8947368421052632,0.76,0.7309027777777778
0.8173076923076923,0.6672885572139304,0.6354166666666666,0.6672885572139304,0.6489256432004523,0.843903886395724,0.6578479399897331,0.5856179250575343,0.5288461538461539,0.9454545454545454,0.8421052631578947,0.8515530455828964
0.8076923076923077,0.7261437908496733,0.6702724358974359,0.7261437908496733,0.6810956159832736,0.9277422787650815,0.636483781506761,0.455634129560486,0.5576923076923077,0.9827586206896551,0.95,0.9177011494252874
0.7884615384615384,0.5966880341880342,0.5794117647058823,0.5966880341880342,0.5804112554112554,0.8518987110929763,0.5827797619914544,0.5805934849111503,0.5192307692307693,0.9814814814814815,0.9545454545454546,0.8433159722222222
0.7788461538461539,0.6845548703352309,0.7104166666666667,0.6845548703352309,0.6966742685713535,0.8934137730911812,0.6150931214657583,0.5795317724740655,0.5384615384615384,0.9285714285714286,0.8260869565217391,0.8571428571428571
0.8365384615384616,0.7912698412698413,0.7654761904761904,0.7912698412698413,0.7725900116144019,0.8718099293232933,0.721102596918535,0.5770754189430787,0.5673076923076923,0.9322033898305084,0.7647058823529411,0.8857917150600078
0.8269230769230769,0.8313344594594594,0.8009085009733939,0.8313344594594594,0.8108837970540098,0.9209801776208026,0.6597731162537884,0.5422147373707379,0.4807692307692308,0.98,0.9444444444444444,0.8968468468468468
0.8173076923076923,0.7692861519607843,0.8150641025641026,0.7692861519607843,0.7741172930595287,0.923339292522753,0.692437047005405,0.533113583794341,0.5384615384615384,0.9821428571428571,0.9473684210526315,0.8875
0.8269230769230769,0.7382703081232492,0.7727564102564103,0.7382703081232492,0.7448089458679958,0.9079195582170074,0.6830132690331324,0.5520370631003506,0.49038461538461536,0.9803921568627451,0.9444444444444444,0.9023692810457515
0.8076923076923077,0.7191176470588235,0.6791871921182265,0.7191176470588235,0.6865079365079365,0.9137923351158646,0.6769420327186945,0.534049136255803,0.4807692307692308,0.98,0.95,0.9133986928104575
0.7115384615384616,0.6232089920948617,0.7072617680826636,0.6232089920948617,0.6375175070028011,0.8660051966646023,0.4559096500552494,0.7016954176333872,0.5,0.9230769230769231,0.8666666666666667,0.8066252587991719
0.8076923076923077,0.6570648923444976,0.6914048392921632,0.6570648923444976,0.656054131054131,0.8662195350458894,0.6475198156512548,0.6500686255522746,0.5384615384615384,0.9464285714285714,0.85,0.8390625
0.7884615384615384,0.5816008316008316,0.5912162162162162,0.5816008316008316,0.5862162162162162,0.8122968421045345,0.5434223713289167,0.6249305530086597,0.5288461538461539,0.9636363636363636,0.9090909090909091,0.8355855855855856
0.8173076923076923,0.5982492997198879,0.6345238095238095,0.5982492997198879,0.6154864532019705,0.8574666654728532,0.637665815597134,0.5556818378293762,0.5480769230769231,0.9824561403508771,0.9473684210526315,0.88109243697479
0.8461538461538461,0.6786655125696222,0.6441176470588235,0.6786655125696222,0.6545807259073841,0.8848905014787608,0.6966828812289504,0.43349257685678566,0.6153846153846154,0.984375,0.9375,0.9116217410517014
0.7884615384615384,0.6935222672064777,0.6728324641460235,0.6935222672064777,0.6778673835125448,0.9385972129006185,0.6382432296610866,0.5101003013277357,0.5288461538461539,1.0,1.0,0.9025641025641026
0.8365384615384616,0.6602564102564102,0.6237254901960785,0.6602564102564102,0.6388888888888888,0.8510013384051845,0.6221184586767659,0.5600176225181979,0.5576923076923077,0.9482758620689655,0.8235294117647058,0.8466469428007889
0.8173076923076923,0.7685307230083349,0.7789525691699605,0.7685307230083349,0.7728354978354979,0.935422453954454,0.6582473731737691,0.5056224081791372,0.5865384615384616,0.9672131147540983,0.8947368421052632,0.8967325534489713
0.6923076923076923,0.5971757710888146,0.6194871794871795,0.5971757710888146,0.5795528934275989,0.8243629612578742,0.4373049550680101,0.7578517514905089,0.49038461538461536,0.9019607843137255,0.84375,0.7544513457556936
0.7403846153846154,0.6714743589743589,0.6594051110180141,0.6714743589743589,0.6635170603674541,0.8151996623339144,0.5457766080672392,0.7892249702656777,0.47115384615384615,0.8775510204081632,0.7777777777777778,0.781854043392505
0.8365384615384616,0.7444852941176471,0.8515625,0.7444852941176471,0.6919191919191919,0.8615451388888888,0.7129277123097351,0.5563810990029412,0.6153846153846154,0.921875,0.7058823529411765,0.8680555555555556
0.7788461538461539,0.7503721424774057,0.739980449657869,0.7503721424774057,0.7428196475440569,0.8759725935866184,0.6138740968377914,0.6548403144613835,0.5096153846153846,0.9433962264150944,0.8695652173913043,0.8291913214990138
0.6826923076923077,0.6604539866526168,0.5992063492063492,0.6604539866526168,0.584364301276066,0.8080601516845469,0.4265044217599592,0.7949080493090808,0.38461538461538464,0.9,0.8787878787878788,0.7410517012814847
0.7692307692307693,0.7571969696969696,0.7446779002843076,0.7571969696969696,0.7500090348927557,0.8920389086719733,0.6253699732490419,0.6377777144108869,0.49038461538461536,0.9411764705882353,0.875,0.8553030303030303
0.8269230769230769,0.7397817460317461,0.8670176630434783,0.7397817460317461,0.7650100870964034,0.887949033550552,0.6980161014371571,0.5506028870656152,0.5096153846153846,0.9622641509433962,0.8888888888888888,0.8819202477739063
0.8076923076923077,0.7481884057971014,0.7113780545112782,0.7481884057971014,0.7267291531997415,0.8941068977664344,0.6490250105060497,0.5461544207704794,0.6057692307692307,0.9523809523809523,0.85,0.8869565217391303
0.6730769230769231,0.5609998829176911,0.6506521739130435,0.5609998829176911,0.5723270798882363,0.7816548629005133,0.3471437400230382,0.793929696814701,0.4519230769230769,0.8936170212765957,0.8529411764705882,0.696420680512594
0.8173076923076923,0.6963031260976467,0.6654411764705882,0.6963031260976467,0.6713733075435203,0.8824809729982773,0.6409717428373051,0.5615209842907041,0.5673076923076923,0.9661016949152542,0.8947368421052632,0.8820150243040212
0.7980769230769231,0.6912878787878788,0.755830223880597,0.6912878787878788,0.7009109311740891,0.9089535226405936,0.6307097376334184,0.5442887282788005,0.5,0.9615384615384616,0.9047619047619048,0.8855661881977671
0.8173076923076923,0.676320939334638,0.7400257400257401,0.676320939334638,0.6988124309552881,0.8534688166872502,0.6093115569734646,0.5668793030707917,0.5096153846153846,0.9433962264150944,0.8421052631578947,0.8493150684931507
0.7884615384615384,0.6865767045454546,0.8145833333333333,0.6865767045454546,0.6377356514453288,0.8905155797475874,0.6529087757708404,0.5933363918112307,0.5865384615384616,0.9672131147540983,0.9090909090909091,0.899609375
0.7884615384615384,0.6615384615384616,0.5918560606060606,0.6615384615384616,0.6114146060954572,0.838999668177387,0.5909184640275408,0.5963726342172453,0.5769230769230769,0.9333333333333333,0.8181818181818182,0.8597701149425288
0.8653846153846154,0.7106410256410256,0.7266666666666666,0.7106410256410256,0.7157971014492753,0.8876031468627479,0.7003531046745,0.5052001219583666,0.6153846153846154,0.953125,0.7857142857142857,0.8689655172413794
0.8269230769230769,0.7332417582417582,0.7326388888888888,0.7332417582417582,0.7290734943351223,0.8762607141725538,0.6900450684601149,0.571596844529489,0.5480769230769231,0.9649122807017544,0.8888888888888888,0.8828402366863906
0.8269230769230769,0.7272727272727273,0.6696428571428572,0.7272727272727273,0.6853684041184042,0.891844673569264,0.6363059536131388,0.49545145860254536,0.5384615384615384,1.0,1.0,0.8895463510848126
0.8365384615384616,0.6544444444444444,0.5944496268656716,0.6544444444444444,0.611830985915493,0.8612974909106155,0.6792665175895681,0.46771078166865926,0.6442307692307693,0.9701492537313433,0.8823529411764706,0.9172413793103448
0.7211538461538461,0.5962184873949581,0.6672077922077921,0.5962184873949581,0.6158794795575702,0.8091439246610811,0.5056806501087722,0.8430840548002085,0.5192307692307693,0.9259259259259259,0.8620689655172413,0.7955865272938445
0.7788461538461539,0.6298191422687797,0.6576458752515091,0.6298191422687797,0.6384502923976608,0.8563847670601852,0.5402566203960557,0.6234857171520096,0.5673076923076923,0.9322033898305084,0.8260869565217391,0.8148475475033143
0.8269230769230769,0.7021760731319555,0.7145833333333333,0.7021760731319555,0.697510162601626,0.8528724644727593,0.6416641791176126,0.547362013320739,0.5480769230769231,0.9649122807017544,0.8888888888888888,0.8594594594594596
0.8269230769230769,0.7156517094017094,0.7761904761904762,0.7156517094017094,0.739412022118789,0.9265651457798312,0.6339659654355662,0.4965797182768124,0.5384615384615384,0.9821428571428571,0.9444444444444444,0.8940972222222221
0.7596153846153846,0.6660014005602242,0.7922885572139302,0.6660014005602242,0.6870943870943871,0.879327924894904,0.5575898605790177,0.6341828533277515,0.5480769230769231,0.9473684210526315,0.88,0.8508986928104575
0.7692307692307693,0.6538529963187497,0.6910408432147563,0.6538529963187497,0.6288323374590981,0.8775035159971888,0.5446746568002371,0.5566785880961922,0.5961538461538461,0.9354838709677419,0.8333333333333334,0.829871851524525
0.8076923076923077,0.6789852304558187,0.698409090909091,0.6789852304558187,0.6849691758598313,0.930300359912423,0.635696840255103,0.4763414202771377,0.5384615384615384,1.0,1.0,0.9003267973856209
0.75,0.5278049575994781,0.5666833166833167,0.5278049575994781,0.545050505050505,0.825556860242445,0.44675195100264825,0.6831470014478918,0.5192307692307693,0.9259259259259259,0.8461538461538461,0.7918692001767564
0.7884615384615384,0.6982142857142857,0.6859903381642511,0.6982142857142857,0.6805273172766135,0.8301648978277714,0.5926910901282254,0.69007209103263,0.5384615384615384,0.875,0.6818181818181818,0.796218487394958
0.8365384615384616,0.7244949494949495,0.6747076023391813,0.7244949494949495,0.6760651629072681,0.8578953343923101,0.6433785972671429,0.49203471416281286,0.5673076923076923,0.9661016949152542,0.8823529411764706,0.8864583333333332
0.8076923076923077,0.699465811965812,0.7292857142857143,0.699465811965812,0.6847662141779789,0.9088241411891518,0.5606192662393552,0.48372414911675893,0.6057692307692307,0.9841269841269841,0.95,0.8772189349112426
0.7788461538461539,0.6814182194616977,0.6438521156263092,0.6814182194616977,0.6530453572438305,0.8707707234993205,0.6079616258592779,0.5812417579671627,0.5384615384615384,0.9642857142857143,0.9130434782608695,0.8757763975155279
0.7884615384615384,0.6892045454545455,0.7687878787878788,0.6892045454545455,0.6870487236340895,0.9315359489780712,0.6200113563511351,0.5431597995271715,0.5384615384615384,0.9464285714285714,0.8636363636363636,0.8855661881977671
0.8076923076923077,0.7153966131907309,0.7399585921325051,0.7153966131907309,0.7189645369658251,0.8925466365825608,0.6364239375478655,0.5892420446389122,0.5096153846153846,0.9245283018867925,0.8,0.8419117647058824
0.7596153846153846,0.6361111111111112,0.6500094108789761,0.6361111111111112,0.6372978209420104,0.8469421299775065,0.543121990346155,0.625357126065694,0.49038461538461536,0.9607843137254902,0.92,0.8365546218487394
0.8269230769230769,0.6222753185781355,0.6634062140391255,0.6222753185781355,0.6391304347826087,0.8321899769574894,0.6274510546927837,0.5956260127737889,0.5673076923076923,0.9322033898305084,0.7777777777777778,0.804950917626974
0.7788461538461539,0.6651515151515152,0.6433996133664733,0.6651515151515152,0.6453775203775203,0.8918122407618927,0.5306412589856481,0.5320139678526753,0.5192307692307693,0.9814814814814815,0.9565217391304348,0.8662818662818663
0.8269230769230769,0.6799581492676121,0.5988805970149254,0.6799581492676121,0.6243028002990052,0.9004417528363067,0.6785163237215943,0.5192203274817591,0.6057692307692307,0.9365079365079365,0.7777777777777778,0.8890269151138717
0.7596153846153846,0.5779671717171717,0.6271645021645021,0.5779671717171717,0.5873251468889052,0.7658821721694411,0.48095798133944867,0.8083055028901023,0.5673076923076923,0.8813559322033898,0.72,0.7469618055555556
0.8076923076923077,0.6759023634023634,0.7078828828828829,0.6759023634023634,0.6808711265233005,0.8728880194400411,0.5867720481308667,0.5617054724933586,0.5673076923076923,0.9830508474576272,0.95,0.8283783783783784
0.7980769230769231,0.7269830659536543,0.8067307692307693,0.7269830659536543,0.7352349171036602,0.9066265837508709,0.6371939720849942,0.5836639153314205,0.4807692307692308,0.96,0.9047619047619048,0.8852124183006536
0.7884615384615384,0.6778900112233446,0.6372065727699531,0.6778900112233446,0.6386926367643245,0.8505586287326354,0.5369765263979555,0.5549859510259354,0.5096153846153846,0.9811320754716981,0.9545454545454546,0.8341384863123994
0.8942307692307693,0.8446969696969697,0.83204185520362,0.8446969696969697,0.8310700415160037,0.9689574008334619,0.811763997408337,0.4166026854269716,0.5384615384615384,0.9642857142857143,0.8181818181818182,0.9481658692185008
0.7884615384615384,0.7007868937048504,0.7274159663865546,0.7007868937048504,0.7095588235294118,0.8648924262687532,0.5953308764130604,0.6939911771695957,0.5673076923076923,0.8813559322033898,0.6818181818181818,0.8108660130718953
0.8076923076923077,0.771875,0.6978668390433097,0.771875,0.722146193113935,0.8780706752397929,0.6421591090254034,0.6467120354417932,0.5096153846153846,0.9433962264150944,0.85,0.8605042016806723
0.7980769230769231,0.7412429378531074,0.8415111940298508,0.7412429378531074,0.7769821819886005,0.8428662109499596,0.6568403267008279,0.7795066541723739,0.5192307692307693,0.8518518518518519,0.6190476190476191,0.8237288135593221
0.7788461538461539,0.6914744459520579,0.7440217391304348,0.6914744459520579,0.698546918767507,0.8516297275822412,0.5860230093549854,0.6850793970284637,0.5769230769230769,0.9333333333333333,0.8260869565217391,0.7995159338442921
0.8173076923076923,0.7068681318681319,0.7551724137931034,0.7068681318681319,0.7251727804359384,0.9120123790739855,0.7021113619531062,0.5583315246213622,0.5384615384615384,0.9285714285714286,0.7894736842105263,0.9010416666666667
0.7788461538461539,0.6696428571428572,0.6573879551820728,0.6696428571428572,0.6553571428571429,0.8840518979422939,0.5694643275689292,0.5793517896203743,0.5096153846153846,0.9622641509433962,0.9130434782608695,0.8541666666666666
0.7596153846153846,0.6605392156862746,0.745,0.6605392156862746,0.6697471621934672,0.8786993778901548,0.5559629908396653,0.6076907678845243,0.5192307692307693,0.9444444444444444,0.88,0.8598856209150326
0.7884615384615384,0.6234398782343987,0.5717037671232876,0.6234398782343987,0.5844716242661449,0.8584726593066342,0.5586015795208978,0.5638342118000723,0.6057692307692307,0.9523809523809523,0.8636363636363636,0.824569155987627
0.8557692307692307,0.7226027397260274,0.7080399061032864,0.7226027397260274,0.7130681818181818,0.9564296913636807,0.7023317422490226,0.38397382531184243,0.5673076923076923,0.9830508474576272,0.9333333333333333,0.9518338488731771
0.8365384615384616,0.7168055555555556,0.6619047619047619,0.7168055555555556,0.6762452107279694,0.8597607712790336,0.664618621959407,0.5026457268986484,0.5576923076923077,0.9655172413793104,0.8823529411764706,0.8832183908045976
0.7788461538461539,0.6319597069597069,0.6507246376811594,0.6319597069597069,0.6329130162703379,0.8175117800869003,0.5595458447990717,0.7301213718838765,0.47115384615384615,0.9183673469387755,0.8260869565217391,0.8138020833333334
0.7980769230769231,0.6953227931488801,0.689327485380117,0.6953227931488801,0.6787878787878788,0.8751008200041461,0.6369365094562992,0.6014881105782828,0.5096153846153846,0.9622641509433962,0.9047619047619048,0.870807453416149
0.8653846153846154,0.7997737556561086,0.7289690069576217,0.7997737556561086,0.7564102564102564,0.9567356898380655,0.7617401836733286,0.4078283749810254,0.6057692307692307,0.9841269841269841,0.9285714285714286,0.946078431372549
0.7692307692307693,0.6696695095948827,0.696455223880597,0.6696695095948827,0.6627367364856389,0.8226471611792348,0.5760390751295653,0.7383379912481747,0.5576923076923077,0.8793103448275862,0.7083333333333334,0.8128277531262605
0.7788461538461539,0.7406178489702517,0.727994227994228,0.7406178489702517,0.7254629629629629,0.900815840480016,0.584023018156484,0.6128987662707631,0.47115384615384615,0.9795918367346939,0.9565217391304348,0.8530020703933746
0.8557692307692307,0.7249481523378583,0.7785714285714286,0.7249481523378583,0.748615184099055,0.8807307097595813,0.7321693340589166,0.5775210512590664,0.5769230769230769,0.9333333333333333,0.7333333333333333,0.869033530571992
0.8365384615384616,0.6891447368421053,0.7056425309849967,0.6891447368421053,0.6917562816891676,0.8824455136420597,0.6391518835065786,0.525589969167694,0.5865384615384616,0.9836065573770492,0.9411764705882353,0.8825187969924813
0.8076923076923077,0.67818605006105,0.7715484363081617,0.67818605006105,0.6905558414822439,0.8583217312658102,0.6487158430545495,0.6817458393714998,0.5288461538461539,0.9272727272727272,0.8,0.846153846153846
0.7596153846153846,0.6483268983268984,0.621969696969697,0.6483268983268984,0.6268288474810214,0.8813793179825788,0.5327962277990286,0.554161517684088,0.5,0.9807692307692307,0.96,0.8711711711711712
0.8076923076923077,0.7244041170097508,0.740622335890878,0.7244041170097508,0.7273809523809524,0.8491877037169224,0.623543634731501,0.6293318407436352,0.5673076923076923,0.9491525423728814,0.85,0.8267178830559113
0.7596153846153846,0.6813725490196079,0.6877289377289377,0.6813725490196079,0.6785362409647306,0.8799961456805658,0.5607707763777245,0.6409361706921488,0.5192307692307693,0.9444444444444444,0.88,0.8488562091503268
0.8269230769230769,0.6845561594202899,0.7335144927536231,0.6845561594202899,0.686292270531401,0.8303956056236723,0.6648949547941337,0.6605029211599263,0.5961538461538461,0.9193548387096774,0.7222222222222222,0.85175983436853
0.7307692307692307,0.7149826702833032,0.619949494949495,0.7149826702833032,0.6312260536398467,0.8573853292596438,0.4582184300581329,0.6678767536475048,0.46153846153846156,0.9583333333333334,0.9285714285714286,0.8177215189873418
0.7788461538461539,0.7321428571428572,0.6642498430634024,0.7321428571428572,0.6794346182917611,0.9379770319455436,0.6152129816180476,0.5150561662232477,0.46153846153846156,0.9791666666666666,0.9565217391304348,0.8931419457735247
0.7115384615384616,0.6336538461538461,0.5914772727272727,0.6336538461538461,0.5923585371880404,0.8382669386224677,0.44545135800198177,0.6297762060123512,0.46153846153846156,0.9791666666666666,0.9666666666666667,0.814595660749507
0.7692307692307693,0.7486044657097288,0.6976636302294197,0.7486044657097288,0.7159504452187379,0.8684851452542739,0.61410866481732,0.7076151469411064,0.49038461538461536,0.9215686274509803,0.8333333333333334,0.8361244019138757
0.8076923076923077,0.7424242424242424,0.7426470588235294,0.7424242424242424,0.7348945972357951,0.8881909935890984,0.6597428800859372,0.5897576968115013,0.5480769230769231,0.9473684210526315,0.85,0.8740031897926634
0.7884615384615384,0.7029761904761905,0.7080357142857143,0.7029761904761905,0.6770083463745435,0.9081054357691658,0.5826989424955166,0.5408554655465376,0.4807692307692308,0.98,0.9545454545454546,0.8641493055555556
0.8076923076923077,0.6246311233523509,0.6071428571428571,0.6246311233523509,0.6137220749716017,0.8938915404042569,0.6216905175613573,0.5319166104519977,0.5673076923076923,0.9830508474576272,0.95,0.8761904761904762
0.7980769230769231,0.6871476715686274,0.7333333333333334,0.6871476715686274,0.6984132673787846,0.8686582596128096,0.6383904442650955,0.6415349432904467,0.5384615384615384,0.9464285714285714,0.8571428571428571,0.850390625
0.7692307692307693,0.686796281749149,0.6601382488479263,0.686796281749149,0.6591876688063418,0.9197403818726129,0.5961990831754769,0.525310676888025,0.47115384615384615,0.9795918367346939,0.9583333333333334,0.8935054457442517
0.7980769230769231,0.6516666666666667,0.6416666666666666,0.6516666666666667,0.6299397920087575,0.8363364002974631,0.5862076199875091,0.5999485677020422,0.5673076923076923,0.9491525423728814,0.8571428571428571,0.8422988505747125
0.7403846153846154,0.6679029304029304,0.6643772893772893,0.6679029304029304,0.6627329192546585,0.8856261987991895,0.5511872801077166,0.6904868221911946,0.5288461538461539,0.9272727272727272,0.8518518518518519,0.8469428007889547
0.8269230769230769,0.7413043478260869,0.8000992063492064,0.7413043478260869,0.7650494074015836,0.8579218469809526,0.6580049634245451,0.6610978232239211,0.5384615384615384,0.9464285714285714,0.8333333333333334,0.8227743271221531
0.8173076923076923,0.6120349245349245,0.7221153846153846,0.6120349245349245,0.6364538239538239,0.8856182002394283,0.580500028439666,0.5602458818674838,0.5576923076923077,0.9655172413793104,0.8947368421052632,0.8472972972972973
0.7307692307692307,0.6123074229691876,0.5947916666666666,0.6123074229691876,0.5969696969696969,0.8056064269241626,0.4991523360778149,0.7368678546507256,0.4807692307692308,0.9,0.8214285714285714,0.7504084967320261
0.8076923076923077,0.790818250377074,0.783685064935065,0.790818250377074,0.7651287309182047,0.9007460323765902,0.6587147229234412,0.5682392736767587,0.5,0.9615384615384616,0.9,0.8570261437908497
0.6346153846153846,0.5473582394834766,0.5710144927536231,0.5473582394834766,0.5382322806171649,0.8287668906845443,0.3990037637041663,0.8315233581440441,0.4519230769230769,0.8723404255319149,0.8421052631578947,0.7776497695852534
0.7884615384615384,0.6762060234541578,0.6686480978260869,0.6762060234541578,0.6627856169840902,0.8579127244068485,0.6190709652995143,0.5954776762527653,0.6057692307692307,0.9365079365079365,0.8181818181818182,0.8572004840661557
0.7115384615384616,0.5853990857946554,0.6115356885364096,0.5853990857946554,0.5823428764218238,0.824858161688504,0.3538811931056745,0.6332688384078531,0.5480769230769231,0.9473684210526315,0.9,0.7483544303797469
0.7596153846153846,0.6744318181818182,0.6593390804597701,0.6744318181818182,0.6586108127461511,0.8395947008327154,0.5824535703170773,0.6460263392207743,0.4807692307692308,0.92,0.84,0.8401116427432217
0.7788461538461539,0.7528318230277186,0.7248263888888888,0.7528318230277186,0.7354505521462189,0.8494517411332138,0.6021195716718677,0.7110703774826619,0.49038461538461536,0.9411764705882353,0.8695652173913043,0.8277531262605888
0.7403846153846154,0.6149806076276665,0.6734949832775919,0.6149806076276665,0.6230728335991493,0.8600818212616739,0.5282934307566243,0.6708943315967362,0.4230769230769231,0.9772727272727273,0.9629629629629629,0.8656045751633987
0.8461538461538461,0.7714962121212121,0.7608064516129033,0.7714962121212121,0.7634632616487456,0.941578173584027,0.7245405608019988,0.506752378848342,0.5,0.9807692307692307,0.9375,0.9066985645933014
0.7692307692307693,0.6944232238349886,0.6499999999999999,0.6944232238349886,0.6590803349875931,0.8188439817356535,0.6024563131349335,0.6881732910150997,0.4807692307692308,0.9,0.7916666666666666,0.8165849673202614
0.8365384615384616,0.6539812646370023,0.6490384615384616,0.6539812646370023,0.651180797522261,0.9427882332730089,0.7136540403095646,0.43576884649214837,0.5673076923076923,0.9661016949152542,0.8823529411764706,0.9275638581776592
0.7788461538461539,0.7539855072463768,0.7177419354838709,0.7539855072463768,0.7309295652644686,0.9097182494279176,0.5990126549021736,0.5401119695153976,0.5,0.9615384615384616,0.9130434782608695,0.8720496894409938
0.7692307692307693,0.6606965174129353,0.6290346352247604,0.6606965174129353,0.6379281537176273,0.888296872482685,0.6049036550358684,0.562916522751869,0.4423076923076923,1.0,1.0,0.8753529649052038
0.8076923076923077,0.6657738095238095,0.7178571428571429,0.6657738095238095,0.6692460317460318,0.8736171173014661,0.6195020453280979,0.565536048867874,0.5192307692307693,1.0,1.0,0.8915966386554622
0.7980769230769231,0.7046703296703297,0.7007246376811593,0.7046703296703297,0.6922660193736696,0.867922513868192,0.6113188812988142,0.6200594434624366,0.49038461538461536,0.9607843137254902,0.9047619047619048,0.8428571428571429
0.8076923076923077,0.6767857142857142,0.6990327380952381,0.6767857142857142,0.683635010562704,0.9003360037658819,0.6590004143458936,0.5581601546795066,0.5480769230769231,0.9649122807017544,0.9,0.8834688346883468
0.7884615384615384,0.6706349206349207,0.6583646616541353,0.6706349206349207,0.6542624042624042,0.8375595852376039,0.5861620338462933,0.6505478723983491,0.5576923076923077,0.9482758620689655,0.8636363636363636,0.8264705882352942
0.8365384615384616,0.7269230769230769,0.879955242966752,0.7269230769230769,0.7462231159293582,0.9287338312728937,0.6989460558677827,0.5098319776847746,0.49038461538461536,0.9607843137254902,0.8823529411764706,0.917948717948718
0.7596153846153846,0.6656350406350406,0.681046365914787,0.6656350406350406,0.6683333333333333,0.8211615215647474,0.4690005633676641,0.7081660322989909,0.5961538461538461,0.9193548387096774,0.8,0.7581081081081081
0.8173076923076923,0.7137282338308458,0.7186868686868687,0.7137282338308458,0.7137969557324396,0.9092155697386091,0.6631466952165794,0.5224744737008612,0.5,0.9615384615384616,0.8947368421052632,0.8943122226704316
0.7596153846153846,0.6351010101010102,0.6665307635285396,0.6351010101010102,0.6352510392832973,0.8374918336358714,0.5157647519056234,0.6725896436120474,0.49038461538461536,0.9019607843137255,0.8,0.8072916666666667
0.7211538461538461,0.6380112942612943,0.596547619047619,0.6380112942612943,0.598093483093483,0.8671906295198026,0.5123415107862499,0.6379258380258735,0.5,0.9807692307692307,0.9655172413793104,0.865017361111111
0.8173076923076923,0.7258964267866067,0.8823809523809523,0.7258964267866067,0.766750295159386,0.8846892585669166,0.6936052472809645,0.6612247321551513,0.5673076923076923,0.9152542372881356,0.7368421052631579,0.8504497751124438
0.8461538461538461,0.7731209150326798,0.7847431077694235,0.7731209150326798,0.7763888888888889,0.919954057765657,0.7446974633611297,0.5333123331615292,0.5288461538461539,0.9636363636363636,0.875,0.918939393939394
0.8269230769230769,0.6912330316742081,0.7931949806949806,0.6912330316742081,0.7171219912064982,0.7989604408006016,0.6599219890150174,0.7624505641125341,0.5288461538461539,0.8909090909090909,0.6666666666666666,0.7785947712418301
0.8173076923076923,0.7660798122065728,0.7253645477329688,0.7660798122065728,0.742477788420253,0.9177401964684649,0.653985101439268,0.5015917785868932,0.5096153846153846,0.9622641509433962,0.8947368421052632,0.9039692701664532
0.7788461538461539,0.6858893557422969,0.706340579710145,0.6858893557422969,0.692714940098661,0.9008185187189311,0.6297831962604873,0.556875919838012,0.5576923076923077,0.9655172413793104,0.9130434782608695,0.8818181818181818
0.8269230769230769,0.8588904694167853,0.6922619047619047,0.8588904694167853,0.7180921052631579,0.9334089969028379,0.6386298989540942,0.5066715237160149,0.5769230769230769,0.9666666666666667,0.8888888888888888,0.8873873873873874
0.8173076923076923,0.7462026198439242,0.7512759170653908,0.7462026198439242,0.7407617845117844,0.8854451265210342,0.6600697983359718,0.5480591822182316,0.5576923076923077,0.9655172413793104,0.8947368421052632,0.8807453416149067
0.7884615384615384,0.6832459207459207,0.8507042253521127,0.6832459207459207,0.7106410746116628,0.8648939051803691,0.6084482826595224,0.6354732211271359,0.5480769230769231,0.9122807017543859,0.7727272727272727,0.821301775147929
0.7307692307692307,0.645248440285205,0.6424394319131161,0.645248440285205,0.6341587663137158,0.7826760927334868,0.5207585898278504,0.7888181418430154,0.625,0.8769230769230769,0.7142857142857143,0.7810457516339869
0.8269230769230769,0.7533700980392157,0.805376526458616,0.7533700980392157,0.7549557654820813,0.9009282795055822,0.6781488843797435,0.5777967974820114,0.5673076923076923,0.9491525423728814,0.8333333333333334,0.875
0.8173076923076923,0.7437343358395989,0.8143965517241379,0.7437343358395989,0.7659530083443127,0.9107452563971263,0.7038072613289812,0.5405086242454783,0.5192307692307693,0.9444444444444444,0.8421052631578947,0.8973497573721538
0.8076923076923077,0.7305722446567517,0.7798611111111111,0.7305722446567517,0.71932186587359,0.8739193098749943,0.6186300322527081,0.6556845002271471,0.5192307692307693,0.9259259259259259,0.8,0.8395219803670508
0.7884615384615384,0.7172619047619048,0.6577380952380952,0.7172619047619048,0.6748251748251748,0.8924681285557702,0.6344823333362297,0.5307886543851165,0.5576923076923077,0.9655172413793104,0.9090909090909091,0.911764705882353
0.7884615384615384,0.758578431372549,0.7327464788732394,0.758578431372549,0.7414509950481174,0.8726603703568886,0.5790122445862048,0.7080475504840893,0.40384615384615385,0.9285714285714286,0.8636363636363636,0.8280228758169934
0.7692307692307693,0.7261268143621085,0.6942857142857143,0.7261268143621085,0.6852735368956743,0.8910022990134471,0.5936265343202911,0.6117776304507696,0.4807692307692308,0.96,0.9166666666666666,0.8525326797385621
0.8173076923076923,0.7169117647058824,0.6911319073083779,0.7169117647058824,0.6807180966531274,0.9145657084743323,0.6668656054545118,0.5308767422049657,0.46153846153846156,0.9791666666666666,0.9473684210526315,0.9007352941176471
0.7788461538461539,0.6618662039714671,0.666122159090909,0.6618662039714671,0.6623533501015066,0.8819307817593974,0.603658516071805,0.640504854370553,0.5480769230769231,0.9298245614035088,0.8260869565217391,0.841025641025641
0.7788461538461539,0.5996969696969697,0.5525114155251141,0.5996969696969697,0.5696644920782852,0.8440489283774492,0.5265148419701808,0.600779337875297,0.5576923076923077,0.9655172413793104,0.9130434782608695,0.8597701149425288
0.8173076923076923,0.689935064935065,0.6262987012987012,0.689935064935065,0.6482426303854876,0.8220478595478595,0.6161779053785899,0.54587917792234,0.5769230769230769,0.95,0.8421052631578947,0.8335738335738335
0.8076923076923077,0.6517857142857143,0.6309523809523809,0.6517857142857143,0.6407563025210085,0.8764134631125177,0.6195074599398344,0.5723201924178482,0.5096153846153846,0.9811320754716981,0.95,0.8546218487394958
0.8173076923076923,0.7008928571428571,0.7098010437051533,0.7008928571428571,0.7048787419477074,0.8263503121931762,0.6202422685676969,0.6300898142289275,0.5192307692307693,0.9444444444444444,0.8421052631578947,0.8068576388888888
0.7788461538461539,0.6059523809523809,0.6898544520547945,0.6059523809523809,0.630028305028305,0.8180217217973331,0.5484824575425494,0.7009923300735676,0.49038461538461536,0.9411764705882353,0.8695652173913043,0.7815126050420168
0.7596153846153846,0.6124846437346438,0.5793650793650793,0.6124846437346438,0.578337895377129,0.8507139204275702,0.5570964418116188,0.5379937065449301,0.5,0.9807692307692307,0.96,0.8693693693693694
0.7980769230769231,0.6141524520255863,0.6095805921052632,0.6141524520255863,0.6063200605185338,0.8129921893568081,0.6330641428631288,0.6177971671447925,0.5769230769230769,0.9333333333333333,0.8095238095238095,0.8487293263412666
0.7307692307692307,0.5386029411764706,0.5719924812030075,0.5386029411764706,0.55297695262484,0.8712298125251523,0.45322309195263266,0.6379580500924988,0.5673076923076923,0.9491525423728814,0.8928571428571429,0.8094618055555556
0.7692307692307693,0.7075320512820512,0.6618778280542987,0.7075320512820512,0.6751125304136253,0.8245212879592172,0.5675211004946938,0.7069218283494555,0.4519230769230769,0.9148936170212766,0.8333333333333334,0.8077256944444444
0.75,0.6377327010888655,0.6421826625386997,0.6377327010888655,0.6333570433227262,0.825873084490321,0.5068932730339888,0.6719937656063248,0.5,0.9615384615384616,0.9230769230769231,0.8144056562085727
0.7980769230769231,0.7260416666666667,0.631877990430622,0.7260416666666667,0.6393168259331609,0.9227742848807913,0.6162966696920767,0.48339305080708156,0.5192307692307693,0.9444444444444444,0.8571428571428571,0.8836781609195403
0.7980769230769231,0.7351774042950514,0.7376645493878302,0.7351774042950514,0.7333847525023995,0.9415714355159353,0.5879879957772414,0.4910654911265033,0.5192307692307693,1.0,1.0,0.8897569444444444
0.7596153846153846,0.6222319347319347,0.6420711770623742,0.6222319347319347,0.6234778104343321,0.8774806046973774,0.5150455208828272,0.6044681267566145,0.5576923076923077,0.9655172413793104,0.92,0.8433159722222222
0.7596153846153846,0.6480769230769231,0.6992753623188406,0.6480769230769231,0.652436422597713,0.8414155482065065,0.5550950587302854,0.7134079848298668,0.5096153846153846,0.9056603773584906,0.8,0.7902711323763955
0.7692307692307693,0.6707761721846228,0.6350274725274725,0.6707761721846228,0.6333412087405496,0.8538922343249357,0.5725287216098139,0.616403029047108,0.6153846153846154,0.9375,0.8333333333333334,0.8318395219803671
0.7019230769230769,0.5178571428571428,0.5226093402520385,0.5178571428571428,0.5167137826712295,0.7238745498199279,0.40477288507807535,0.8525118591234858,0.5288461538461539,0.8545454545454545,0.7419354838709677,0.7067226890756302
0.8557692307692307,0.7236111111111111,0.6752450980392156,0.7236111111111111,0.6833166833166833,0.9214916061705989,0.7151466990369354,0.43543960678948435,0.5576923076923077,1.0,1.0,0.9190804597701149
0.8365384615384616,0.7532051282051282,0.657394366197183,0.7532051282051282,0.6857622243528284,0.8670234365935723,0.6491844353381332,0.6283182895954612,0.5673076923076923,0.9322033898305084,0.7647058823529411,0.8259368836291913
0.8461538461538461,0.6930261519302615,0.6171497584541062,0.6930261519302615,0.6442447790189413,0.8773316461120262,0.6939980069575119,0.48921584126369666,0.6057692307692307,0.9523809523809523,0.8125,0.8798055678303137
0.7692307692307693,0.6162280701754386,0.5917023882424985,0.6162280701754386,0.6026473526473526,0.8755147376434624,0.5206564094644108,0.5507165656973068,0.5288461538461539,0.9818181818181818,0.9583333333333334,0.8654513888888888
0.7788461538461539,0.6917249417249417,0.6583333333333333,0.6917249417249417,0.6688311688311688,0.8327515229987758,0.5346814421876134,0.630585507076124,0.5384615384615384,0.9464285714285714,0.8695652173913043,0.8244348244348244
0.8557692307692307,0.7777083333333333,0.6985576923076923,0.7777083333333333,0.725,0.9507933950722659,0.7281221199376376,0.3969773873277939,0.5576923076923077,1.0,1.0,0.9664367816091954
0.7788461538461539,0.6488636363636364,0.603344882729211,0.6488636363636364,0.6178332621994593,0.811617664408265,0.5637187371936887,0.6698684984214748,0.4519230769230769,0.9574468085106383,0.9130434782608695,0.8193103448275862
0.7692307692307693,0.6746031746031746,0.665962621607783,0.6746031746031746,0.6698119658119658,0.8811124326834155,0.6010794220301888,0.6920049108606272,0.5,0.9423076923076923,0.875,0.8281068524970964
0.7884615384615384,0.6475137403446227,0.7208333333333333,0.6475137403446227,0.6506132756132756,0.8500346952686255,0.587178582930711,0.6590962265673059,0.5769230769230769,0.9333333333333333,0.8181818181818182,0.8316993464052287
0.8269230769230769,0.728136446886447,0.7205234833659491,0.728136446886447,0.6709283787098357,0.8622935011035973,0.6247456886540174,0.5468842886341487,0.5673076923076923,0.9830508474576272,0.9444444444444444,0.873767258382643
0.7884615384615384,0.6303391053391054,0.5909090909090909,0.6303391053391054,0.6000253549695741,0.8433837251966417,0.6020027982403776,0.5996292934968744,0.5384615384615384,0.9285714285714286,0.8181818181818182,0.842436974789916
0.7884615384615384,0.7235360360360361,0.6876487129569544,0.7235360360360361,0.6999454446262957,0.9011391450007521,0.5820918976192633,0.49522428932832374,0.5769230769230769,0.9833333333333333,0.9545454545454546,0.8986486486486487
0.8557692307692307,0.9209134615384615,0.7237060041407867,0.9209134615384615,0.7794540635045966,0.9596817545435334,0.7042706052101404,0.4153992879302678,0.5576923076923077,0.9827586206896551,0.9333333333333333,0.9359375
0.7788461538461539,0.5860042735042735,0.6314102564102564,0.5860042735042735,0.5967365967365967,0.7958349148110662,0.47035688142988397,0.6950083339821937,0.6057692307692307,0.9365079365079365,0.8260869565217391,0.782051282051282
0.7596153846153846,0.6433057598039216,0.6977611940298507,0.6433057598039216,0.6652365049073063,0.8658927027168626,0.563600473935983,0.7104111919782107,0.5673076923076923,0.8983050847457628,0.76,0.8191406250000001
0.7692307692307693,0.6478466386554622,0.8130252100840336,0.6478466386554622,0.6400093370681605,0.8301590948879551,0.5665926681904714,0.7114496562001644,0.5576923076923077,0.9310344827586207,0.8333333333333334,0.8116830065359478
0.7692307692307693,0.7498917748917749,0.6826923076923077,0.7498917748917749,0.7030039314477652,0.8987662675443574,0.5498680061299323,0.525541195505231,0.49038461538461536,0.9803921568627451,0.9583333333333334,0.8754208754208753
0.6826923076923077,0.6441329856584095,0.6604761904761904,0.6441329856584095,0.6432072829131652,0.8751904332086862,0.4776436582909527,0.7018693686515876,0.4423076923076923,0.9347826086956522,0.9090909090909091,0.8225988700564972
0.7884615384615384,0.705365515771526,0.7251825215211942,0.705365515771526,0.7136536994660565,0.857402041334453,0.5907252549477237,0.626980727979398,0.5384615384615384,0.9107142857142857,0.7727272727272727,0.8265010351966874
0.7211538461538461,0.6747658079625293,0.7222525804493019,0.6747658079625293,0.6940082875630651,0.8198269093169527,0.5203437757056765,0.8074316557941644,0.4519230769230769,0.8936170212765957,0.8275862068965517,0.7834540602363707
0.7596153846153846,0.6101033834586467,0.5978506787330317,0.6101033834586467,0.5990338164251208,0.8173587124672848,0.5293583684698903,0.7333762644688749,0.5769230769230769,0.9,0.76,0.8256302521008403
0.7884615384615384,0.6628089832424198,0.7320772058823529,0.6628089832424198,0.6827993530533638,0.865995775966976,0.6498445935427641,0.6922147239520142,0.5384615384615384,0.9107142857142857,0.7727272727272727,0.851063829787234
0.7596153846153846,0.6475732600732601,0.7052696078431372,0.6475732600732601,0.6511444515972461,0.834602891302306,0.553405305541705,0.7767504282781272,0.6057692307692307,0.873015873015873,0.68,0.7988165680473372
0.7596153846153846,0.6285936285936287,0.6219298245614036,0.6285936285936287,0.6183730383815466,0.8330720695368243,0.589945308649452,0.6765835309454756,0.47115384615384615,0.9387755102040817,0.88,0.8164924506387922
0.8269230769230769,0.7379697927643133,0.7001633986928104,0.7379697927643133,0.7144818119423473,0.8637990226434648,0.6596362210442164,0.5567321046657507,0.5673076923076923,0.9322033898305084,0.7777777777777778,0.876270437472382
0.8365384615384616,0.6937229437229437,0.7211538461538461,0.6937229437229437,0.703015427769986,0.8679544235419812,0.6122654022804523,0.5348709627989423,0.6442307692307693,0.9402985074626866,0.7647058823529411,0.8465608465608465
0.7692307692307693,0.6053046218487395,0.6558415032679739,0.6053046218487395,0.6159703200025781,0.8385418490312793,0.5487361169941264,0.6682006798706297,0.5192307692307693,0.9629629629629629,0.9166666666666666,0.8120915032679739
0.7884615384615384,0.6818248132586368,0.737937062937063,0.6818248132586368,0.6939896938549956,0.8616505374501949,0.6283371989015347,0.6492887791454424,0.4326923076923077,0.9333333333333333,0.8636363636363636,0.8222996515679442
0.7884615384615384,0.7433435739887353,0.7629936661698957,0.7433435739887353,0.7494467028003613,0.9252903461427666,0.6422637119444393,0.5449079470407797,0.4807692307692308,0.96,0.9090909090909091,0.8832565284178188
0.7403846153846154,0.6552109974424553,0.6516042780748663,0.6552109974424553,0.6486892583120205,0.7797133283598296,0.5156867355419481,0.8603452875577642,0.5480769230769231,0.8596491228070176,0.7037037037037037,0.7432712215320911
0.7788461538461539,0.6343344155844156,0.5686507936507936,0.6343344155844156,0.576268969126112,0.8377169199434824,0.5404209255033611,0.5887947942409819,0.46153846153846156,0.9375,0.8695652173913043,0.8273208273208273
0.8269230769230769,0.793859649122807,0.7214673913043478,0.793859649122807,0.7286261631089217,0.8991626339785634,0.6545428102679762,0.5393900972749376,0.5,0.9230769230769231,0.7777777777777778,0.8773496240601504
0.8173076923076923,0.7993788819875777,0.7331604516806722,0.7993788819875777,0.7599846390168971,0.9462403538490496,0.6663151851023371,0.4717057332165663,0.5192307692307693,1.0,1.0,0.9213250517598343
0.7692307692307693,0.657897384305835,0.6458333333333333,0.657897384305835,0.6384690358374568,0.885215332398431,0.5743192720511117,0.5441042551581284,0.5384615384615384,0.9642857142857143,0.9166666666666666,0.8770806658130602
0.7980769230769231,0.7554794520547945,0.7391774891774892,0.7554794520547945,0.7198595961940125,0.8795504226173128,0.6220234979305566,0.582813589184216,0.5480769230769231,0.9122807017543859,0.7619047619047619,0.8767123287671234
0.8461538461538461,0.78803425058548,0.8151785714285714,0.78803425058548,0.7808289271703905,0.9434236446110629,0.7543919799699521,0.45295170323439543,0.5576923076923077,0.9827586206896551,0.9375,0.9325200152497141
0.7596153846153846,0.6460989621942179,0.6431213497728747,0.6460989621942179,0.6417765428062912,0.7976642427603489,0.5302771920937999,0.7888553396116975,0.5480769230769231,0.9122807017543859,0.8,0.7737942808365345
0.7980769230769231,0.5830325814536341,0.5367647058823529,0.5830325814536341,0.5434864782690869,0.7946274648590004,0.5938366415321105,0.5358291187769232,0.625,0.9384615384615385,0.8095238095238095,0.8528735632183908
0.8846153846153846,0.8759036144578314,0.7277263875365141,0.8759036144578314,0.7785829307568438,0.9533088280172362,0.6941157811568288,0.3865099068019489,0.5865384615384616,1.0,1.0,0.9334480780263913
0.7115384615384616,0.6668744671781757,0.6572199730094467,0.6668744671781757,0.6331845238095238,0.8788208508840352,0.5250753878933152,0.6436810742001058,0.5288461538461539,0.9818181818181818,0.9666666666666667,0.8438923395445135
0.7596153846153846,0.6056959403479703,0.5801449275362318,0.6056959403479703,0.5868421052631579,0.848183771048586,0.522714535214238,0.6819966905713033,0.5,0.9423076923076923,0.88,0.8019632949210415
0.7788461538461539,0.6303763440860215,0.672979797979798,0.6303763440860215,0.6443328373015873,0.8260171973265424,0.6080388230302504,0.8457492605725476,0.40384615384615385,0.8571428571428571,0.7391304347826086,0.7715053763440861
0.7788461538461539,0.7082432092555331,0.7359831278390655,0.7082432092555331,0.7130126738250309,0.8986545592750305,0.5740997184261641,0.5663097714905473,0.5192307692307693,1.0,1.0,0.8681177976952624
0.8269230769230769,0.7263513513513513,0.7591991341991342,0.7263513513513513,0.7258225586040156,0.8772580718590444,0.6185643915104846,0.5599177017515975,0.6153846153846154,0.921875,0.7222222222222222,0.8351351351351352
0.7596153846153846,0.6893406593406592,0.6284825870646766,0.6893406593406592,0.6403302109306557,0.9090854157475585,0.5305183768308471,0.5256840288585086,0.6057692307692307,0.9206349206349206,0.8,0.8685057471264368
0.875,0.81796875,0.8578754578754578,0.81796875,0.8340320691227574,0.9210603631581187,0.7788662885127526,0.5477140264540599,0.5384615384615384,0.9642857142857143,0.8461538461538461,0.90546875
0.7692307692307693,0.7638095238095237,0.6826032128954438,0.7638095238095237,0.7056114551083591,0.890766581512077,0.5864403661708857,0.5451059537371749,0.5192307692307693,0.9629629629629629,0.9166666666666666,0.8864367816091954
0.8557692307692307,0.8049358974358974,0.7573943661971831,0.8049358974358974,0.7755512067840835,0.9283404111025637,0.6986046211370457,0.4672787310756625,0.5576923076923077,0.9827586206896551,0.9333333333333333,0.9154022988505746
0.75,0.6695175438596491,0.6634382566585957,0.6695175438596491,0.6632648994557172,0.8452833286424617,0.5843490840614494,0.7580832899972075,0.5384615384615384,0.9285714285714286,0.8461538461538461,0.8098484848484848
0.7788461538461539,0.7251682194616977,0.71859375,0.7251682194616977,0.7178780284043441,0.8815789309126273,0.5898087572536839,0.6746679855987296,0.5192307692307693,0.9074074074074074,0.782608695652174,0.8124223602484473
0.75,0.6793107127614171,0.6116379310344828,0.6793107127614171,0.6279616779194799,0.8972868070031698,0.5771037038546004,0.5568186783579459,0.5576923076923077,0.9655172413793104,0.9230769230769231,0.8800682885189927
0.7788461538461539,0.5738294314381271,0.5984477124183006,0.5738294314381271,0.5752018726021136,0.8378143018205482,0.576475449219611,0.5686145444671875,0.4807692307692308,1.0,1.0,0.8517598343685301
0.8365384615384616,0.7429594861660079,0.7238805970149254,0.7429594861660079,0.7305882352941176,0.8596592391399215,0.6922517422684787,0.5957553179286342,0.5961538461538461,0.9193548387096774,0.7058823529411765,0.8583850931677017
0.8365384615384616,0.7323232323232324,0.7441780821917808,0.7323232323232324,0.7206896551724138,0.8764606686024078,0.6637544975917813,0.5343908502571134,0.6730769230769231,0.9,0.5882352941176471,0.8480902777777778
0.7884615384615384,0.7427838827838829,0.6634920634920635,0.7427838827838829,0.6824646156453937,0.8952207966094688,0.6094247208874001,0.5111877065523687,0.5384615384615384,1.0,1.0,0.8942528735632184
0.75,0.7254140786749482,0.6980803571428571,0.7254140786749482,0.7096964820076948,0.8774735142878525,0.533671356356232,0.6413769758519531,0.47115384615384615,0.9591836734693877,0.9230769230769231,0.8509316770186335
0.8461538461538461,0.694158692185008,0.7257246376811594,0.694158692185008,0.704778003155285,0.82733440498666,0.7122993935365335,0.6974328083861763,0.5769230769230769,0.9333333333333333,0.75,0.822567783094099
0.6923076923076923,0.6385299916977999,0.6276041666666666,0.6385299916977999,0.6165247364152474,0.859424513889556,0.4260645073129909,0.6954066943788899,0.49038461538461536,0.9411764705882353,0.90625,0.8152894387980556
0.7403846153846154,0.6199046920821114,0.6994646333549643,0.6199046920821114,0.6160803021268138,0.8340160225821358,0.547405565222135,0.798986792010158,0.47115384615384615,0.8775510204081632,0.7777777777777778,0.7968509984639017
0.7884615384615384,0.7624007936507936,0.6891666666666666,0.7624007936507936,0.7104700854700855,0.858624751984127,0.6313477559485509,0.5597471131627871,0.5961538461538461,0.9516129032258065,0.8636363636363636,0.8793402777777776
0.75,0.587080223880597,0.625,0.587080223880597,0.6035174930782784,0.8526220122768631,0.5213603114646945,0.6721419026494717,0.5769230769230769,0.9333333333333333,0.8461538461538461,0.8386446147640177
0.8365384615384616,0.8021929824561403,0.7152173913043478,0.8021929824561403,0.7400714429752542,0.884475869573035,0.6652199181060695,0.49673216961205025,0.5673076923076923,0.9661016949152542,0.8823529411764706,0.8914473684210528
0.8269230769230769,0.6979978354978356,0.7623626373626374,0.6979978354978356,0.7172619047619048,0.8709137740399729,0.6931055828892707,0.5765015420220725,0.5961538461538461,0.9354838709677419,0.7777777777777778,0.875725900116144
0.7788461538461539,0.6819852941176471,0.6796703296703297,0.6819852941176471,0.6756211180124223,0.9157820302746567,0.5739067222127964,0.5303822485409563,0.4807692307692308,1.0,1.0,0.8888888888888888
0.7788461538461539,0.7009157509157509,0.7070652173913043,0.7009157509157509,0.6896459330143541,0.8737890463170916,0.6226546670975098,0.6709986277852031,0.5288461538461539,0.9272727272727272,0.8260869565217391,0.8284023668639053
0.7596153846153846,0.7341269841269841,0.6937830687830687,0.7341269841269841,0.7078700069771497,0.8694175987929831,0.6127467387659091,0.694417160271455,0.5576923076923077,0.9310344827586207,0.84,0.872628726287263
0.7307692307692307,0.6767676767676767,0.6702707968049872,0.6767676767676767,0.6603363728470111,0.8915742242977012,0.5411616126925161,0.6331195649293104,0.3942307692307692,0.926829268292683,0.8928571428571429,0.8468899521531101
0.7788461538461539,0.6696942916993978,0.6885016025641025,0.6696942916993978,0.6674595272338386,0.8505335862928428,0.5969588021976968,0.5721947514474162,0.5192307692307693,0.9259259259259259,0.8260869565217391,0.845502218636547
0.7788461538461539,0.6318565400843882,0.5625,0.6318565400843882,0.5888364779874213,0.7963616848027241,0.4475822946461532,0.673995919759516,0.5288461538461539,0.8909090909090909,0.7391304347826086,0.7316455696202532
0.75,0.636437908496732,0.733201581027668,0.636437908496732,0.6501207577849913,0.8516999447663431,0.5255122209290412,0.663654276623373,0.4807692307692308,0.9,0.8076923076923077,0.8018790849673202
0.7307692307692307,0.6233974358974359,0.643661971830986,0.6233974358974359,0.6229911355842973,0.8259559175056008,0.49489482337573665,0.7801834104038983,0.5769230769230769,0.8666666666666667,0.7142857142857143,0.757177033492823
0.8076923076923077,0.7037579957356077,0.7105857268280447,0.7037579957356077,0.7066740611516731,0.8951741780962503,0.6429676278351065,0.5171274061680584,0.5673076923076923,0.9661016949152542,0.9,0.8693021379588545
0.7788461538461539,0.6996532156368221,0.7757575757575756,0.6996532156368221,0.7271825396825395,0.8557333102546707,0.6171340692514319,0.7296771991357983,0.4423076923076923,0.8913043478260869,0.782608695652174,0.8360655737704918
0.7115384615384616,0.5967956592956594,0.6083333333333334,0.5967956592956594,0.5855263157894737,0.8558773099147783,0.44004801623671774,0.5987913438425825,0.4423076923076923,0.9347826086956522,0.9,0.8256756756756757
0.7211538461538461,0.6339077589077589,0.5856617647058824,0.6339077589077589,0.5982913536603329,0.7834390546140053,0.42714704732172953,0.7236829845958804,0.4423076923076923,0.8913043478260869,0.8275862068965517,0.7534516765285997
0.7403846153846154,0.643011917659805,0.6470588235294118,0.643011917659805,0.615474750082853,0.8751529677341092,0.5027745285198642,0.6372971398486537,0.5,0.9423076923076923,0.8888888888888888,0.8326931284677764
0.8557692307692307,0.6640752032520325,0.7259036144578314,0.6640752032520325,0.6748917748917749,0.9051841069958247,0.5950645068429607,0.413347247489574,0.6346153846153846,0.9696969696969697,0.8666666666666667,0.897450110864745
0.7115384615384616,0.635576259489303,0.6018735362997658,0.635576259489303,0.5832336780866193,0.8372348793552665,0.5020764379202999,0.7072349084912838,0.4807692307692308,0.94,0.9,0.8066252587991718
0.7692307692307693,0.7221700083542189,0.700098814229249,0.7221700083542189,0.6919223675385646,0.8916207273562661,0.5524332928173399,0.6020238303875368,0.5384615384615384,0.9642857142857143,0.9166666666666666,0.8421052631578948
0.7980769230769231,0.6443104987881108,0.6460561497326204,0.6443104987881108,0.6404761904761904,0.8099454546046179,0.6274112109446692,0.6743663414179444,0.5769230769230769,0.9333333333333333,0.8095238095238095,0.8386446147640177
0.8076923076923077,0.7208333333333333,0.7703373015873015,0.7208333333333333,0.7121333624942285,0.8556644195036557,0.6633697664133251,0.6126124352487986,0.47115384615384615,0.9183673469387755,0.8,0.8608452950558214
0.7596153846153846,0.5689338235294118,0.5658967391304348,0.5689338235294118,0.5666313476179264,0.76660506058484,0.539203543472968,0.8216031816516,0.5961538461538461,0.8870967741935484,0.72,0.7794117647058824
0.7692307692307693,0.6543532338308458,0.6716151385927506,0.6543532338308458,0.6559256809915283,0.8780291373745255,0.5742658929118345,0.659921664811075,0.5384615384615384,0.9464285714285714,0.875,0.8608309802339653
0.8173076923076923,0.6671006944444444,0.6217774762550882,0.6671006944444444,0.642557251908397,0.8691138767764859,0.6714347642286931,0.5850941950462972,0.6442307692307693,0.9253731343283582,0.7368421052631579,0.871875
0.875,0.706140350877193,0.6819717444717445,0.706140350877193,0.6925,0.8871162280701755,0.7222068942759464,0.4768499943690271,0.5576923076923077,0.9827586206896551,0.9230769230769231,0.894736842105263
0.7980769230769231,0.820995670995671,0.6161764705882353,0.820995670995671,0.6456486042692939,0.9094307823920003,0.5894856737085727,0.5260746068770971,0.5192307692307693,0.9814814814814815,0.9523809523809523,0.8653198653198654
0.7692307692307693,0.7279233870967743,0.7098727422003284,0.7279233870967743,0.7164110083464923,0.903635640473198,0.615314131484488,0.5699865947912991,0.4807692307692308,0.98,0.9583333333333334,0.8652073732718895
0.7596153846153846,0.669543201896143,0.6613973458235753,0.669543201896143,0.6606171606171607,0.8982453655023714,0.5848776039929262,0.579264165071203,0.5865384615384616,0.9508196721311475,0.88,0.8603550295857989
0.8365384615384616,0.6130608974358975,0.5831081081081081,0.6130608974358975,0.589025974025974,0.9313466957263287,0.6229604156531564,0.40132776031230577,0.6442307692307693,1.0,1.0,0.9328125
0.7596153846153846,0.6589506172839505,0.6117238562091504,0.6589506172839505,0.6264394646747588,0.836554102574322,0.4588521901440778,0.5900603783425815,0.5865384615384616,0.9836065573770492,0.96,0.8244766505636071
0.8269230769230769,0.7583546590395907,0.7276119402985075,0.7583546590395907,0.7351130351130352,0.9151342164653503,0.6639370361441002,0.4855936704705347,0.5865384615384616,0.9836065573770492,0.9444444444444444,0.9072028281042863
0.7403846153846154,0.6065217391304347,0.6604691075514875,0.6065217391304347,0.6036208086432974,0.8195810373645867,0.5082595656306027,0.7626944101256026,0.6538461538461539,0.9117647058823529,0.7777777777777778,0.8178053830227743
0.7980769230769231,0.6438492063492064,0.6103174603174604,0.6438492063492064,0.6245598591549295,0.8331297429839634,0.5945574333589959,0.6680327024098289,0.5384615384615384,0.9285714285714286,0.8095238095238095,0.837673611111111
0.7115384615384616,0.6235795454545454,0.560578893442623,0.6235795454545454,0.5742993063367079,0.8374515059872922,0.5090514050625827,0.7762725572616811,0.5096153846153846,0.9433962264150944,0.9,0.818181818181818
0.8461538461538461,0.5807692307692308,0.6028481012658228,0.5807692307692308,0.5914150943396226,0.8316908173739499,0.610029472520269,0.6058662250646621,0.5096153846153846,0.9622641509433962,0.875,0.8244791666666665
0.7692307692307693,0.6243788819875776,0.6829246624022743,0.6243788819875776,0.6277238481599536,0.8481234775297515,0.5638243064539179,0.6493356601749638,0.5192307692307693,0.9444444444444444,0.875,0.8463768115942029
0.7788461538461539,0.6903364632237872,0.6676136363636364,0.6903364632237872,0.6452537113438415,0.8870342704936365,0.5900718991561102,0.6024935083384733,0.5384615384615384,0.9464285714285714,0.8695652173913043,0.8493384549722579
0.8173076923076923,0.7158761528326746,0.7247023809523809,0.7158761528326746,0.719354986070232,0.8523145515364449,0.6456364400830052,0.6465883897113027,0.5576923076923077,0.8793103448275862,0.631578947368421,0.8236024844720498
0.7884615384615384,0.6484580772607551,0.7143254262416605,0.6484580772607551,0.6526570048309179,0.8582214436522877,0.5934130653883204,0.629556370613403,0.6057692307692307,0.9206349206349206,0.7727272727272727,0.8567970956030658
0.7403846153846154,0.6381386357359846,0.7558719433719434,0.6381386357359846,0.6694428076460744,0.8168626440405219,0.4564473994051025,0.783034622411123,0.5673076923076923,0.8983050847457628,0.7777777777777778,0.737516005121639
0.7211538461538461,0.6534412955465587,0.6396739130434783,0.6534412955465587,0.6379928315412187,0.793923609830671,0.52799141198742,0.9229728639999355,0.5480769230769231,0.8070175438596491,0.6206896551724138,0.7507575757575757
0.8076923076923077,0.7352678571428571,0.6879595588235294,0.7352678571428571,0.700251542466877,0.9256612713690408,0.6509434426267908,0.47788006510666087,0.5865384615384616,0.9836065573770492,0.95,0.911764705882353
0.8269230769230769,0.7822657096424703,0.7285678137651822,0.7822657096424703,0.7442101518026566,0.9352037828793074,0.6807016871764817,0.4507914363836814,0.5192307692307693,0.9814814814814815,0.9444444444444444,0.9116517285531369
0.7115384615384616,0.6041873963515754,0.6371497844827586,0.6041873963515754,0.5982025878403985,0.8313592906188989,0.47800690107621047,0.7828231166869914,0.4807692307692308,0.92,0.8666666666666667,0.7692617991125454
0.7211538461538461,0.6433587383759947,0.65625,0.6433587383759947,0.6453613445378151,0.8613560352139464,0.5202987267785055,0.7000900225559813,0.4423076923076923,0.9565217391304348,0.9310344827586207,0.8101410598551277
0.7980769230769231,0.7621347402597404,0.7997512437810945,0.7621347402597404,0.7737233665297437,0.9113067204105241,0.6151504560305376,0.5176527792546675,0.5288461538461539,0.9818181818181818,0.9523809523809523,0.8911764705882352
0.7692307692307693,0.5591880341880342,0.5961111111111111,0.5591880341880342,0.5714590964590965,0.8193837929319198,0.553666056158454,0.7802651800568425,0.49038461538461536,0.9019607843137255,0.7916666666666666,0.7577909270216963
0.8076923076923077,0.617661943319838,0.5945945945945946,0.617661943319838,0.6045977011494252,0.7964261244828046,0.5721954471185503,0.5927879536944509,0.5192307692307693,0.9444444444444444,0.85,0.8308270676691729
0.7884615384615384,0.7502232142857143,0.7791208791208791,0.7502232142857143,0.7450166112956811,0.859131373171928,0.6307794913141902,0.687793214274322,0.6057692307692307,0.8888888888888888,0.6818181818181818,0.8140624999999999
0.7884615384615384,0.680830223880597,0.6901913875598086,0.680830223880597,0.6831453634085213,0.8333200170306054,0.6102344453722695,0.6667146051131929,0.5480769230769231,0.9122807017543859,0.7727272727272727,0.8362242839854781
0.7788461538461539,0.6877616918600525,0.7581521739130435,0.6877616918600525,0.7050607287449393,0.8818711916642137,0.6142026929930675,0.6612624518042257,0.5192307692307693,0.9074074074074074,0.782608695652174,0.83187190240183
0.8461538461538461,0.7610389610389611,0.6775670794633643,0.7610389610389611,0.6847860791826309,0.9329505997474747,0.6982678337808427,0.47898518801160933,0.6346153846153846,0.9545454545454546,0.8125,0.9090909090909091
0.7692307692307693,0.6808649062380406,0.6960327041264267,0.6808649062380406,0.6823480636035508,0.899017403927066,0.5749025774251111,0.5576769878564457,0.6057692307692307,0.9365079365079365,0.8333333333333334,0.8652682533279549
0.7403846153846154,0.6999137336093857,0.6947957885811192,0.6999137336093857,0.6843153300600109,0.8242025202735898,0.5383016382654728,0.7155389851810481,0.47115384615384615,0.8775510204081632,0.7777777777777778,0.7950310559006211
0.75,0.6755332341269842,0.6678030303030302,0.6755332341269842,0.6578981054787507,0.841603194183375,0.5776011147035309,0.6852490544926972,0.5384615384615384,0.9285714285714286,0.8461538461538461,0.80546875
0.7980769230769231,0.7652820984162896,0.7603508771929824,0.7652820984162896,0.7360627809192403,0.9260186412320914,0.6759510166250701,0.5772661493889143,0.4326923076923077,0.9777777777777777,0.9523809523809523,0.892578125
0.7596153846153846,0.6169413349917081,0.6391730605285593,0.6169413349917081,0.6101741586512247,0.8230723181695534,0.5489874386504217,0.7005529230618001,0.5961538461538461,0.9032258064516129,0.76,0.8019362646228319
0.9038461538461539,0.7747171945701358,0.7504032258064516,0.7747171945701358,0.7609996807831454,0.9327635316522038,0.8311042004652098,0.4041294108656605,0.5769230769230769,0.9666666666666667,0.8,0.9562130177514793
0.7403846153846154,0.6825989102108505,0.6607142857142857,0.6825989102108505,0.6604994897028246,0.8739351010584312,0.5543843451470716,0.6026145471231817,0.4519230769230769,0.9574468085106383,0.9259259259259259,0.8475191609519968
0.7692307692307693,0.6429738562091503,0.6023573200992556,0.6429738562091503,0.6167832167832168,0.8517886321195145,0.5870250300900062,0.6067788486533526,0.5,0.9423076923076923,0.875,0.8754084967320263
0.75,0.6282051282051282,0.655625,0.6282051282051282,0.6384465228625997,0.8799041294407375,0.5479268165167306,0.6446669592870512,0.5673076923076923,0.9661016949152542,0.9230769230769231,0.8473372781065089
0.7403846153846154,0.6481585302742798,0.6564713064713065,0.6481585302742798,0.6492000999875015,0.8239634664665746,0.5489685589713907,0.7716550993956534,0.5096153846153846,0.9056603773584906,0.8148148148148148,0.8164362519201228
0.8365384615384616,0.7058350895679663,0.854551920341394,0.7058350895679663,0.7175819011815252,0.9001977510439642,0.6556733636999297,0.5296926874052802,0.6057692307692307,0.9523809523809523,0.8235294117647058,0.8749447635881573
0.7980769230769231,0.734037558685446,0.7011904761904761,0.734037558685446,0.7074418119194239,0.9062756163910844,0.6332639512840277,0.5458998483399176,0.5769230769230769,0.9333333333333333,0.8095238095238095,0.8924455825864277
0.8076923076923077,0.7752100840336135,0.7941456903127383,0.7752100840336135,0.7831350304371887,0.8769435573731803,0.6236118906271029,0.6328372601684509,0.5,0.9423076923076923,0.85,0.8596638655462184
0.7980769230769231,0.6554794520547945,0.604315379623621,0.6554794520547945,0.6221804511278195,0.8763241806015891,0.6053930228055815,0.5188354987177347,0.5480769230769231,0.9649122807017544,0.9047619047619048,0.886433937251436
0.7692307692307693,0.6939393939393939,0.6925559947299078,0.6939393939393939,0.6903190544510487,0.8842362400187519,0.5603650866923088,0.6075458805381966,0.5480769230769231,0.9824561403508771,0.9583333333333334,0.8336134453781513
0.8076923076923077,0.7032507739938081,0.6980286738351255,0.7032507739938081,0.6909280936454849,0.8601545642180317,0.6553019865674964,0.5832206013068884,0.5769230769230769,0.95,0.85,0.8905228758169934
0.75,0.5731310942578549,0.557936507936508,0.5731310942578549,0.56212308396248,0.833828168793153,0.5035161780716497,0.703870290833186,0.5096153846153846,0.9433962264150944,0.8846153846153846,0.830985915492958
0.7596153846153846,0.6262820512820513,0.6115079365079364,0.6262820512820513,0.6144857678687538,0.8399106300611318,0.5013873935178087,0.63809273014407,0.5,0.9615384615384616,0.92,0.8133333333333334
0.7884615384615384,0.7006830601092896,0.7622973470891673,0.7006830601092896,0.7012218045112781,0.8681388040087585,0.6536562983886185,0.6798287115955912,0.5865384615384616,0.9508196721311475,0.8636363636363636,0.875714830346931
0.7596153846153846,0.6696778711484593,0.7448757763975156,0.6696778711484593,0.6955966177401971,0.8880173542558639,0.5297344384547068,0.5982565072897184,0.4519230769230769,0.9361702127659575,0.88,0.8345588235294117
0.7884615384615384,0.6228354978354979,0.583955223880597,0.6228354978354979,0.6011513157894737,0.8515106592629653,0.6104523846778782,0.6009672692335828,0.5769230769230769,0.9333333333333333,0.8181818181818182,0.8548644338118023
0.8269230769230769,0.6549208144796379,0.6327340031729244,0.6549208144796379,0.6324954400364797,0.9192988857522816,0.6936802920092456,0.4918215365986957,0.5576923076923077,0.9655172413793104,0.8888888888888888,0.9211601307189543
0.7980769230769231,0.6752450980392157,0.718609022556391,0.6752450980392157,0.6941120962860095,0.8355500546190839,0.6081868022095268,0.6722773037470071,0.6153846153846154,0.921875,0.7619047619047619,0.8223039215686275
0.75,0.7034188034188034,0.6979166666666666,0.7034188034188034,0.6973316912972085,0.8627408311637199,0.5696559392428299,0.7012050910710459,0.4230769230769231,0.9318181818181818,0.8846153846153846,0.829585798816568
0.7884615384615384,0.6819548872180451,0.6765488609750905,0.6819548872180451,0.6778607085689481,0.8656543318387824,0.6373510009351238,0.6223435595817168,0.5480769230769231,0.9122807017543859,0.7727272727272727,0.8451413085559427
0.7692307692307693,0.6764964788732395,0.6721014492753623,0.6764964788732395,0.6710317460317461,0.8591791039799402,0.5447829390550046,0.6706823769011894,0.5192307692307693,0.9629629629629629,0.9166666666666666,0.8318395219803671
0.7596153846153846,0.590675591531756,0.5936700767263428,0.590675591531756,0.584519912711402,0.8080668322922107,0.5200222001916828,0.6852141805159407,0.5096153846153846,0.9245283018867925,0.84,0.7790543526292534
0.8653846153846154,0.9054621848739496,0.7891369047619048,0.9054621848739496,0.8324332285938727,0.9659060175794456,0.7523750081859444,0.423446430583635,0.5,1.0,1.0,0.9352941176470588
0.7788461538461539,0.6233374939324596,0.5839604236343368,0.6233374939324596,0.5736780258519389,0.8800326956849565,0.5790517490887035,0.5927366548881552,0.5769230769230769,0.9166666666666666,0.782608695652174,0.8683229813664597
0.7884615384615384,0.6878373819163293,0.6367647058823529,0.6878373819163293,0.6544462481962482,0.8366324313588764,0.5711201911732853,0.6269667663196216,0.5096153846153846,0.9433962264150944,0.8636363636363636,0.8425751879699248
0.7596153846153846,0.7254915223665224,0.7268939393939393,0.7254915223665224,0.720056473265716,0.9058366844125474,0.596542110227126,0.6266032260417626,0.46153846153846156,0.9791666666666666,0.96,0.851335656213705
0.7884615384615384,0.65625,0.8365384615384616,0.65625,0.6646855688840421,0.8891946282101357,0.617922654629115,0.5653704403385275,0.5576923076923077,0.9482758620689655,0.8636363636363636,0.8755980861244019
0.7980769230769231,0.7522281639928698,0.7797131147540983,0.7522281639928698,0.7550028807374688,0.9048806579223011,0.6483100255098302,0.5672491243823119,0.5384615384615384,0.9642857142857143,0.9047619047619048,0.8652312599681019
0.7596153846153846,0.6411573586231121,0.6669117647058824,0.6411573586231121,0.6429698581560284,0.8771031495165574,0.5264593897085985,0.5948794803881319,0.5288461538461539,0.9636363636363636,0.92,0.858594785682722
0.7596153846153846,0.6574996540749966,0.6992481203007519,0.6574996540749966,0.6619831922463502,0.8637875839587587,0.5179980768745466,0.6486923907265374,0.46153846153846156,0.9375,0.88,0.8108705258506408
0.7980769230769231,0.668780193236715,0.7233766233766233,0.668780193236715,0.6865004150525733,0.8934055691277296,0.6037494572901575,0.5638213263137393,0.5865384615384616,0.9672131147540983,0.9047619047619048,0.8753623188405798
0.7980769230769231,0.7515692640692642,0.7648433847592333,0.7515692640692642,0.7507726648351649,0.9083647101082397,0.6469857342944528,0.5566891183977086,0.5576923076923077,0.9655172413793104,0.9047619047619048,0.874401913875598
0.7788461538461539,0.6341666666666667,0.5934848484848485,0.6341666666666667,0.6055613215706626,0.8445437830420974,0.5640341078001233,0.5411111447318036,0.5384615384615384,0.9642857142857143,0.9130434782608695,0.872183908045977
0.8557692307692307,0.7213417065390749,0.922077922077922,0.7213417065390749,0.78005328005328,0.8644829808370329,0.7249927995844501,0.6512177509067048,0.5480769230769231,0.8947368421052632,0.6,0.839712918660287
0.7980769230769231,0.7443128881987577,0.6988135593220339,0.7443128881987577,0.7067191377171216,0.9320140702443691,0.6573574162251222,0.4814020905697466,0.49038461538461536,0.9607843137254902,0.9047619047619048,0.908902691511387
0.7884615384615384,0.6391571553994733,0.5993788819875776,0.6391571553994733,0.617453560371517,0.7892161560450206,0.5990554386615901,0.7298291661597701,0.5961538461538461,0.8870967741935484,0.6818181818181818,0.7962888261395724
0.8557692307692307,0.7725840336134453,0.7960409515919042,0.7725840336134453,0.7828671425793727,0.9228249203461454,0.718737944357593,0.4685724824285973,0.5480769230769231,0.9649122807017544,0.8666666666666667,0.9089052287581699
0.8173076923076923,0.6625334125334126,0.7226190476190476,0.6625334125334126,0.6669557447703143,0.8810635529212055,0.5921354468393438,0.5618432329621238,0.5288461538461539,0.9818181818181818,0.9473684210526315,0.8436936936936936
0.7884615384615384,0.697926731078905,0.7385416666666667,0.697926731078905,0.7069515185813997,0.8643868925919895,0.6656616485810728,0.6803868149489923,0.6153846153846154,0.875,0.6363636363636364,0.821851851851852
0.8365384615384616,0.7034090909090909,0.6244047619047619,0.7034090909090909,0.6220238095238095,0.8725528724747476,0.5359165049278923,0.49346420796290774,0.5865384615384616,0.9508196721311475,0.8235294117647058,0.8544034090909091
0.7692307692307693,0.6023809523809524,0.6005533199195171,0.6023809523809524,0.5970028534683707,0.8089662603962129,0.531862331000505,0.6941407967351552,0.5288461538461539,0.9090909090909091,0.7916666666666666,0.8020833333333331
0.7211538461538461,0.6200530888030888,0.5966580854309687,0.6200530888030888,0.605259324009324,0.7381542256542257,0.43528877817238776,0.8989526460564734,0.5192307692307693,0.8333333333333334,0.6896551724137931,0.7153153153153153
0.8461538461538461,0.6962654924983692,0.8670588235294118,0.6962654924983692,0.7056918669821894,0.8744661482209616,0.6685724054704046,0.5403417684098646,0.625,0.9538461538461539,0.8125,0.865665046398586
0.8076923076923077,0.7163257321708025,0.7827380952380952,0.7163257321708025,0.7388420403126286,0.8921616191999691,0.6107671158080045,0.5837569211585222,0.5192307692307693,0.9629629629629629,0.9,0.8493384549722578
0.7884615384615384,0.7212121212121213,0.7247023809523809,0.7212121212121213,0.6973975636766334,0.8781231924921294,0.6307979468229541,0.6385139852417461,0.4807692307692308,0.94,0.8636363636363636,0.8413078149920256
0.8076923076923077,0.7534639273769709,0.7534639273769709,0.7534639273769709,0.7534639273769709,0.8749809373945957,0.6493594066082266,0.6414789523702998,0.5,0.9230769230769231,0.8,0.8370808678500986
0.8269230769230769,0.6533834586466165,0.6417701863354037,0.6533834586466165,0.6451754385964912,0.8980493982519541,0.6536059384326842,0.5216277604616046,0.5769230769230769,0.95,0.8333333333333334,0.8869747899159663
0.7788461538461539,0.6222810734463277,0.6150744416873448,0.6222810734463277,0.6179908805927615,0.8507929434926228,0.6228360393703282,0.6888998382652743,0.46153846153846156,0.9166666666666666,0.8260869565217391,0.8418079096045198
0.7596153846153846,0.5519172705314009,0.6478937728937728,0.5519172705314009,0.5878709242317617,0.8343046576096353,0.4990314740457821,0.6867016504129164,0.5576923076923077,0.9137931034482759,0.8,0.7892339544513457
0.8461538461538461,0.8265977443609023,0.8613636363636363,0.8265977443609023,0.8290360046457607,0.9541710338192294,0.7441453802183386,0.45462530567954995,0.5192307692307693,1.0,1.0,0.9365079365079365
0.7884615384615384,0.7215864632237872,0.7497512437810945,0.7215864632237872,0.7017200191113234,0.8874250505775882,0.6024108940555698,0.583901669169803,0.4807692307692308,0.94,0.8636363636363636,0.8472044387537345
0.7596153846153846,0.720945945945946,0.6892439974042829,0.720945945945946,0.6942246816266973,0.8932301456752838,0.5237475376720573,0.604469936109255,0.47115384615384615,0.9591836734693877,0.92,0.8301801801801802
0.7692307692307693,0.7155228758169934,0.6859375,0.7155228758169934,0.6894612178992485,0.88081764524167,0.5857781049218257,0.5885658505582968,0.5,0.9615384615384616,0.9166666666666666,0.8349673202614379
0.8076923076923077,0.6605935127674258,0.6905901116427432,0.6605935127674258,0.6376208721036307,0.8826157363013537,0.6450141479633436,0.5695176996738485,0.5096153846153846,0.9622641509433962,0.9,0.893167701863354
0.7692307692307693,0.7083333333333333,0.665114852809991,0.7083333333333333,0.6755686274509803,0.8618974121520812,0.6112127477377017,0.645672594403882,0.5096153846153846,0.9433962264150944,0.875,0.8452950558213717
0.8269230769230769,0.8006465517241379,0.7224561403508771,0.8006465517241379,0.7222222222222222,0.9515958612501418,0.5788570556017112,0.4509308324098934,0.4807692307692308,0.98,0.9444444444444444,0.914131169709263
0.8365384615384616,0.7926879084967321,0.7617028493894165,0.7926879084967321,0.7721173815456284,0.9037922383761385,0.6823875939205195,0.5056782882307643,0.5480769230769231,0.9649122807017544,0.8823529411764706,0.8919270833333333
0.7980769230769231,0.6847896871997439,0.7054007820136852,0.6847896871997439,0.6752136752136753,0.869953544240988,0.6690043749276277,0.655233309725488,0.625,0.9230769230769231,0.7619047619047619,0.8526986506746628
0.9230769230769231,0.7991666666666667,0.7741666666666667,0.7991666666666667,0.7745454545454546,0.8653623004674134,0.8287178203904394,0.42066459045877314,0.6057692307692307,0.9682539682539683,0.75,0.9250574712643678
0.8076923076923077,0.6270350707850708,0.6273646444879322,0.6270350707850708,0.603160386411618,0.8516192868831138,0.5951832030661783,0.5952567847870355,0.5192307692307693,0.9814814814814815,0.95,0.8617117117117117
0.7884615384615384,0.7070075757575758,0.7077572964669739,0.7070075757575758,0.7032774962462462,0.8043955176767676,0.6260248586873732,0.6905633830763038,0.5576923076923077,0.9137931034482759,0.7727272727272727,0.8257575757575757
0.7692307692307693,0.6628111471861471,0.6412698412698412,0.6628111471861471,0.6429662360645106,0.873333962273107,0.5931488987442174,0.6011973013494831,0.5769230769230769,0.9166666666666666,0.7916666666666666,0.8552631578947367
0.7884615384615384,0.6952800102053833,0.7268123667377397,0.6952800102053833,0.6925449674703406,0.8885875754065284,0.6101587790411436,0.6137755021494734,0.5769230769230769,0.9166666666666666,0.7727272727272727,0.8418717224687373
0.8461538461538461,0.7638209393346379,0.8182453416149068,0.7638209393346379,0.7729603729603729,0.9095121789621448,0.6878707977540942,0.48711262663775867,0.625,0.9692307692307692,0.875,0.8851082633672116
0.75,0.5896103896103897,0.6602083333333334,0.5896103896103897,0.5892344497607656,0.8757160246779327,0.44397352419217134,0.5983169795683353,0.5480769230769231,0.9473684210526315,0.8846153846153846,0.8220298220298221
0.7884615384615384,0.7329150883838385,0.776984126984127,0.7329150883838385,0.7467566554180727,0.8799537110566464,0.627992981524286,0.646278609778932,0.4807692307692308,0.92,0.8181818181818182,0.857421875
0.7403846153846154,0.5157279127867364,0.5052083333333334,0.5157279127867364,0.49650329497204554,0.8131287208054886,0.457207072864072,0.6759949545546858,0.47115384615384615,0.9387755102040817,0.8888888888888888,0.777927927927928
0.75,0.6516215899777543,0.5743464052287581,0.6516215899777543,0.5938219070133963,0.8745699162722891,0.512605443281031,0.577985411894865,0.5288461538461539,0.9636363636363636,0.9230769230769231,0.8391515687140964
0.8557692307692307,0.7715873015873015,0.7541666666666667,0.7715873015873015,0.7516637089618456,0.902414556357715,0.6962906693961967,0.4736220998193877,0.6153846153846154,0.96875,0.8666666666666667,0.8942528735632184
0.7788461538461539,0.7069444444444444,0.6608623548922056,0.7069444444444444,0.6681569030489893,0.8645543657459251,0.5777026135700588,0.6153509224446629,0.5096153846153846,0.9245283018867925,0.8260869565217391,0.829861111111111
0.8269230769230769,0.6801358363858363,0.7279279279279279,0.6801358363858363,0.6954994082748699,0.8702900118917428,0.6366753636993239,0.6053842896130813,0.5961538461538461,0.967741935483871,0.8888888888888888,0.8611111111111112
0.75,0.6236922799422799,0.6659722222222222,0.6236922799422799,0.6381944444444444,0.8681301008137998,0.4856796925048857,0.6485717104514571,0.47115384615384615,0.9183673469387755,0.8461538461538461,0.7973090277777778
0.7980769230769231,0.685450394354504,0.7157534246575342,0.685450394354504,0.6889015728056823,0.869856659015205,0.5787186596221515,0.6003744998229372,0.4519230769230769,0.9361702127659575,0.8571428571428571,0.819266460450729
0.7692307692307693,0.6776041666666667,0.8067556952081697,0.6776041666666667,0.7079903822545075,0.8441955736637381,0.5869054217930171,0.7867220443969342,0.5480769230769231,0.9122807017543859,0.7916666666666666,0.8082031249999999
0.8076923076923077,0.6701149425287356,0.746810207336523,0.6701149425287356,0.67390916261884,0.8692610790926489,0.679610903615093,0.663873774019865,0.5673076923076923,0.9322033898305084,0.8,0.8714392803598201
0.7403846153846154,0.6812118289938927,0.6944444444444444,0.6812118289938927,0.6856758832565284,0.8744927109579363,0.5593978140857924,0.7171956523800749,0.4807692307692308,0.88,0.7777777777777778,0.8257720167746855
0.8076923076923077,0.6925186741363212,0.7489382239382241,0.6925186741363212,0.7147887323943662,0.8503380080102216,0.620274357738297,0.6714303780680532,0.5673076923076923,0.8983050847457628,0.7,0.8141339869281046
0.7403846153846154,0.6063842203548087,0.639554794520548,0.6063842203548087,0.6173712897850829,0.8039948392668774,0.4542487881393555,0.779152656413561,0.5192307692307693,0.8888888888888888,0.7777777777777778,0.7348090277777778
0.8365384615384616,0.7595588235294118,0.7249109052031361,0.7595588235294118,0.7328919550461779,0.9127977033510033,0.7162778333427627,0.5014704825371273,0.5192307692307693,0.9629629629629629,0.8823529411764706,0.9362745098039216
0.8076923076923077,0.6072567783094098,0.6128571428571429,0.6072567783094098,0.6058157736303431,0.8825281166652873,0.5690671444499913,0.5159619687041117,0.5865384615384616,1.0,1.0,0.8618421052631579
0.7788461538461539,0.6090163934426229,0.5595238095238095,0.6090163934426229,0.5806451612903226,0.8305931011219507,0.6189814727502628,0.7451013640004036,0.4807692307692308,0.9,0.782608695652174,0.8048036599313764
0.7403846153846154,0.5921325051759835,0.5623667377398721,0.5921325051759835,0.5715180516651104,0.8491914082232325,0.5101747995627033,0.693549780433159,0.49038461538461536,0.9215686274509803,0.8518518518518519,0.8236024844720495
0.7596153846153846,0.6154761904761905,0.6404998619165976,0.6154761904761905,0.6206043144208038,0.8452361843613849,0.5196185546577168,0.6459358502926987,0.49038461538461536,0.9607843137254902,0.92,0.8142857142857144
0.7692307692307693,0.647050461975835,0.6874613003095975,0.647050461975835,0.6600217864923748,0.8571159890543513,0.5682055167672758,0.6560269708106082,0.46153846153846156,0.9375,0.875,0.827349737797499
0.8076923076923077,0.683904109589041,0.6853002070393375,0.683904109589041,0.6781255163833242,0.8513685839233313,0.6125281607376595,0.547961784079638,0.5480769230769231,0.9473684210526315,0.85,0.8652231551038444
0.8461538461538461,0.718560606060606,0.8647887323943662,0.718560606060606,0.7226277372262773,0.9082330852096602,0.7141565220176853,0.5151324620993172,0.5576923076923077,0.9655172413793104,0.875,0.8915470494417863
0.7211538461538461,0.5226464047442549,0.5670511896178803,0.5226464047442549,0.54203216374269,0.7857900842214571,0.4177573995327298,0.8288279768179757,0.5384615384615384,0.9285714285714286,0.8620689655172413,0.7426376440460948
0.8076923076923077,0.7190934065934066,0.7312801932367149,0.7190934065934066,0.7162480954927503,0.8552999432715553,0.6283414348529848,0.6561681754538159,0.5576923076923077,0.9137931034482759,0.75,0.8256302521008403
0.7884615384615384,0.7491261640515372,0.7827596618357487,0.7491261640515372,0.7528623268584983,0.8831789319487411,0.6230446696424239,0.6624563338903336,0.5192307692307693,0.9259259259259259,0.8181818181818182,0.8753529649052038
0.8269230769230769,0.7107962213225371,0.7513213981244671,0.7107962213225371,0.7291163231461738,0.9295706022140351,0.6784010903475113,0.5221805138879547,0.5,0.9807692307692307,0.9444444444444444,0.8986193293885603
0.7403846153846154,0.6223522853957637,0.5751748251748252,0.6223522853957637,0.5880810234541578,0.8590624038872587,0.524802842165293,0.6606475852480347,0.5769230769230769,0.95,0.8888888888888888,0.84472049689441
0.8269230769230769,0.6707915273132665,0.6637176560121766,0.6707915273132665,0.6521216613877844,0.8521613964597932,0.6493485825782895,0.6806915805267543,0.6057692307692307,0.9365079365079365,0.7777777777777778,0.8252587991718426
0.7019230769230769,0.6614766081871345,0.6163589015151515,0.6614766081871345,0.6196259148820819,0.7919937254483727,0.4349494559491813,0.7714720295498576,0.49038461538461536,0.9019607843137255,0.8387096774193549,0.7537593984962406
0.8557692307692307,0.7198090948090947,0.8764619883040936,0.7198090948090947,0.7449468954248366,0.827152104627688,0.6823361337043707,0.6627659884984127,0.5096153846153846,0.9245283018867925,0.7333333333333333,0.8216216216216217
0.7980769230769231,0.7216394716394717,0.695,0.7216394716394717,0.6922872597314788,0.8773363057139341,0.5385827411172126,0.528534235796011,0.6057692307692307,0.9365079365079365,0.8095238095238095,0.8298816568047337
0.7884615384615384,0.6004318394024276,0.6180830039525692,0.6004318394024276,0.6034182744812523,0.8615112343386967,0.6037119715807673,0.6440270326650592,0.5192307692307693,0.9629629629629629,0.9090909090909091,0.8410947712418301
0.7884615384615384,0.6602564102564102,0.6044137022397892,0.6602564102564102,0.6180555555555556,0.8613278388278388,0.5840312070766723,0.5252981263290895,0.5192307692307693,0.9629629629629629,0.9090909090909091,0.9043392504930967
0.8173076923076923,0.7302884615384616,0.7275181305398871,0.7302884615384616,0.7172413793103448,0.9013088551377473,0.6232007340050165,0.5222025364552585,0.5576923076923077,0.9310344827586207,0.7894736842105263,0.8585069444444442
0.7980769230769231,0.6255707762557077,0.5855042016806723,0.6255707762557077,0.6012177477694719,0.8622311063816903,0.5895785973725333,0.6690819084282377,0.46153846153846156,0.9166666666666666,0.8095238095238095,0.8197083517454707
0.8365384615384616,0.740427927927928,0.6968482905982906,0.740427927927928,0.7154598825831702,0.9085112326596937,0.6535908854150877,0.4821547684830747,0.5865384615384616,1.0,1.0,0.9157657657657656
0.7884615384615384,0.7428571428571429,0.7332702020202021,0.7428571428571429,0.7220740860446743,0.9213573017859626,0.608352934926967,0.5359990341260809,0.4230769230769231,0.9318181818181818,0.8636363636363636,0.8710084033613446
0.7307692307692307,0.7136363636363636,0.642512077294686,0.7136363636363636,0.6544891640866872,0.8386006782724598,0.4974944837308262,0.6779147037271603,0.4807692307692308,0.94,0.8928571428571429,0.8042328042328042
0.7980769230769231,0.8030533063427799,0.6691919191919191,0.8030533063427799,0.705087358684481,0.9487974304059404,0.6288720735504278,0.4773892509922615,0.5096153846153846,1.0,1.0,0.9078947368421052
0.8173076923076923,0.6773809523809524,0.6423611111111112,0.6773809523809524,0.6527551020408163,0.8402750509557053,0.6141972585754992,0.6079853767507618,0.5673076923076923,0.9830508474576272,0.9473684210526315,0.8505747126436781
0.7692307692307693,0.7552521008403361,0.6801994301994302,0.7552521008403361,0.6986680327868853,0.9363650829747706,0.6351280214766162,0.5163659177736384,0.5096153846153846,1.0,1.0,0.9268790849673203
0.8365384615384616,0.7458333333333333,0.75,0.7458333333333333,0.7413063909774436,0.9279739664208074,0.7125083387710182,0.5173429421922507,0.5288461538461539,0.9818181818181818,0.9411764705882353,0.8980468749999999
0.8173076923076923,0.6967037671232876,0.5890756302521009,0.6967037671232876,0.6187187006541846,0.9162951993049213,0.6354478080037305,0.49936060629525003,0.5865384615384616,0.9836065573770492,0.9473684210526315,0.8581528943879806
0.8173076923076923,0.6997389865036924,0.7461300309597524,0.6997389865036924,0.7147344087642594,0.8653057753677499,0.6602347791396663,0.6303505043976857,0.5192307692307693,0.9259259259259259,0.7894736842105263,0.8628389154704944
0.7980769230769231,0.7108617614779587,0.7018382352941177,0.7108617614779587,0.7039225762247345,0.8937135255785692,0.6094522094218943,0.564690140638319,0.5480769230769231,0.9824561403508771,0.9523809523809523,0.8851899274434485
0.8365384615384616,0.7719251486926271,0.7788367546432062,0.7719251486926271,0.7626891842008121,0.88700286646367,0.7122965677633323,0.481398706168197,0.5576923076923077,0.9655172413793104,0.8823529411764706,0.9052037111738603
0.7980769230769231,0.6083690426421404,0.5821307300509337,0.6083690426421404,0.589578823953824,0.8650984686396999,0.6451428243112919,0.5522123122037399,0.6057692307692307,0.9682539682539683,0.9047619047619048,0.8890625000000001
0.8557692307692307,0.7533333333333333,0.7073943661971831,0.7533333333333333,0.724351152049546,0.9070182178961919,0.6985536234898011,0.5196055109314588,0.5288461538461539,0.9818181818181818,0.9333333333333333,0.9080459770114944
0.8653846153846154,0.6658141517476556,0.6456903127383676,0.6658141517476556,0.6551932367149759,0.9647986639844235,0.7360124575724774,0.400940609862948,0.5769230769230769,1.0,1.0,0.94120082815735
0.7403846153846154,0.6452135774218154,0.6326923076923077,0.6452135774218154,0.6364819664889085,0.8205039223927557,0.5133186316603335,0.75046312402106,0.5288461538461539,0.9272727272727272,0.8518518518518519,0.8033126293995858
0.7788461538461539,0.7358021077283372,0.7705802262253876,0.7358021077283372,0.7342594290604559,0.8739157710141554,0.6314368374250204,0.7069336797306646,0.5384615384615384,0.9107142857142857,0.782608695652174,0.8433091879527259
0.8557692307692307,0.7308035714285714,0.7023944805194805,0.7308035714285714,0.7150035385704177,0.8936383928571429,0.6452242705243979,0.439108047765971,0.6057692307692307,0.9682539682539683,0.8666666666666667,0.8947916666666667
0.7980769230769231,0.6731711915535445,0.675186567164179,0.6731711915535445,0.6722413322413322,0.8857490566450343,0.6197710702600229,0.6050392662244319,0.5192307692307693,0.9259259259259259,0.8095238095238095,0.8423202614379085
0.8173076923076923,0.7490981240981242,0.7747549019607843,0.7490981240981242,0.7505845816587504,0.9109402491767916,0.6508461288795152,0.5235977652478713,0.6153846153846154,0.9375,0.7894736842105263,0.8831932773109243
0.7788461538461539,0.7162698412698412,0.658531746031746,0.7162698412698412,0.6540433250959568,0.8739579940503334,0.5987412003152974,0.6133519579965303,0.49038461538461536,0.9607843137254902,0.9130434782608695,0.8411764705882353
0.7115384615384616,0.6207792207792208,0.5757575757575758,0.6207792207792208,0.5815122377622377,0.7955136734858165,0.4327096597857032,0.7444960686636123,0.5576923076923077,0.8620689655172413,0.7333333333333333,0.746993746993747
0.7692307692307693,0.6585576259489303,0.671256038647343,0.6585576259489303,0.6565734989648033,0.8594597907813011,0.5569961550742764,0.668492927030509,0.5865384615384616,0.9180327868852459,0.7916666666666666,0.8339544513457556
0.7692307692307693,0.5955882352941176,0.7054794520547945,0.5955882352941176,0.6159405606214117,0.8327275260194658,0.5440239536109907,0.7319579155601338,0.47115384615384615,0.9387755102040817,0.875,0.8071895424836601
0.8557692307692307,0.6930989037843877,0.9054794520547944,0.6930989037843877,0.7447397563676633,0.942633640642973,0.7421730573085457,0.4533029586000152,0.5769230769230769,1.0,1.0,0.9216589861751152
0.8269230769230769,0.7588031260976467,0.8436853002070394,0.7588031260976467,0.7711657841336166,0.8881249678947885,0.6563452903965696,0.5525757640206936,0.6153846153846154,0.953125,0.8333333333333334,0.8696420680512594
0.7884615384615384,0.7669552669552668,0.6982142857142857,0.7669552669552668,0.7137923601739391,0.9286839518438441,0.6383863053189878,0.5155957042254342,0.49038461538461536,0.9803921568627451,0.9545454545454546,0.9168067226890756
0.7788461538461539,0.6644091415830546,0.6922932330827067,0.6644091415830546,0.657578509422476,0.885096624656683,0.57561130615788,0.5724552581468983,0.5673076923076923,0.9322033898305084,0.8260869565217391,0.8538302277432712
0.7692307692307693,0.686796281749149,0.7226382488479263,0.686796281749149,0.6922735519469809,0.8711055705315903,0.588803429450958,0.6118436362558202,0.49038461538461536,0.9607843137254902,0.9166666666666666,0.8693021379588544
0.7884615384615384,0.6356557548392492,0.6678921568627451,0.6356557548392492,0.6416666666666667,0.8527145716149985,0.6026905006185457,0.6237220125823751,0.6153846153846154,0.921875,0.7727272727272727,0.8580072609923356
0.8557692307692307,0.8028532608695653,0.7439549180327869,0.8028532608695653,0.7630673445328618,0.9701306288159,0.7492679084493888,0.40092481436270455,0.5576923076923077,1.0,1.0,0.9656314699792959
0.8557692307692307,0.7608333333333333,0.7461187214611872,0.7608333333333333,0.7528219395866454,0.9378110033524905,0.6864716637180519,0.4649264651223508,0.5192307692307693,0.9814814814814815,0.9333333333333333,0.9291954022988507
0.7596153846153846,0.6523109243697478,0.6559873949579832,0.6523109243697478,0.6386773970925443,0.8494047981870589,0.5423229687808548,0.6511019093040633,0.5,0.9230769230769231,0.84,0.8189075630252101
0.7980769230769231,0.7035064935064935,0.6822476525821597,0.7035064935064935,0.6884640473681569,0.9296684255620302,0.5792975774288951,0.49539581960250484,0.5096153846153846,1.0,1.0,0.8901149425287357
0.7692307692307693,0.6917892156862746,0.705044955044955,0.6917892156862746,0.6919343814080655,0.8849512801044331,0.5772126121005372,0.5871118170641468,0.5961538461538461,0.9354838709677419,0.8333333333333334,0.8676470588235294
0.7596153846153846,0.6048809523809524,0.6152699435938759,0.6048809523809524,0.59504147004147,0.8585095382580072,0.48617776691530445,0.6156048530846703,0.47115384615384615,0.9795918367346939,0.96,0.808735632183908
0.7403846153846154,0.6467320261437909,0.6388849929873772,0.6467320261437909,0.6355935960591133,0.8673595051697665,0.5541141566231437,0.659324861592226,0.49038461538461536,0.9019607843137255,0.8148148148148148,0.8099109562524197
0.8461538461538461,0.8415584415584416,0.8425889328063241,0.8415584415584416,0.8280527773467439,0.9387847557438872,0.7459627037311174,0.5137587240654583,0.46153846153846156,0.9375,0.8125,0.9086333720480062
0.7692307692307693,0.752445652173913,0.7361020036429873,0.752445652173913,0.72769069166128,0.9331086151409146,0.5971321978664169,0.5474424077645696,0.4519230769230769,0.9574468085106383,0.9166666666666666,0.8712215320910972
0.7403846153846154,0.6439560439560439,0.6449058219178082,0.6439560439560439,0.6306763285024155,0.7984126984126985,0.5143512637664072,0.8617610117295966,0.5192307692307693,0.8518518518518519,0.7037037037037037,0.7333333333333333
0.8269230769230769,0.7066993464052288,0.7082555970149254,0.7066993464052288,0.682002442002442,0.8809520523835809,0.6802742972741357,0.6185431703586709,0.5865384615384616,0.9180327868852459,0.7222222222222222,0.8790849673202614
0.6730769230769231,0.5763813651137595,0.5523809523809524,0.5763813651137595,0.5385605465745995,0.8325218925932646,0.426486647044229,0.7109970058644605,0.46153846153846156,0.8958333333333334,0.8529411764705882,0.7878787878787878
0.7788461538461539,0.6560166886253843,0.6792424242424242,0.6560166886253843,0.6559246954595792,0.8887294526873094,0.5827075866752479,0.5525483098083831,0.5384615384615384,0.9642857142857143,0.9130434782608695,0.888198757763975
0.8365384615384616,0.7482323232323232,0.7817460317460317,0.7482323232323232,0.751578073089701,0.9245721764562962,0.709476218367426,0.49903983410314723,0.5576923076923077,0.9482758620689655,0.8235294117647058,0.8847687400318979
0.75,0.6617861305361306,0.6123376623376624,0.6617861305361306,0.6191331191331191,0.8185412925060879,0.4727854038741015,0.6846658685101391,0.5384615384615384,0.9107142857142857,0.8076923076923077,0.791913214990138
0.8076923076923077,0.6064102564102564,0.641725352112676,0.6064102564102564,0.6212812711291413,0.9057454366794254,0.636491254117894,0.5713477004167653,0.6057692307692307,0.9206349206349206,0.75,0.8615384615384615
0.7788461538461539,0.7060810810810811,0.7147887323943662,0.7060810810810811,0.67664384719405,0.9041379145102548,0.5500158891531053,0.5575930930914943,0.4326923076923077,0.9333333333333333,0.8695652173913043,0.8261261261261261
0.8557692307692307,0.6682595573440644,0.6367647058823529,0.6682595573440644,0.6508236101578586,0.9057582108814504,0.710704094423173,0.4883103965332516,0.5480769230769231,0.9649122807017544,0.8666666666666667,0.8962868117797695
0.7403846153846154,0.5988817520507661,0.5626698369565217,0.5988817520507661,0.5694444444444444,0.810999128947202,0.5208389685620185,0.6617131371599351,0.5384615384615384,0.9285714285714286,0.8518518518518519,0.8271446862996159
0.8076923076923077,0.6471461187214611,0.6243315508021391,0.6471461187214611,0.6296204415777723,0.8914822982995784,0.6321624814141139,0.5603672239869693,0.5096153846153846,0.9622641509433962,0.9,0.8731771984091914
0.8076923076923077,0.7561688311688312,0.729955242966752,0.7561688311688312,0.7415458937198067,0.832793069555982,0.6199339479195823,0.641526482453541,0.5961538461538461,0.9354838709677419,0.8,0.8302521008403362
0.7788461538461539,0.6384191176470588,0.6148148148148148,0.6384191176470588,0.6139561128526646,0.859053426042701,0.6228197614334109,0.5979693004400911,0.5,0.9807692307692307,0.9565217391304348,0.8777120315581853
0.8557692307692307,0.7432449494949496,0.8479102167182663,0.7432449494949496,0.7485640720934837,0.9055798019917822,0.6733955815400505,0.48109470987947833,0.6057692307692307,0.9682539682539683,0.8666666666666667,0.8989898989898989
0.8173076923076923,0.6169837600758654,0.7757936507936508,0.6169837600758654,0.6484710114847101,0.8670118391741353,0.6117939814677905,0.4994526265286171,0.5673076923076923,1.0,1.0,0.8959459459459459
0.7884615384615384,0.7908027644869751,0.8173076923076923,0.7908027644869751,0.7629590076398587,0.9234837766459159,0.6054418968854713,0.5007554684286741,0.5288461538461539,0.9818181818181818,0.9545454545454546,0.9078947368421053
0.8076923076923077,0.6779761904761905,0.6964285714285714,0.6779761904761905,0.6859347048300537,0.8787585956318864,0.6583699544615214,0.5854526869022437,0.5192307692307693,0.9814814814814815,0.95,0.8633372048006194
0.7884615384615384,0.6669830169830171,0.7346508563899868,0.6669830169830171,0.6728079190782712,0.8652975607500416,0.5948448681427074,0.6698032706057891,0.5192307692307693,0.9629629629629629,0.9090909090909091,0.873109243697479
0.7692307692307693,0.7101010101010101,0.652452025586354,0.7101010101010101,0.6643926056338028,0.8623823860051247,0.5493766310341635,0.6064664016784082,0.5480769230769231,0.9473684210526315,0.875,0.8436781609195402
0.7596153846153846,0.6299603174603174,0.6393716577540107,0.6299603174603174,0.6233044733044732,0.8722207780304151,0.5290148792887284,0.612000962657686,0.47115384615384615,0.9387755102040817,0.88,0.8363715277777777
0.7788461538461539,0.7261528028933093,0.6399509803921568,0.7261528028933093,0.6468253968253969,0.883081517927052,0.5564684005928909,0.5819139918508458,0.49038461538461536,0.9607843137254902,0.9130434782608695,0.8769620253164557
0.7788461538461539,0.5691419860627177,0.602177700348432,0.5691419860627177,0.5757771401243424,0.794588652745712,0.3922022933471305,0.6431262070616888,0.5096153846153846,0.9245283018867925,0.8260869565217391,0.7494456762749444
0.7692307692307693,0.7368082368082369,0.6745244003308519,0.7368082368082369,0.6831550802139037,0.9244825415477589,0.5818561918229688,0.5055049417630897,0.49038461538461536,0.9803921568627451,0.9583333333333334,0.8851351351351352
0.7980769230769231,0.7275017253278123,0.7805555555555556,0.7275017253278123,0.7390819964349377,0.9026384138195226,0.6272792315547544,0.5821383113405074,0.5384615384615384,0.9464285714285714,0.8571428571428571,0.8745341614906832
0.8557692307692307,0.7842261904761905,0.7472426470588236,0.7842261904761905,0.754840848806366,0.8907910632945877,0.7209034346879298,0.5532764626863906,0.5096153846153846,0.9811320754716981,0.9333333333333333,0.8789062499999999
0.8269230769230769,0.6521650326797386,0.6987612612612613,0.6521650326797386,0.6718090889323766,0.8973183079629699,0.6325071212712995,0.5585362174159261,0.6442307692307693,0.9552238805970149,0.8333333333333334,0.88671875
0.8365384615384616,0.7018169710806696,0.7222222222222221,0.7018169710806696,0.7007285175642174,0.8909959215545021,0.6579359376870951,0.4996640240425207,0.5576923076923077,0.9482758620689655,0.8235294117647058,0.886433937251436
0.7884615384615384,0.6341258741258742,0.6670289855072463,0.6341258741258742,0.6291565839887074,0.878807578339537,0.5649971513993187,0.6188882585362105,0.5,0.9423076923076923,0.8636363636363636,0.8468965517241379
0.7980769230769231,0.6958333333333333,0.7456521739130435,0.6958333333333333,0.7155428734078133,0.8730893342391304,0.6497415083950885,0.6892419091454332,0.5,0.9230769230769231,0.8095238095238095,0.8416666666666668
0.7884615384615384,0.762395914650013,0.7494755911517925,0.762395914650013,0.7508810989299756,0.924700155443253,0.6555850740341087,0.5342067764195233,0.5384615384615384,0.9285714285714286,0.8181818181818182,0.8852459016393442
0.7115384615384616,0.6142050161934172,0.7002351097178684,0.6142050161934172,0.6249894991319283,0.8795486142150437,0.44650175809600745,0.631661648260899,0.5865384615384616,0.9344262295081968,0.8666666666666667,0.8352539479300043
0.7884615384615384,0.7193683409436835,0.7640579710144927,0.7193683409436835,0.7235415074425884,0.8426681602256868,0.5694119980702057,0.6688541522119895,0.5384615384615384,0.9107142857142857,0.7727272727272727,0.8135218736190898
0.8269230769230769,0.8044048605357637,0.7667377398720683,0.8044048605357637,0.7833996203561421,0.9402511501311196,0.6663809181768111,0.44125441604456717,0.5192307692307693,1.0,1.0,0.9026888604353392
0.8269230769230769,0.6915584415584416,0.6809210526315789,0.6915584415584416,0.6761616099135043,0.9140974461100688,0.6255022445150966,0.45928630670643905,0.5865384615384616,1.0,1.0,0.9062049062049062
0.7788461538461539,0.7208333333333334,0.7009817671809256,0.7208333333333334,0.7083776216024319,0.8852383227907212,0.608761939136831,0.6762381797511078,0.4423076923076923,0.9565217391304348,0.9130434782608695,0.8414201183431952
0.7884615384615384,0.6627604166666666,0.6845238095238095,0.6627604166666666,0.6608391608391608,0.9047990350452197,0.6204763402275276,0.5649939321185585,0.4807692307692308,0.96,0.9090909090909091,0.890625
0.7980769230769231,0.735479797979798,0.7480769230769231,0.735479797979798,0.7245820579232399,0.8532608554479955,0.6231826302427359,0.5792386471851846,0.5673076923076923,0.9322033898305084,0.8095238095238095,0.8585069444444444
0.8365384615384616,0.7090476190476191,0.7723529411764705,0.7090476190476191,0.7303367289190719,0.8587841654147597,0.6362435996749495,0.5989810659875934,0.5865384615384616,0.9672131147540983,0.8823529411764706,0.8298850574712643
0.7403846153846154,0.6201298701298701,0.6125,0.6201298701298701,0.6036717347692957,0.8693136222035409,0.5601574217263152,0.6583317861575092,0.5384615384615384,0.9285714285714286,0.8518518518518519,0.8292682926829269
0.7596153846153846,0.7080128205128204,0.6424430641821945,0.7080128205128204,0.6574829931972789,0.8275164157906332,0.5031909500922176,0.6603391961503455,0.5096153846153846,0.9245283018867925,0.84,0.7790927021696252
0.8173076923076923,0.7667498902546093,0.7208333333333333,0.7667498902546093,0.7363767274960025,0.9132624348014625,0.6840212545497416,0.47958339416584594,0.5480769230769231,0.9649122807017544,0.8947368421052632,0.9221460266236385
0.8173076923076923,0.6805383022774327,0.7564553990610328,0.6805383022774327,0.7036808976464148,0.8557331840080112,0.6396961653395927,0.5569799557510445,0.5673076923076923,0.9491525423728814,0.8421052631578947,0.8546583850931677
0.8076923076923077,0.7305346700083543,0.6751633986928104,0.7305346700083543,0.6856481481481481,0.9227564650262019,0.6169813637856597,0.4710433408721084,0.5576923076923077,0.9827586206896551,0.95,0.8952067669172933
0.8076923076923077,0.7192540792540792,0.6857487922705314,0.7192540792540792,0.6932088122605364,0.9229527198698073,0.6110163542514288,0.4601464021257433,0.5865384615384616,0.9836065573770492,0.95,0.8979310344827586
0.7307692307692307,0.6461057947900053,0.7451957614942528,0.6461057947900053,0.6579594017094017,0.8380301516582065,0.5155472372154257,0.7243520055644664,0.5192307692307693,0.9074074074074074,0.8214285714285714,0.7826953748006379
0.8076923076923077,0.5726674641148326,0.5993589743589743,0.5726674641148326,0.5852573352573351,0.8333516972543726,0.547122327833076,0.6092261604838765,0.5192307692307693,0.9444444444444444,0.85,0.8110902255639096
0.7788461538461539,0.6882785321512737,0.6883116883116883,0.6882785321512737,0.6874493927125507,0.8811669159704127,0.5901621425312751,0.6326506925589924,0.49038461538461536,0.9607843137254902,0.9130434782608695,0.8612343686970554
0.8365384615384616,0.80283079793341,0.8012276785714286,0.80283079793341,0.7901800314277282,0.9375410918144217,0.7097212429356534,0.478943960093975,0.49038461538461536,0.9803921568627451,0.9411764705882353,0.9169019766034692
0.7692307692307693,0.6387163561076605,0.6781836854460094,0.6387163561076605,0.654065934065934,0.8902329548284278,0.5469736265613003,0.6017408651558516,0.5288461538461539,0.9454545454545454,0.875,0.8422360248447205
0.7307692307692307,0.5846282372598162,0.6449530516431925,0.5846282372598162,0.6034262186603926,0.785036448946794,0.5040481893012241,0.7949865431118129,0.5,0.8846153846153846,0.7857142857142857,0.7816492450638791
0.7980769230769231,0.7452380952380953,0.7030910326086957,0.7452380952380953,0.7201391416899243,0.8765506047380193,0.6248910318909703,0.6653256000651647,0.5192307692307693,0.9259259259259259,0.8095238095238095,0.8613445378151261
0.7884615384615384,0.6321428571428571,0.5882783882783883,0.6321428571428571,0.6039682539682539,0.801486503692386,0.6054180946585984,0.6798094571744498,0.5961538461538461,0.9193548387096774,0.7727272727272727,0.8323529411764705
0.7596153846153846,0.6674679487179487,0.570046439628483,0.6674679487179487,0.5919583967529173,0.8657756256163708,0.5147438592162797,0.5993422367958419,0.5096153846153846,0.9433962264150944,0.88,0.8550295857988166
0.7211538461538461,0.6800426136363636,0.7944444444444444,0.6800426136363636,0.7159630312168426,0.8317652179185144,0.5004150824409784,0.7548023558788762,0.5192307692307693,0.9074074074074074,0.8275862068965517,0.796484375
0.7884615384615384,0.6673737221682428,0.6944716242661448,0.6673737221682428,0.6768800491745697,0.8385300240779359,0.5563125172475423,0.6365823328551783,0.5769230769230769,0.9166666666666666,0.7727272727272727,0.8051259390190013
0.7403846153846154,0.5703887884267631,0.5287162162162162,0.5703887884267631,0.532948953799674,0.7682589072929158,0.41203200532473905,0.7218902932933582,0.5096153846153846,0.9245283018867925,0.8518518518518519,0.7235443037974683
0.7596153846153846,0.6482949701619778,0.6488095238095238,0.6482949701619778,0.6468374000134436,0.8508658874235719,0.5441483571110238,0.6442324564461276,0.5096153846153846,0.9622641509433962,0.92,0.834368530020704
0.7596153846153846,0.6441566063044937,0.6293532338308458,0.6441566063044937,0.6311725359039937,0.8412487976885851,0.5390429808220127,0.6630675363755145,0.49038461538461536,0.9215686274509803,0.84,0.8279982927870252
0.8076923076923077,0.7124713521772346,0.7480323115161558,0.7124713521772346,0.7195772251810912,0.8754858920596585,0.6297397115073013,0.6149940354896596,0.47115384615384615,0.9183673469387755,0.8,0.8492647058823528
0.7403846153846154,0.6955848810687522,0.6959821428571429,0.6955848810687522,0.6830104923325262,0.8772197014960691,0.5730793742408521,0.6215284332841221,0.4807692307692308,0.98,0.9629629629629629,0.8636712749615975
0.7596153846153846,0.6826576576576576,0.6257352941176471,0.6826576576576576,0.6430913064594463,0.8582733129356387,0.5188509407718511,0.6320438309998534,0.49038461538461536,0.9803921568627451,0.96,0.8387387387387387
0.7884615384615384,0.7707497212931995,0.7432539682539683,0.7707497212931995,0.7489789196310936,0.9221611241026579,0.6224257569591657,0.4986180329010728,0.4807692307692308,1.0,1.0,0.8886128364389233
0.8365384615384616,0.7609639830508474,0.7599897540983607,0.7609639830508474,0.7582386363636363,0.8907118724319465,0.7257305515206572,0.5700050417256401,0.5480769230769231,0.9473684210526315,0.8235294117647058,0.897175141242938
0.8269230769230769,0.7630088325652842,0.7833993212669683,0.7630088325652842,0.757097310328372,0.9118299033588743,0.7047162144015972,0.5941652138660913,0.5192307692307693,0.9629629629629629,0.8888888888888888,0.8786482334869431
0.7403846153846154,0.6595121095121095,0.6512096774193549,0.6595121095121095,0.6280413409144753,0.8434306478661318,0.5429099284603734,0.659787474061196,0.4807692307692308,0.96,0.9259259259259259,0.8572072072072072
0.8461538461538461,0.7745859213250518,0.859903381642512,0.7745859213250518,0.7998234153125457,0.882288531728245,0.7041349351167812,0.5783204757424978,0.6538461538461539,0.9411764705882353,0.75,0.8579710144927535
0.8365384615384616,0.7821581196581197,0.7753895608586684,0.7821581196581197,0.7692002612915266,0.8534284949976709,0.6788206723778623,0.5849790563274444,0.5961538461538461,0.9354838709677419,0.7647058823529411,0.8159722222222222
0.7692307692307693,0.6697603866721514,0.7022727272727273,0.6697603866721514,0.6773018648018648,0.8353485742973651,0.5790522581132935,0.6808744178162768,0.5192307692307693,0.9074074074074074,0.7916666666666666,0.8153907496012759
0.8269230769230769,0.7063041125541125,0.7100815850815851,0.7063041125541125,0.7007034632034632,0.8900248968790405,0.6838894988847274,0.5679346103337534,0.5480769230769231,0.9298245614035088,0.7777777777777778,0.8791866028708134
0.8269230769230769,0.6890928906773978,0.696830985915493,0.6890928906773978,0.6897797038642108,0.8654843465086732,0.6522732500505588,0.5764383616157873,0.5096153846153846,0.9622641509433962,0.8888888888888888,0.8843363209560393
0.7692307692307693,0.6993243243243243,0.7368159203980099,0.6993243243243243,0.6874249863611566,0.8639911634756996,0.5485825551670575,0.6085818899604604,0.5384615384615384,0.9285714285714286,0.8333333333333334,0.8333333333333334
0.7980769230769231,0.6721461187214612,0.6423016496465043,0.6721461187214612,0.6471454173067077,0.848016187551733,0.6077392183722087,0.5925947906073529,0.5384615384615384,0.9464285714285714,0.8571428571428571,0.8687582854617765
0.8461538461538461,0.7204462204462205,0.7360310021629416,0.7204462204462205,0.7176785714285714,0.8735429583278636,0.6599865941584578,0.45416305810385454,0.6442307692307693,0.9850746268656716,0.9375,0.8965848965848966
0.8365384615384616,0.7951660687105893,0.7440396613190731,0.7951660687105893,0.7546277080899382,0.9117728578608844,0.693038185636271,0.5231488732136408,0.5,0.9807692307692307,0.9411764705882353,0.9138311975254088
0.8076923076923077,0.7535415455191574,0.7545120320855615,0.7535415455191574,0.7407407407407408,0.9355242257720358,0.6521639450849607,0.5298668788955219,0.46153846153846156,0.9791666666666666,0.95,0.881403791851553
0.8269230769230769,0.7789835164835165,0.7339015151515151,0.7789835164835165,0.7487669683257919,0.8982528993363976,0.6745937499978351,0.5233797688502103,0.46153846153846156,0.9375,0.8333333333333334,0.8831932773109243
0.6634615384615384,0.592948717948718,0.5725155279503106,0.592948717948718,0.5702107279693487,0.7713657665960278,0.3020823327460862,0.8278428406184607,0.4807692307692308,0.88,0.8285714285714286,0.6514942528735632
0.7788461538461539,0.5595518502448398,0.592391304347826,0.5595518502448398,0.5696845510072699,0.8345864782524564,0.5495649230819175,0.6642495170499324,0.49038461538461536,0.9607843137254902,0.9130434782608695,0.8219178082191779
0.75,0.6632928475033738,0.703781512605042,0.6632928475033738,0.6787037037037037,0.8342975433711323,0.5335909756516868,0.7865894341922881,0.5480769230769231,0.9122807017543859,0.8076923076923077,0.7925049309664695
0.7884615384615384,0.7103174603174602,0.6946969696969697,0.7103174603174602,0.6929622310057093,0.8539153580363306,0.597229007869184,0.6210737158974703,0.4423076923076923,0.9565217391304348,0.9090909090909091,0.8155381944444445
0.6730769230769231,0.6097756410256411,0.6293560606060606,0.6097756410256411,0.6097168597168597,0.7992762090617536,0.4635800804396474,0.9122285202865347,0.47115384615384615,0.9183673469387755,0.8823529411764706,0.746969696969697
0.7692307692307693,0.6979186857918201,0.7626698369565217,0.6979186857918201,0.6942643234627968,0.9297943435128522,0.5944320709136508,0.5223451915886418,0.5480769230769231,0.9649122807017544,0.9166666666666666,0.9080274304154902
0.7788461538461539,0.6434557979334099,0.6231884057971014,0.6434557979334099,0.6313770053475936,0.8663438433527735,0.5836823791100659,0.61570969592812,0.5,0.9615384615384616,0.9130434782608695,0.8390480032271077
0.8076923076923077,0.6405128205128205,0.6575,0.6405128205128205,0.6447731397459165,0.8625143022908739,0.5736392389263799,0.6054439581561846,0.49038461538461536,0.9607843137254902,0.9,0.8468965517241379
0.7692307692307693,0.6489732854864434,0.6820833333333334,0.6489732854864434,0.6563649742457689,0.8278317807554993,0.4850525310005076,0.669263858962197,0.5961538461538461,0.9032258064516129,0.75,0.7824248120300752
0.7980769230769231,0.6421536796536796,0.6236842105263157,0.6421536796536796,0.6012820512820513,0.7608117380886055,0.5236911855488605,0.661371271954325,0.5865384615384616,0.9180327868852459,0.7619047619047619,0.7718750000000001
0.7884615384615384,0.6818452380952381,0.678030303030303,0.6818452380952381,0.6557150111969064,0.9085243721582836,0.6065663711699115,0.5745644848109126,0.4519230769230769,0.9574468085106383,0.9090909090909091,0.8718487394957983
0.8461538461538461,0.7113095238095238,0.7421052631578948,0.7113095238095238,0.7193528114580745,0.8470370261591478,0.6721913780664878,0.596170667668749,0.6057692307692307,0.9047619047619048,0.625,0.830295138888889
0.7980769230769231,0.6622201155651859,0.7152777777777778,0.6622201155651859,0.672550567711858,0.7966911611110363,0.5919911443578663,0.7337344168908585,0.5288461538461539,0.9272727272727272,0.8095238095238095,0.7934272300469484
0.7307692307692307,0.6560665362035225,0.6277222777222777,0.6560665362035225,0.6354382332643203,0.8432766015341604,0.4881677207919959,0.6487506840309442,0.5288461538461539,0.9636363636363636,0.9285714285714286,0.836942112240389
0.7788461538461539,0.7136475777511961,0.7529577620521892,0.7136475777511961,0.7273391812865497,0.8857382659290083,0.5984150238611118,0.6029732174526174,0.47115384615384615,0.9387755102040817,0.8695652173913043,0.845703125
0.8173076923076923,0.7771978021978022,0.6968189633996561,0.7771978021978022,0.7207540521494009,0.8792154677901284,0.6912979389872472,0.4921962285524716,0.5288461538461539,0.9454545454545454,0.8421052631578947,0.9100840336134453
0.7884615384615384,0.560672514619883,0.5453586497890295,0.560672514619883,0.5504975622787684,0.7773986304379656,0.5010854882040087,0.7036835502975063,0.5865384615384616,0.9016393442622951,0.7272727272727273,0.7551691729323308
0.8076923076923077,0.7577967806841046,0.7230769230769231,0.7577967806841046,0.7352941176470589,0.8795842152481992,0.6410718207433056,0.5521661200091325,0.5,0.9423076923076923,0.85,0.8809218950064021
0.75,0.6634511322011323,0.6585144927536232,0.6634511322011323,0.6371533228676086,0.8211453912070243,0.48667755051651224,0.6741859303629547,0.5,0.9423076923076923,0.8846153846153846,0.807199211045365
0.7980769230769231,0.6896241830065359,0.7098389630793401,0.6896241830065359,0.6782784924053,0.8578232144660674,0.6266530901843652,0.6518244226362504,0.49038461538461536,0.9411764705882353,0.8571428571428571,0.8390522875816993
0.7884615384615384,0.6991666666666667,0.6628611971104231,0.6991666666666667,0.672358497042929,0.8255779401965684,0.5774603979495968,0.626061921462193,0.5673076923076923,0.9491525423728814,0.8636363636363636,0.8294252873563218
0.7596153846153846,0.6056844126193441,0.6131323631323632,0.6056844126193441,0.6073277136941733,0.8568400249671857,0.4898249398532764,0.6225333576739378,0.5288461538461539,0.9272727272727272,0.84,0.8121961997348652
0.7596153846153846,0.6735641891891893,0.577485380116959,0.6735641891891893,0.5944631940629115,0.8965389870244782,0.5607249148588733,0.5541430035595656,0.5673076923076923,0.9491525423728814,0.88,0.8599099099099099
0.7980769230769231,0.6588845573440644,0.7590196078431372,0.6588845573440644,0.6889591662843284,0.8463758133642363,0.5752113092024866,0.677146644429264,0.5865384615384616,0.9344262295081968,0.8095238095238095,0.8036705078958599
0.7692307692307693,0.7035370879120879,0.7396774193548388,0.7035370879120879,0.7157936507936506,0.8554207540380003,0.5962654910876247,0.7235534677653982,0.47115384615384615,0.9183673469387755,0.8333333333333334,0.835546875
0.7980769230769231,0.717985842985843,0.7102272727272727,0.717985842985843,0.6994360902255639,0.8895155359441074,0.6117683753881252,0.5517459193741956,0.5865384615384616,0.9672131147540983,0.9047619047619048,0.8981981981981982
0.8365384615384616,0.7351641414141413,0.7880789302022179,0.7351641414141413,0.7407619719551989,0.9272924364392523,0.6657138267181119,0.49227439635024134,0.5288461538461539,0.9636363636363636,0.8823529411764706,0.9084201388888888
0.8173076923076923,0.791025641025641,0.8050925925925926,0.791025641025641,0.7975423844681433,0.9436374249456547,0.6887332090778224,0.4605810918419139,0.5576923076923077,1.0,1.0,0.9181818181818182
0.7884615384615384,0.6771367521367521,0.704358552631579,0.6771367521367521,0.6845124096150088,0.8182293612789985,0.622392989444454,0.7133207883070276,0.5,0.9230769230769231,0.8181818181818182,0.8319526627218935
0.7403846153846154,0.6664806547619048,0.6772144522144522,0.6664806547619048,0.670265780730897,0.8193649038116753,0.5342460908959613,0.7379164504779521,0.4519230769230769,0.8936170212765957,0.8148148148148148,0.7847656250000001
0.8365384615384616,0.8026107594936709,0.6756181318681318,0.8026107594936709,0.7155241291147332,0.9559488726265822,0.6578609185834794,0.4197614957631479,0.5673076923076923,1.0,1.0,0.931139240506329
0.7211538461538461,0.628379790144496,0.6382575757575757,0.628379790144496,0.6209779367918903,0.8028938112692837,0.5081344765294636,0.9000168849366984,0.5480769230769231,0.7894736842105263,0.5862068965517241,0.7282229965156795
0.8461538461538461,0.820529704419081,0.8239177489177488,0.820529704419081,0.8177156177156176,0.9253807130647395,0.7252617305803376,0.47465313630413053,0.5,0.9615384615384616,0.875,0.9229528035498185
0.7788461538461539,0.744198312236287,0.6449949698189135,0.744198312236287,0.6343560606060606,0.9421721509331943,0.5323085268828115,0.4733007043020004,0.6153846153846154,0.984375,0.9565217391304348,0.8881012658227848
0.8173076923076923,0.7326658379820519,0.7786016949152542,0.7326658379820519,0.7289870448961357,0.8405332086448097,0.6967007536900071,0.5570622734237469,0.5576923076923077,0.9137931034482759,0.7368421052631579,0.8778801843317973
0.8653846153846154,0.6509398496240602,0.632703081232493,0.6509398496240602,0.6309402021678236,0.941940224394987,0.738970800571309,0.3732512209508049,0.6346153846153846,0.9848484848484849,0.9285714285714286,0.9411764705882354
0.8365384615384616,0.7126532887402452,0.7890909090909091,0.7126532887402452,0.7450793650793651,0.8465324555919509,0.6701484784549934,0.6954107370794171,0.5673076923076923,0.9491525423728814,0.8235294117647058,0.819047619047619
0.7596153846153846,0.667999289267946,0.6617063492063492,0.667999289267946,0.6600961538461538,0.8641259516583842,0.562416587237548,0.6661927467242782,0.5096153846153846,0.9245283018867925,0.84,0.8386446147640177
0.7692307692307693,0.6265873015873016,0.5626934984520124,0.6265873015873016,0.5755309505309505,0.8264846228872674,0.5417332907493162,0.6430866198923193,0.5288461538461539,0.9454545454545454,0.875,0.8206896551724135
0.7307692307692307,0.6498917748917749,0.6772058823529412,0.6498917748917749,0.655017659237608,0.7849892380165525,0.4833015808511251,0.8068403982492461,0.49038461538461536,0.8823529411764706,0.7857142857142857,0.7441176470588234
0.8173076923076923,0.6721391566660109,0.6669117647058824,0.6721391566660109,0.6684669952918127,0.85140776389462,0.6495269950086646,0.5711743243902718,0.6057692307692307,0.9365079365079365,0.7894736842105263,0.8616977225672877
0.8269230769230769,0.7297889610389611,0.693547152480098,0.7297889610389611,0.7046373296373297,0.8953237734487735,0.6266394489346304,0.4740497620217691,0.5576923076923077,0.9655172413793104,0.8888888888888888,0.8816738816738817
0.8076923076923077,0.7122619047619048,0.7418138586956522,0.7122619047619048,0.7241263440860216,0.878304425168333,0.6672945857182813,0.6522646001937727,0.5673076923076923,0.9152542372881356,0.75,0.8761363636363635
0.8365384615384616,0.7229473039215686,0.7440387481371088,0.7229473039215686,0.7262564102564102,0.93135044896885,0.7148240897966353,0.5153175083431006,0.5480769230769231,0.9649122807017544,0.8823529411764706,0.9078124999999999
0.7788461538461539,0.7793803418803419,0.7114478114478114,0.7793803418803419,0.7233119383825417,0.9490894241273796,0.648656425197004,0.4834153499982119,0.4230769230769231,1.0,1.0,0.9375
0.7307692307692307,0.6939869989165763,0.6768465909090909,0.6939869989165763,0.6753968253968254,0.8248178766977319,0.5051200699126313,0.7622685867464104,0.5865384615384616,0.9016393442622951,0.7857142857142857,0.7857447716602647
0.8269230769230769,0.6181318681318682,0.5935054773082942,0.6181318681318682,0.602005231037489,0.8533451005170463,0.6285876484102032,0.5387497509506446,0.49038461538461536,1.0,1.0,0.9042809042809042
0.8173076923076923,0.7549019607843137,0.754029304029304,0.7549019607843137,0.722062969924812,0.9194512708560912,0.6741813756394279,0.5171392582740524,0.5769230769230769,0.9333333333333333,0.7894736842105263,0.9044117647058824
0.8076923076923077,0.6944600280504909,0.7099096258932324,0.6944600280504909,0.6973515015762403,0.8804328515233144,0.6666131967925667,0.6162131040073004,0.5288461538461539,0.9636363636363636,0.9,0.8506144393241167
0.7788461538461539,0.7127136752136753,0.7164179104477612,0.7127136752136753,0.6845604378735768,0.8509664150851248,0.5786084410568995,0.6612262720063977,0.46153846153846156,0.9166666666666666,0.8260869565217391,0.8051215277777778
0.7596153846153846,0.6980833429262115,0.6613263785394933,0.6980833429262115,0.6449217358169366,0.9024831045050974,0.5819938258602999,0.5761096137674633,0.4519230769230769,0.9787234042553191,0.96,0.896155545735749
0.8269230769230769,0.739922393007836,0.6452294685990339,0.739922393007836,0.6663792913792914,0.9411771013928926,0.6456132252202732,0.4311950970815095,0.5576923076923077,1.0,1.0,0.920506329113924
0.75,0.6176136363636364,0.6225490196078431,0.6176136363636364,0.6018013720412521,0.7664012732108972,0.5215784169443487,0.8129235643084614,0.5673076923076923,0.864406779661017,0.6923076923076923,0.7407563025210084
0.7788461538461539,0.699959113886411,0.6908643892339544,0.699959113886411,0.6935897435897436,0.8928264399723613,0.6421251151123918,0.5707782740803625,0.5288461538461539,0.9272727272727272,0.8260869565217391,0.88060263653484
0.8269230769230769,0.7250525210084033,0.7445054945054945,0.7250525210084033,0.7340579710144927,0.870397664274043,0.6675232599702128,0.5786474995431925,0.5576923076923077,0.9310344827586207,0.7777777777777778,0.857843137254902
0.8557692307692307,0.7511961722488039,0.7167693661971831,0.7511961722488039,0.729119425547997,0.9555041514213342,0.6936394645845013,0.3998454008493191,0.5576923076923077,1.0,1.0,0.9276315789473685
0.75,0.6634256266609208,0.6628787878787878,0.6634256266609208,0.6552180275095113,0.8482409342331347,0.5391722330386974,0.6736953259081215,0.5480769230769231,0.8947368421052632,0.7692307692307693,0.7949346405228758
0.7788461538461539,0.7334401709401709,0.645704334365325,0.7334401709401709,0.6676859099804305,0.9115225859350669,0.5539607415094894,0.48899053950712185,0.5865384615384616,0.9508196721311475,0.8695652173913043,0.8801775147928994
0.8076923076923077,0.7264957264957265,0.773524720893142,0.7264957264957265,0.7409813543738106,0.8518025778272333,0.6545720667777157,0.650393448809848,0.6346153846153846,0.9242424242424242,0.75,0.8370808678500986
0.7884615384615384,0.66875,0.6989489489489489,0.66875,0.6351673440714536,0.8225374576777557,0.5665525176566968,0.6702361924548934,0.5673076923076923,0.9152542372881356,0.7727272727272727,0.8120659722222222
0.8173076923076923,0.6798634336677815,0.835,0.6798634336677815,0.70875,0.8651575657851008,0.6334761189180449,0.6173192383667677,0.5480769230769231,0.9473684210526315,0.8421052631578947,0.8339544513457557
0.7692307692307693,0.7368721461187214,0.6584668803418803,0.7368721461187214,0.6668005710063628,0.9160464433028451,0.5704749677709317,0.5429893131164201,0.5,0.9807692307692307,0.9583333333333334,0.8484312859036677
0.8076923076923077,0.6517551369863014,0.6051587301587301,0.6517551369863014,0.6179971988795518,0.8457376923723734,0.6441558688159595,0.5365658608277768,0.5480769230769231,0.9649122807017544,0.9,0.8833406981882457
0.8173076923076923,0.652056277056277,0.7009890325107716,0.652056277056277,0.6475299803114373,0.864977329576004,0.5910370056377817,0.5623749039228687,0.5,0.9615384615384616,0.8947368421052632,0.8513708513708513
0.7596153846153846,0.6698717948717948,0.7048363095238095,0.6698717948717948,0.6766129032258064,0.8698749967980737,0.594539118011452,0.6911083345816725,0.4519230769230769,0.9148936170212766,0.84,0.8303030303030303
0.7980769230769231,0.6456637552588256,0.8205409356725146,0.6456637552588256,0.6364413364413365,0.8852215982283814,0.5962011002841453,0.5614871796156145,0.5769230769230769,1.0,1.0,0.8647033717456253
0.875,0.7703926282051282,0.8647384305835009,0.7703926282051282,0.7923597025016903,0.9299447446545738,0.7763316809536016,0.501670471737487,0.5576923076923077,0.9310344827586207,0.6923076923076923,0.902734375
0.8653846153846154,0.7611814345991561,0.8062794738148423,0.7611814345991561,0.7747231012658228,0.8709569740930856,0.6604407115979943,0.5272002349568455,0.5384615384615384,0.9285714285714286,0.7142857142857143,0.8430379746835444
0.7788461538461539,0.6677905427905428,0.7531067251461987,0.6677905427905428,0.6658785055524186,0.9225260248653875,0.5865109832757529,0.5936005845537349,0.5576923076923077,0.9482758620689655,0.8695652173913043,0.8696172248803827
0.7307692307692307,0.7234962406015037,0.7041666666666667,0.7234962406015037,0.7043956043956043,0.8716612825271183,0.5206203013405063,0.6273634162058896,0.4519230769230769,0.9574468085106383,0.9285714285714286,0.8474789915966386
0.7307692307692307,0.6719618055555556,0.6641530054644809,0.6719618055555556,0.6596627906976744,0.8108259166340233,0.5378887369274721,0.807558207781769,0.4423076923076923,0.8478260869565217,0.75,0.776953125
0.7307692307692307,0.5985926952748312,0.6598343685300208,0.5985926952748312,0.6235864604462475,0.8721837215824045,0.5255610566246467,0.6954673087467216,0.5,0.9423076923076923,0.8928571428571429,0.8394967594357606
0.8461538461538461,0.7711711711711712,0.8566176470588236,0.7711711711711712,0.7871463012308083,0.9352848883252056,0.6917684275932242,0.4814666782869162,0.5961538461538461,0.9838709677419355,0.9375,0.913963963963964
0.7403846153846154,0.6269957983193277,0.63203125,0.6269957983193277,0.6162703962703963,0.8890078937864964,0.5303518593913731,0.6104091593992477,0.5288461538461539,0.9272727272727272,0.8518518518518519,0.8431372549019608
0.7692307692307693,0.6793417562473824,0.7219460227272727,0.6793417562473824,0.6763765082202413,0.8888771562580302,0.6192923379816007,0.7069767800393626,0.49038461538461536,0.8823529411764706,0.75,0.8646926536731635
0.7115384615384616,0.5668876262626262,0.6041666666666667,0.5668876262626262,0.5781639598355685,0.7746921075676116,0.4167459323048071,0.8386425498932769,0.5384615384615384,0.9107142857142857,0.8333333333333334,0.71875
0.7692307692307693,0.7382703081232492,0.7544642857142857,0.7382703081232492,0.7094330400782014,0.8844974010962262,0.6302394034230534,0.6244570349752965,0.40384615384615385,0.9523809523809523,0.9166666666666666,0.8888888888888888
0.8461538461538461,0.7762254901960784,0.7217017954722872,0.7762254901960784,0.7422977539256608,0.8828124227218976,0.7328962764462087,0.5715359850452633,0.5288461538461539,0.9454545454545454,0.8125,0.8848039215686274
0.8076923076923077,0.6900669642857142,0.7912907268170426,0.6900669642857142,0.7060931605707725,0.9001290869849714,0.6503464828002841,0.5754049049865255,0.5865384615384616,0.9180327868852459,0.75,0.8523437500000001
0.8557692307692307,0.8097222222222222,0.7495726495726496,0.8097222222222222,0.7597196380579807,0.9283347261630998,0.7349135234813953,0.4700206828764654,0.6057692307692307,0.9841269841269841,0.9333333333333333,0.9357638888888888
0.8653846153846154,0.7403159340659341,0.7271613190730838,0.7403159340659341,0.7265349257161619,0.8786818249859115,0.7577246875647544,0.516331942532269,0.625,0.9230769230769231,0.6428571428571429,0.8966469428007889
0.875,0.7612554112554113,0.7434640522875817,0.7612554112554113,0.7355953268704947,0.9060038425321761,0.7318483552742353,0.4523813980130221,0.5576923076923077,0.9827586206896551,0.9230769230769231,0.9172679172679172
0.7788461538461539,0.7272041062801933,0.7778846153846154,0.7272041062801933,0.7316824966078697,0.8654007826167205,0.589038074301226,0.6708669272351505,0.4807692307692308,0.96,0.9130434782608695,0.8236024844720498
0.8269230769230769,0.7608136156081361,0.7112448240165632,0.7608136156081361,0.725837331682402,0.9169639615607235,0.6557385308087894,0.4671884258300937,0.5192307692307693,0.9814814814814815,0.9444444444444444,0.898806893504198
0.7596153846153846,0.687012012012012,0.663960597826087,0.687012012012012,0.6588243707093822,0.8924612715395852,0.5481084293928793,0.572659485996793,0.5769230769230769,0.9666666666666667,0.92,0.8635135135135135
0.7980769230769231,0.7276515151515152,0.7173870905214189,0.7276515151515152,0.7092483907610754,0.9087115484481916,0.6088455809541108,0.5737913629667367,0.49038461538461536,0.9803921568627451,0.9523809523809523,0.8832465277777778
0.75,0.5915584415584416,0.5634848484848485,0.5915584415584416,0.5687937062937063,0.8251678613790313,0.4989499727054828,0.71373776544483,0.5480769230769231,0.9649122807017544,0.9230769230769231,0.7931697931697932
0.7788461538461539,0.7284420289855073,0.702682563338301,0.7284420289855073,0.7010342598577893,0.87879746892956,0.6165581093937357,0.6583780573561584,0.5,0.9423076923076923,0.8695652173913043,0.8559006211180124
0.8461538461538461,0.8528340080971659,0.7491830065359477,0.8528340080971659,0.7873586986490212,0.9532320974122593,0.6938308027870879,0.4324622384318723,0.4807692307692308,1.0,1.0,0.9342105263157895
0.7692307692307693,0.5952208419599724,0.7620614035087719,0.5952208419599724,0.6464934762348555,0.8895825483913364,0.5216321122300251,0.6146973144757535,0.49038461538461536,0.9607843137254902,0.9166666666666666,0.8356107660455485
0.7596153846153846,0.662603648424544,0.6451923076923077,0.662603648424544,0.6416556416556417,0.8532490874591724,0.5649836560225021,0.689109379188533,0.5096153846153846,0.9056603773584906,0.8,0.8196853569987899
0.7403846153846154,0.6993620414673046,0.6748805256869773,0.6993620414673046,0.6581617086193745,0.8768051353509453,0.5292743814330167,0.5951759040162481,0.4807692307692308,0.94,0.8888888888888888,0.8566729323308271
0.8076923076923077,0.6834898278560251,0.6893382352941176,0.6834898278560251,0.6776171822722816,0.8325175032974652,0.626319941048388,0.6267424377139896,0.5192307692307693,0.9444444444444444,0.85,0.8463508322663252
0.7692307692307693,0.6128326330532213,0.6514880952380953,0.6128326330532213,0.6294155120242076,0.8398402448100453,0.5564296081351547,0.6643193631739445,0.5288461538461539,0.9454545454545454,0.875,0.8063725490196078
0.9134615384615384,0.8644570707070707,0.8431318681318682,0.8644570707070707,0.8525821596244132,0.9573833088954057,0.8259303146780983,0.3787476473267082,0.6153846153846154,1.0,1.0,0.9652777777777777
0.7692307692307693,0.6646903820816864,0.6372899159663866,0.6646903820816864,0.634823569715656,0.872127708663473,0.5575524238449535,0.6383703027971032,0.4519230769230769,0.9361702127659575,0.875,0.8306418219461698
0.7980769230769231,0.7682692307692307,0.7446514837819185,0.7682692307692307,0.7245117845117844,0.9043767066344006,0.6420865113786185,0.5451033607730216,0.5480769230769231,0.9473684210526315,0.8571428571428571,0.8971354166666667
0.8076923076923077,0.7382125686813187,0.7137408925318761,0.7382125686813187,0.7191490845684394,0.891330921305969,0.6714599132848971,0.5321616235534294,0.5288461538461539,0.9636363636363636,0.9,0.8792968750000001
0.8173076923076923,0.7799447174447174,0.7143939393939394,0.7799447174447174,0.7379720853858784,0.9128888932921191,0.6489938401647568,0.48328997755302,0.6057692307692307,0.9841269841269841,0.9473684210526315,0.9063063063063064
0.7884615384615384,0.678503616636528,0.6783333333333333,0.678503616636528,0.6681547619047619,0.8825473092407352,0.5098865883637862,0.5461588772505878,0.5096153846153846,0.9622641509433962,0.9090909090909091,0.8212658227848101
0.8653846153846154,0.794345238095238,0.8688432835820895,0.794345238095238,0.78451600862641,0.8817851767065521,0.7496414027376583,0.5155805038684164,0.6057692307692307,0.9365079365079365,0.7142857142857143,0.8848739495798319
0.8653846153846154,0.8123076923076923,0.7476190476190476,0.8123076923076923,0.7699142492245941,0.8690753690753691,0.7252639562305605,0.614296712097864,0.5576923076923077,0.9482758620689655,0.7857142857142857,0.8666666666666666
0.7307692307692307,0.7194354664942899,0.7007211538461539,0.7194354664942899,0.6919287608942781,0.8837065755907667,0.5799010263619884,0.6442358484928358,0.46153846153846156,0.9583333333333334,0.9285714285714286,0.8706114398422091
0.75,0.6263440860215054,0.6852579209217072,0.6263440860215054,0.6494268354733471,0.7921930396780066,0.5579303518992965,0.8284316017278777,0.4807692307692308,0.86,0.7307692307692307,0.7526881720430108
0.875,0.72446860651086,0.8700770547945206,0.72446860651086,0.753552043422733,0.8759231241509526,0.7440147338653259,0.5828062239389713,0.5288461538461539,0.9636363636363636,0.8461538461538461,0.9026888604353394
0.7980769230769231,0.673582995951417,0.8170690811535882,0.673582995951417,0.6819327731092437,0.8237656826978689,0.5713418817169991,0.7269253293263801,0.5288461538461539,0.9090909090909091,0.7619047619047619,0.7725563909774436
0.8557692307692307,0.7960917507150383,0.8506944444444444,0.7960917507150383,0.8170954205436964,0.9422720311261306,0.6983974036789342,0.4396014783284423,0.5769230769230769,1.0,1.0,0.9005744586831639
0.7692307692307693,0.6926229508196722,0.6676136363636364,0.6926229508196722,0.6732732732732734,0.8748125280682783,0.627610342099827,0.6418447952406251,0.5288461538461539,0.9090909090909091,0.7916666666666666,0.8543652306519253
0.8173076923076923,0.7094634873323399,0.6984649122807017,0.7094634873323399,0.7010934317229717,0.8909900803596813,0.6969219199459585,0.5802499361500973,0.5673076923076923,0.9322033898305084,0.7894736842105263,0.8924895158215783
0.7884615384615384,0.6517891312667432,0.6720588235294118,0.6517891312667432,0.6590058479532164,0.836165856869186,0.6005882766312591,0.6599782268682352,0.5384615384615384,0.9464285714285714,0.8636363636363636,0.8144413069786204
0.8173076923076923,0.7456082649744622,0.7830882352941176,0.7456082649744622,0.7528861616589082,0.8794559608133359,0.6456435295185118,0.5890026970578155,0.4807692307692308,0.96,0.8947368421052632,0.8561673068715323
0.7307692307692307,0.5907842157842158,0.7136867905056758,0.5907842157842158,0.6123722548380083,0.8296251786316523,0.44253433199463194,0.7515861940044656,0.5192307692307693,0.9074074074074074,0.8214285714285714,0.7466386554621849
0.8461538461538461,0.7174430641821946,0.7306298773690078,0.7174430641821946,0.7140974967061924,0.8622173474804915,0.7025557971761872,0.5567307984303584,0.6346153846153846,0.9090909090909091,0.625,0.8662525879917184
0.8653846153846154,0.7523809523809524,0.8408333333333333,0.7523809523809524,0.7763041556145005,0.9138928023407273,0.7252183287900064,0.49975270022061535,0.5480769230769231,0.9298245614035088,0.7142857142857143,0.8970588235294117
0.75,0.6735680314309347,0.7674180327868853,0.6735680314309347,0.7002758420441347,0.8424586299423212,0.5720295557745856,0.7465011922237985,0.4230769230769231,0.9545454545454546,0.9230769230769231,0.8271889400921659
0.8173076923076923,0.6979166666666666,0.7261029411764706,0.6979166666666666,0.6963861819090456,0.9077549441425121,0.6271374932235343,0.5083898709548998,0.5480769230769231,0.9649122807017544,0.8947368421052632,0.8667534722222222
0.8269230769230769,0.7441403438845893,0.7265625,0.7441403438845893,0.7126687686959334,0.9027267311518513,0.6889424873750453,0.5241953808393928,0.5192307692307693,0.9259259259259259,0.7777777777777778,0.8848861283643893
0.7403846153846154,0.5894888577216768,0.6059027777777778,0.5894888577216768,0.5782649572649573,0.8048102740421956,0.5516666872216076,0.7507414465605807,0.5673076923076923,0.8983050847457628,0.7777777777777778,0.7999231950844854
0.7596153846153846,0.7248441856650811,0.7233598602484472,0.7248441856650811,0.7047555188776563,0.8697513267547711,0.573822324600124,0.6782155962605066,0.5,0.9038461538461539,0.8,0.8212989108511497
0.7692307692307693,0.6279120879120879,0.6999275062137531,0.6279120879120879,0.630213382507903,0.805229962300216,0.5258219437678541,0.7026558826230838,0.4807692307692308,0.94,0.875,0.8147126436781609
0.7884615384615384,0.6978354978354978,0.7336601307189543,0.6978354978354978,0.7053494546498278,0.9118624252442841,0.6110205219853085,0.5653629754059938,0.5576923076923077,0.9310344827586207,0.8181818181818182,0.8580542264752791
0.7788461538461539,0.6658442982456141,0.7146774193548387,0.6658442982456141,0.666576479076479,0.7873984729582623,0.6129674226826871,0.8235644400015527,0.5769230769230769,0.8666666666666667,0.6521739130434783,0.783203125
0.8269230769230769,0.7715330444203683,0.6868784865389279,0.7715330444203683,0.7152042036910458,0.9055911256493596,0.6915907454300558,0.5796095670817538,0.47115384615384615,0.9591836734693877,0.8888888888888888,0.8967136150234741
0.7884615384615384,0.7748946259220232,0.6651160648489314,0.7748946259220232,0.6944444444444444,0.9668565775127012,0.6389523700330902,0.41079005179445444,0.5480769230769231,1.0,1.0,0.9447635881573132
0.7307692307692307,0.6390776672466814,0.630662477088243,0.6390776672466814,0.6226086956521739,0.8170160542101341,0.4878625496555225,0.7127866962714114,0.5576923076923077,0.896551724137931,0.7857142857142857,0.7964148527528808
0.875,0.8419117647058824,0.8432178932178933,0.8419117647058824,0.8234814379852547,0.9568972120098038,0.7810591957655608,0.3851100844526813,0.5865384615384616,0.9672131147540983,0.8461538461538461,0.946078431372549
0.7692307692307693,0.7455013736263736,0.727741935483871,0.7455013736263736,0.7286917960088692,0.905538828629892,0.5849145152023927,0.5571430056923936,0.5192307692307693,0.9629629629629629,0.9166666666666666,0.8584033613445379
0.7307692307692307,0.68372668997669,0.6862068965517241,0.68372668997669,0.6793151969981238,0.8442928345966789,0.5392933563754186,0.818811570236015,0.4326923076923077,0.9333333333333333,0.8928571428571429,0.7956607495069032
0.8076923076923077,0.784550803673938,0.7506069094304388,0.784550803673938,0.7615384615384615,0.9188649923661764,0.6599094061671208,0.5496930496532368,0.4423076923076923,0.9565217391304348,0.9,0.8600242033077854
0.7884615384615384,0.7094932844932844,0.6797171920411357,0.7094932844932844,0.6822020754610569,0.9104861600177956,0.5485279631441206,0.49979850778786844,0.5288461538461539,0.9818181818181818,0.9545454545454546,0.8801775147928994
0.7884615384615384,0.6994686234817814,0.7589285714285715,0.6994686234817814,0.7008725649350649,0.8955468148169369,0.6326362636908743,0.5985263482886853,0.4519230769230769,0.9574468085106383,0.9090909090909091,0.8741617357001973
0.8173076923076923,0.7653874269005847,0.7096354166666666,0.7653874269005847,0.7298813532568663,0.9285735218379617,0.6576579197530025,0.4582671242085255,0.5096153846153846,1.0,1.0,0.9118923611111112
0.7884615384615384,0.738540870893812,0.695647931303669,0.738540870893812,0.7023479065463798,0.9311025350579103,0.630428274389873,0.4839341526389609,0.5384615384615384,1.0,1.0,0.9159663865546218
0.7307692307692307,0.6141909500118455,0.6316395961369623,0.6141909500118455,0.6201175555589444,0.8745424051590587,0.5027398486900243,0.6533291981545066,0.4423076923076923,0.9565217391304348,0.9285714285714286,0.8374344493747479
0.7884615384615384,0.6194681677018634,0.5817341862117982,0.6194681677018634,0.5943514502575223,0.8826632493412385,0.5990549223869059,0.6055655635581255,0.5192307692307693,0.9259259259259259,0.8181818181818182,0.841407867494824
0.7980769230769231,0.7330978656318214,0.7268808777429467,0.7330978656318214,0.7248559288032973,0.8940837865411769,0.6661261073630801,0.6442956408019073,0.5480769230769231,0.9122807017543859,0.7619047619047619,0.8671274961597542
0.7403846153846154,0.6588045634920634,0.6778033794162825,0.6588045634920634,0.6542397660818713,0.86540564353077,0.5545619305823357,0.6716741958828234,0.4519230769230769,0.9361702127659575,0.8888888888888888,0.8250000000000001
0.7403846153846154,0.6218779178338002,0.6275048480930834,0.6218779178338002,0.6150017806267807,0.7727227919014702,0.5208296003856199,0.7805280045535958,0.5096153846153846,0.9245283018867925,0.8518518518518519,0.7848739495798319
0.7596153846153846,0.6477994227994228,0.665778251599147,0.6477994227994228,0.6381927039821776,0.8635420053368015,0.560732232098015,0.6306993014430733,0.5192307692307693,0.9259259259259259,0.84,0.8213716108452951
0.7403846153846154,0.5815716911764706,0.5708020050125313,0.5815716911764706,0.5757874015748031,0.7986518395073545,0.5430930396006739,0.7955467174132262,0.5192307692307693,0.9074074074074074,0.8148148148148148,0.8039062499999999
0.8076923076923077,0.6726190476190477,0.6136363636363636,0.6726190476190477,0.6340579710144927,0.8626532383786848,0.6344825867867339,0.5600027403214738,0.49038461538461536,0.9607843137254902,0.9,0.8828125
0.8076923076923077,0.6870086847524397,0.7310606060606061,0.6870086847524397,0.6817027050628405,0.8988286189577345,0.62876893592736,0.49251068067640336,0.5096153846153846,0.9811320754716981,0.95,0.9288555015466194
0.7980769230769231,0.712111160253575,0.776152073732719,0.712111160253575,0.7340208810797046,0.8831699539167195,0.6678899375050394,0.671858957966127,0.49038461538461536,0.8823529411764706,0.7142857142857143,0.8484509145203434
0.75,0.6052181142410016,0.5955882352941176,0.6052181142410016,0.5847919679145022,0.7929491691727317,0.518299024915429,0.7293852621543073,0.5769230769230769,0.9166666666666666,0.8076923076923077,0.7895860008536064
0.7884615384615384,0.7364190079016681,0.7305900621118012,0.7364190079016681,0.7273351648351648,0.9188657412852818,0.6225323906245447,0.5120794140926782,0.5384615384615384,0.9642857142857143,0.9090909090909091,0.8846308995562728
0.7884615384615384,0.7190157668418538,0.8222222222222222,0.7190157668418538,0.7258430166324904,0.8717107922059986,0.6250004422308009,0.6186646625760438,0.5384615384615384,0.9464285714285714,0.8636363636363636,0.8732919254658384
0.8269230769230769,0.6894993894993895,0.6654411764705882,0.6894993894993895,0.6585918946824987,0.9211059745472702,0.6287210526512542,0.45380311288068065,0.6153846153846154,1.0,1.0,0.9163059163059162
0.7692307692307693,0.6847222222222222,0.6649896800825593,0.6847222222222222,0.672829131652661,0.8446966652414711,0.5463655672700681,0.638670860930434,0.6442307692307693,0.9253731343283582,0.7916666666666666,0.8129340277777777
0.7788461538461539,0.6223152578415737,0.8497820672478207,0.6223152578415737,0.6429890234154141,0.8505920894605764,0.5732691260023138,0.6383456413412645,0.5096153846153846,0.9433962264150944,0.8695652173913043,0.8440988835725679
0.7692307692307693,0.6445596656864263,0.6660798122065728,0.6445596656864263,0.6517672569457417,0.8518116847578152,0.536931802991583,0.6229038467161281,0.5192307692307693,0.9814814814814815,0.9583333333333334,0.8040973111395646
0.7884615384615384,0.6770413644910019,0.8378571428571429,0.6770413644910019,0.6775724275724275,0.8888196939220323,0.5662969167684009,0.6089559084497095,0.5192307692307693,0.9259259259259259,0.8181818181818182,0.8519664162615996
0.8653846153846154,0.6878753753753754,0.837995337995338,0.6878753753753754,0.7052631578947368,0.8827671833017229,0.6995763956707031,0.5280546531403137,0.5673076923076923,0.9491525423728814,0.7857142857142857,0.8896396396396397
0.7307692307692307,0.6427572427572428,0.7318075117370891,0.6427572427572428,0.6675770308123249,0.8220255902682259,0.4870277296919352,0.8000646914467942,0.5288461538461539,0.8545454545454545,0.7142857142857143,0.7479289940828402
0.7307692307692307,0.6216605392156863,0.6182795698924731,0.6216605392156863,0.6165319354974527,0.8542164952357346,0.5330117249799223,0.6908297553862668,0.375,0.9230769230769231,0.8928571428571429,0.8140625
0.8173076923076923,0.530448717948718,0.5418660287081339,0.530448717948718,0.5330599225336067,0.8795333125349387,0.5690551914476047,0.49460120293755977,0.5576923076923077,0.9827586206896551,0.9473684210526315,0.8757396449704141
0.8173076923076923,0.7756539235412474,0.786316029143898,0.7756539235412474,0.7524020694752402,0.9275817222401366,0.6847727058340322,0.5121068851535184,0.5288461538461539,1.0,1.0,0.950917626973965
0.7692307692307693,0.6410714285714285,0.5990502035278155,0.6410714285714285,0.6159239339223972,0.8172599563489875,0.559053675720624,0.7198862206873413,0.46153846153846156,0.8958333333333334,0.7916666666666666,0.8012605042016807
0.75,0.7154416839199447,0.7281746031746031,0.7154416839199447,0.7135642135642135,0.8823638726063645,0.5447856034358601,0.6369309865467213,0.40384615384615385,0.9523809523809523,0.9230769230769231,0.8265010351966873
0.8461538461538461,0.7770676691729324,0.7617028493894165,0.7770676691729324,0.7683594445433506,0.9096608248562582,0.7026807031601294,0.5337613065909086,0.5480769230769231,0.9649122807017544,0.875,0.8936974789915967
0.75,0.6083246708246708,0.6890782828282829,0.6083246708246708,0.6208088714938029,0.8098662163621362,0.4765970519935278,0.7020506114347064,0.5192307692307693,0.9259259259259259,0.8461538461538461,0.7761261261261262
0.7788461538461539,0.6670175438596492,0.6218253968253968,0.6670175438596492,0.6336143152913338,0.8679423107718587,0.5794678676119549,0.5716627632913535,0.5384615384615384,0.9285714285714286,0.8260869565217391,0.8772413793103448
0.7403846153846154,0.6619318181818181,0.6841151385927505,0.6619318181818181,0.6379164060056304,0.848553032003992,0.5097738784901693,0.6908370266490245,0.5480769230769231,0.9298245614035088,0.8518518518518519,0.8003472222222221
0.7211538461538461,0.6894592476489029,0.675,0.6894592476489029,0.6749287749287749,0.885859278561246,0.5720968908790204,0.66476577329162,0.49038461538461536,0.9411764705882353,0.896551724137931,0.8575712143928036
0.7884615384615384,0.6498168498168498,0.67562656641604,0.6498168498168498,0.6533286647992531,0.8448761460571198,0.582126067877544,0.5938843073972523,0.5192307692307693,0.9629629629629629,0.9090909090909091,0.8403361344537815
0.875,0.8498829039812646,0.8651515151515151,0.8498829039812646,0.8559243786516514,0.9572097565370423,0.7897176103525451,0.46879743944870467,0.5288461538461539,0.9818181818181818,0.9230769230769231,0.9359512009149829
0.8076923076923077,0.7176136363636363,0.6625,0.7176136363636363,0.6711375212224109,0.8605034347866714,0.5725002281604323,0.5665374136188045,0.5,0.9807692307692307,0.95,0.8473958333333333
0.8173076923076923,0.7159226190476191,0.7552369730295889,0.7159226190476191,0.7135363524579441,0.8771778301241445,0.6537505916126137,0.6038041173897969,0.5480769230769231,0.9649122807017544,0.8947368421052632,0.8432773109243696
0.7596153846153846,0.7113573021181716,0.6817708333333333,0.7113573021181716,0.6877519886673205,0.8807618924784743,0.5647485238854979,0.5959137198325931,0.5,0.9230769230769231,0.84,0.8265010351966873
0.7403846153846154,0.6805164319248826,0.6880252100840336,0.6805164319248826,0.6764388489208633,0.8271698208292939,0.4954963186507471,0.7498268488331781,0.5865384615384616,0.9344262295081968,0.8518518518518519,0.7819035424669227
0.7980769230769231,0.7012966689023027,0.7292207792207792,0.7012966689023027,0.6897014124798856,0.912034128885658,0.6031683128609735,0.5473446066830054,0.5769230769230769,0.9333333333333333,0.8095238095238095,0.8689714041826717
0.8557692307692307,0.7782738095238095,0.7170995670995671,0.7782738095238095,0.7363106532935755,0.8820034714916895,0.6649176404000703,0.47469565232993555,0.5480769230769231,0.9649122807017544,0.8666666666666667,0.8833333333333333
0.8173076923076923,0.7051158301158301,0.7227870813397128,0.7051158301158301,0.6544907407407408,0.8892224017495757,0.6056748281677189,0.5794649854787265,0.5673076923076923,0.8983050847457628,0.6842105263157895,0.8234234234234235
0.7692307692307693,0.6986301369863014,0.6516483516483517,0.6986301369863014,0.6631752305665348,0.8672503476791901,0.5664576644533562,0.6234031821793724,0.4519230769230769,0.9361702127659575,0.875,0.860362350861688
0.7403846153846154,0.6683035714285714,0.6448717948717949,0.6683035714285714,0.615197956577267,0.8947866528743993,0.5299421829867712,0.6073808237983206,0.5,0.9423076923076923,0.8888888888888888,0.8449579831932773
0.7884615384615384,0.6601809954751131,0.7048611111111112,0.6601809954751131,0.6776373626373626,0.8522122697823118,0.5859070371497214,0.6494305327118612,0.49038461538461536,0.9411764705882353,0.8636363636363636,0.7973856209150327
0.7211538461538461,0.7390873015873016,0.6335403726708074,0.7390873015873016,0.6481068121693121,0.8833432866019215,0.5446856492911591,0.6220656447062444,0.4519230769230769,0.9148936170212766,0.8620689655172413,0.86328125
0.7403846153846154,0.6093256059009484,0.6176948051948052,0.6093256059009484,0.5978315801845213,0.7663983366408937,0.4766721930207946,0.8549455063544937,0.5384615384615384,0.8928571428571429,0.7777777777777778,0.756517896597437
0.7884615384615384,0.7339041095890411,0.7178571428571429,0.7339041095890411,0.7246503496503496,0.8405988532134765,0.5701953423583555,0.6786158718054718,0.49038461538461536,0.9019607843137255,0.7727272727272727,0.8139637649138312
0.8173076923076923,0.7634615384615385,0.7731481481481481,0.7634615384615385,0.7625764023210831,0.9193945477599323,0.6852299932369731,0.5399319272302132,0.5384615384615384,0.9642857142857143,0.8947368421052632,0.9234714003944774
0.7884615384615384,0.7023809523809523,0.7434895833333334,0.7023809523809523,0.706632436110048,0.8718157760209974,0.6111032045807125,0.6060103030681572,0.5384615384615384,0.9821428571428571,0.9545454545454546,0.8907563025210085
0.8557692307692307,0.7835144927536232,0.7704690831556504,0.7835144927536232,0.7742647058823529,0.9079443258281573,0.7288515934077752,0.5274531034439419,0.5384615384615384,0.9821428571428571,0.9333333333333333,0.9047619047619047
0.7692307692307693,0.6141909500118455,0.5931089743589744,0.6141909500118455,0.6000481000481,0.8032168527656205,0.5748528060665066,0.6812868637561075,0.49038461538461536,0.9215686274509803,0.8333333333333334,0.8281565147236789
0.7692307692307693,0.6335583984837716,0.6627595717066839,0.6335583984837716,0.6402190819737235,0.8492965354106421,0.5689528008187544,0.6532184609868819,0.5096153846153846,0.9433962264150944,0.875,0.8418717224687373
0.7403846153846154,0.5409867909867909,0.5386513157894737,0.5409867909867909,0.5356789180318593,0.8668308782415389,0.393231441725387,0.5913872248198161,0.49038461538461536,0.9215686274509803,0.8518518518518519,0.8022682445759368
0.7884615384615384,0.6864035807697779,0.6896358543417367,0.6864035807697779,0.6724099711827176,0.8869981171220762,0.593411230072559,0.5950492299191568,0.5865384615384616,0.9508196721311475,0.8636363636363636,0.8672641912078531
0.7596153846153846,0.6310160427807487,0.5826923076923077,0.6310160427807487,0.6024483336436418,0.8264873209482192,0.5658931549182263,0.7740770027346129,0.5288461538461539,0.8909090909090909,0.76,0.8125996810207337
0.8365384615384616,0.6778508771929824,0.8486842105263158,0.6778508771929824,0.6819548872180451,0.8213293647343547,0.6302461769928176,0.6625500156133707,0.5,0.9423076923076923,0.8235294117647058,0.8096804511278195
0.7980769230769231,0.6798201798201798,0.7844594594594594,0.6798201798201798,0.7115421455938697,0.8746221071067266,0.5901029244438637,0.6349931320595619,0.5384615384615384,0.9285714285714286,0.8095238095238095,0.830672268907563
0.8269230769230769,0.7890122265122266,0.709375,0.7890122265122266,0.7310078620820308,0.941675258332867,0.6819058337357868,0.4268741828748159,0.5480769230769231,1.0,1.0,0.9328828828828829
0.8173076923076923,0.774831081081081,0.7066245158350422,0.774831081081081,0.7230295566502463,0.9163730801945563,0.6541303523151829,0.48811210552157136,0.5673076923076923,0.9491525423728814,0.8421052631578947,0.9076576576576577
0.8076923076923077,0.7454024520255863,0.7286706349206349,0.7454024520255863,0.7314968814968815,0.9022240948843839,0.6581660277133536,0.5526802616271241,0.5288461538461539,0.9272727272727272,0.8,0.8753529649052036
0.8076923076923077,0.8013888888888889,0.7325148809523809,0.8013888888888889,0.7588702147525678,0.92424010802823,0.644239711579637,0.4993115576409852,0.47115384615384615,1.0,1.0,0.8888888888888888
0.8365384615384616,0.7606220657276996,0.73140756302521,0.7606220657276996,0.7428550528277643,0.889466364272741,0.6833589719802758,0.5551599407471035,0.47115384615384615,0.9591836734693877,0.8823529411764706,0.8617157490396927
0.8942307692307693,0.7614583333333333,0.7064777327935223,0.7614583333333333,0.7293159738811912,0.9543151431167053,0.747825132091526,0.3821588980298393,0.5384615384615384,1.0,1.0,0.9744791666666667
0.7884615384615384,0.6674579701120797,0.7365867579908676,0.6674579701120797,0.6717058056099151,0.9033756446340336,0.5530259352013447,0.5721730909077104,0.5673076923076923,0.9491525423728814,0.8636363636363636,0.859478568272205
0.7403846153846154,0.5548245614035088,0.5808531746031746,0.5548245614035088,0.5592556842556842,0.8007103809409675,0.43624326572111444,0.6886765373219327,0.4807692307692308,0.92,0.8518518518518519,0.7720864661654135
0.8076923076923077,0.5937939769209118,0.5766522210184182,0.5937939769209118,0.5840705813727396,0.8535604533525094,0.6233075116641495,0.5937765912001408,0.5961538461538461,0.9516129032258065,0.85,0.8578431372549019
0.7596153846153846,0.6800595238095237,0.6887351778656127,0.6800595238095237,0.6690524516611474,0.838549305299869,0.5418474626703464,0.683786967032372,0.5480769230769231,0.9473684210526315,0.88,0.8146701388888888
0.7019230769230769,0.5798611111111112,0.6022727272727273,0.5798611111111112,0.5884709773794281,0.8128549263697727,0.39186231789890197,0.7551266212830706,0.5192307692307693,0.9259259259259259,0.8709677419354839,0.7556423611111112
0.8076923076923077,0.699404761904762,0.6534764140397943,0.699404761904762,0.669825350823673,0.8486620644312951,0.5851835280732293,0.5601655910687205,0.4519230769230769,0.9787234042553191,0.95,0.8624260355029586
0.8269230769230769,0.6816964285714285,0.743993993993994,0.6816964285714285,0.6839869281045752,0.8178726604278075,0.6466759895238521,0.6792150505657487,0.6826923076923077,0.9154929577464789,0.6666666666666666,0.7970588235294117
0.8365384615384616,0.7631218905472636,0.8809788654060067,0.7631218905472636,0.7827153105933982,0.9298370952268584,0.7094402190872764,0.5320162745209079,0.5288461538461539,0.9818181818181818,0.9411764705882353,0.8955223880597015
0.7692307692307693,0.6404761904761905,0.5808823529411765,0.6404761904761905,0.5996723860292077,0.8761570365823057,0.5602877548878956,0.6020847802828192,0.6057692307692307,0.9523809523809523,0.875,0.8449579831932774
0.7884615384615384,0.6871323529411765,0.6694023569023569,0.6871323529411765,0.6676901998710509,0.8805967133620689,0.5829355832550869,0.5271306533028555,0.5288461538461539,1.0,1.0,0.8827586206896553
0.7692307692307693,0.704225352112676,0.7132352941176471,0.704225352112676,0.6839078187999051,0.8482099095999507,0.5545295009690965,0.641190561254471,0.5192307692307693,0.9259259259259259,0.8333333333333334,0.8275714895433205
0.7596153846153846,0.6152830444203683,0.6957792207792208,0.6152830444203683,0.6379773439148286,0.8348903937510215,0.5169762589363484,0.68784807823083,0.5192307692307693,0.9444444444444444,0.88,0.8028169014084507
0.8076923076923077,0.7146881287726359,0.7516666666666666,0.7146881287726359,0.7307106896147991,0.8318430480656851,0.5897585548893578,0.7563455790850627,0.5576923076923077,0.896551724137931,0.7,0.7750746905676483
0.7884615384615384,0.7577891591976099,0.7086748633879781,0.7577891591976099,0.704978354978355,0.9175845110276828,0.6351319359653437,0.509022221322183,0.5384615384615384,0.9642857142857143,0.9090909090909091,0.9231754161331626
0.7596153846153846,0.7033333333333334,0.6274731182795699,0.7033333333333334,0.6474351175993511,0.8859705796228596,0.5578225397513169,0.6083417168608408,0.5673076923076923,0.9491525423728814,0.88,0.8418390804597702
0.8173076923076923,0.7139676113360324,0.7740900759361089,0.7139676113360324,0.7356459330143541,0.8838671952270428,0.6634001087538448,0.6426145854014481,0.47115384615384615,0.9387755102040817,0.8421052631578947,0.8690335305719922
0.7692307692307693,0.624413145539906,0.580548128342246,0.624413145539906,0.5973653509624732,0.8415438306929848,0.5512854751364327,0.6638130090411607,0.5480769230769231,0.9298245614035088,0.8333333333333334,0.8437900128040974
0.7788461538461539,0.5638095238095238,0.5486111111111112,0.5638095238095238,0.5516250944822374,0.7370692273500214,0.5258826564562364,0.6165073153704663,0.5288461538461539,0.9636363636363636,0.9130434782608695,0.7981609195402299
0.75,0.6817599067599067,0.677073732718894,0.6817599067599067,0.6721247737329687,0.8511227671864803,0.5639114718325622,0.6723582065050654,0.5576923076923077,0.8793103448275862,0.7307692307692307,0.8220907297830373
0.7884615384615384,0.7626373626373626,0.6823529411764706,0.7626373626373626,0.7079991281604184,0.8444860694860694,0.5523901212500896,0.6246943403846468,0.4519230769230769,0.9361702127659575,0.8636363636363636,0.8205128205128206
0.8076923076923077,0.7321428571428571,0.7132352941176471,0.7321428571428571,0.7176013641530883,0.8755718413939048,0.6250201888544589,0.5769719536072684,0.5192307692307693,0.9259259259259259,0.8,0.853732638888889
0.8076923076923077,0.7245495495495495,0.7469558599695586,0.7245495495495495,0.7328385899814471,0.8786674895159541,0.5860870248637271,0.6052674185185795,0.5192307692307693,0.9629629629629629,0.9,0.845945945945946
0.7596153846153846,0.6653645833333333,0.6496794871794871,0.6653645833333333,0.6293846899224806,0.823150192481884,0.5825073807174458,0.78142923625619,0.5384615384615384,0.8928571428571429,0.76,0.775390625
0.7980769230769231,0.7694444444444444,0.7118881118881119,0.7694444444444444,0.7329679776488286,0.920046834625323,0.6006085603238079,0.5036013300457661,0.4807692307692308,1.0,1.0,0.9066666666666667
0.7596153846153846,0.6177838164251208,0.6586743393009378,0.6177838164251208,0.6110606784519828,0.8117142017048902,0.543868573247415,0.7385117054969478,0.4230769230769231,0.9318181818181818,0.88,0.8024844720496895
0.7596153846153846,0.6383509389671362,0.6931788931788931,0.6383509389671362,0.6624521072796934,0.8837976130686787,0.5011126128760771,0.6021126170540889,0.5,0.9615384615384616,0.92,0.8126333760136578
0.7980769230769231,0.6288194444444445,0.5627853881278538,0.6288194444444445,0.5724630202958376,0.7955838303245217,0.548618688778339,0.6368113390988264,0.49038461538461536,0.9411764705882353,0.8571428571428571,0.8312500000000002
0.8365384615384616,0.7972689075630252,0.7707431457431456,0.7972689075630252,0.7808978553253363,0.917682685854292,0.7070959228242149,0.5050100692044939,0.5480769230769231,0.9649122807017544,0.8823529411764706,0.920343137254902
0.7692307692307693,0.678430587677163,0.6393229166666667,0.678430587677163,0.645685838684302,0.9150410685170169,0.5700566500744015,0.5179007973013032,0.5480769230769231,0.9824561403508771,0.9583333333333334,0.8846663720724701
0.7980769230769231,0.6863636363636364,0.6332889125799573,0.6863636363636364,0.6436731950844854,0.8674098899905351,0.6015493385595397,0.5844178359177863,0.5096153846153846,0.9811320754716981,0.9523809523809523,0.8884078884078883
0.7884615384615384,0.6103907096424702,0.588768115942029,0.6103907096424702,0.5954511278195489,0.8046689918232274,0.5793892084474468,0.6536071680461889,0.5865384615384616,0.9180327868852459,0.7727272727272727,0.8215962441314555
0.7596153846153846,0.6011261261261261,0.6142213642213642,0.6011261261261261,0.6061656518178257,0.8132751443988507,0.4835952341869038,0.6881873049623118,0.6057692307692307,0.9523809523809523,0.88,0.7954954954954956
0.7211538461538461,0.6589724310776942,0.6726190476190477,0.6589724310776942,0.6645204537230723,0.8541804155067487,0.548454870169955,0.7208084676652439,0.4519230769230769,0.9574468085106383,0.9310344827586207,0.8017917133258677
0.7884615384615384,0.6786390692640693,0.7180735930735931,0.6786390692640693,0.6848439348439348,0.911179345143161,0.6150718246357055,0.5657857954949763,0.49038461538461536,0.9803921568627451,0.9545454545454546,0.8811802232854864
0.8365384615384616,0.6252012072434607,0.7371527777777778,0.6252012072434607,0.6672974484484706,0.7812765481779567,0.6462285010831156,0.7139882024171449,0.5961538461538461,0.8870967741935484,0.5882352941176471,0.7678190354246692
0.8461538461538461,0.8160714285714286,0.7974648814749781,0.8160714285714286,0.805289027548858,0.929639355742297,0.7084428512969744,0.4973550429378074,0.5288461538461539,0.9818181818181818,0.9375,0.9197478991596639
0.8173076923076923,0.6478245641344957,0.6060606060606061,0.6478245641344957,0.6165323580957258,0.8632759408183692,0.6508757575690602,0.5128887937596611,0.5384615384615384,0.9821428571428571,0.9473684210526315,0.9089703932832524
0.7788461538461539,0.641053391053391,0.6825657894736842,0.641053391053391,0.6497326203208557,0.7974264045396315,0.4916618529277911,0.6903467269140611,0.4326923076923077,0.9555555555555556,0.9130434782608695,0.748917748917749
0.7596153846153846,0.678690339511235,0.6805027173913043,0.678690339511235,0.661422185544323,0.8760467720381734,0.572249780025686,0.6373471239586164,0.49038461538461536,0.9411764705882353,0.88,0.8471157724889069
0.7692307692307693,0.6303571428571428,0.6222527472527473,0.6303571428571428,0.6241911597174755,0.8482841216423873,0.5755615059119983,0.5978130051869693,0.5769230769230769,0.95,0.875,0.8623366013071896
0.7692307692307693,0.6175271739130435,0.5963114754098361,0.6175271739130435,0.6024291497975709,0.8617212497647281,0.5908278826901265,0.5697101126380429,0.5961538461538461,0.967741935483871,0.9166666666666666,0.8923395445134575
0.8173076923076923,0.7512994634473509,0.6487851288056206,0.7512994634473509,0.6757206208425721,0.9179976811455168,0.6787791334964661,0.49009205002276546,0.5288461538461539,1.0,1.0,0.9261630388390951
0.7692307692307693,0.7005735492577598,0.6455882352941176,0.7005735492577598,0.65625,0.7972769452689203,0.5384082346736027,0.6979562360302651,0.5384615384615384,0.9285714285714286,0.8333333333333334,0.7739661654135338
0.8173076923076923,0.6833122469635627,0.7418831168831169,0.6833122469635627,0.7015092752195682,0.9364012378019992,0.6645214743883339,0.48553860328631543,0.5576923076923077,0.9655172413793104,0.8947368421052632,0.9124260355029586
0.7980769230769231,0.7204878454878455,0.7082417582417583,0.7204878454878455,0.693451786991302,0.9155936056745774,0.6424148133689818,0.5573441389286828,0.5192307692307693,0.9629629629629629,0.9047619047619048,0.8931419457735248
0.8173076923076923,0.7632042253521127,0.6734561814371995,0.7632042253521127,0.7019794721407625,0.9108120743565477,0.6791705364479544,0.5272844749124892,0.5192307692307693,0.9629629629629629,0.8947368421052632,0.9018352539479301
0.7884615384615384,0.7542756539235413,0.7015837104072398,0.7542756539235413,0.7223671726755219,0.8648026186903782,0.6059039590769437,0.6261186547340271,0.5096153846153846,0.9433962264150944,0.8636363636363636,0.8403755868544601
0.7403846153846154,0.6678571428571429,0.6850414078674948,0.6678571428571429,0.6613120473414591,0.8571445954268233,0.5145541939419944,0.681394906103389,0.5,0.9230769230769231,0.8518518518518519,0.8163865546218488
0.7211538461538461,0.6481837606837607,0.641263440860215,0.6481837606837607,0.6312941176470588,0.8584896574339033,0.518767940897777,0.6923670778015752,0.5,0.9230769230769231,0.8620689655172413,0.8331360946745562
0.7307692307692307,0.6570139793006404,0.7484931113662457,0.6570139793006404,0.682295975426663,0.8640084050944307,0.47789758227374274,0.6587818999398294,0.49038461538461536,0.9215686274509803,0.8571428571428571,0.8066581306017926
0.8173076923076923,0.6492424242424243,0.601575456053068,0.6492424242424243,0.6177944862155388,0.8493891331236052,0.6638840601499049,0.5641454315302,0.5576923076923077,0.9482758620689655,0.8421052631578947,0.8409090909090908
0.7692307692307693,0.7143270944741533,0.6969551282051282,0.7143270944741533,0.6859335839598997,0.8681446316403703,0.5818596143837999,0.6761233444143518,0.5192307692307693,0.9074074074074074,0.7916666666666666,0.8141339869281046
0.6923076923076923,0.6151385927505331,0.6470674486803518,0.6151385927505331,0.5894124847001224,0.8169505067767662,0.47426151739946537,0.7700458925700162,0.5,0.9230769230769231,0.875,0.7938684953610325
0.7884615384615384,0.6604914111763427,0.6845238095238095,0.6604914111763427,0.6629993569648742,0.8666802849304274,0.573390881930382,0.5641418935633339,0.5384615384615384,1.0,1.0,0.8696420680512594
0.8269230769230769,0.6565079365079365,0.6308677098150782,0.6565079365079365,0.6385888095323548,0.8850058335493907,0.621016443308583,0.5049265449163565,0.5288461538461539,0.9818181818181818,0.9444444444444444,0.8772413793103448
0.8557692307692307,0.7232954545454546,0.6799275680421422,0.7232954545454546,0.6928885463058125,0.9091833786453243,0.7227580465940665,0.4346135351424549,0.6634615384615384,0.9710144927536232,0.8666666666666667,0.9327256944444444
0.7692307692307693,0.6093506493506493,0.6128378378378379,0.6093506493506493,0.6065559161196745,0.8283373099728042,0.4974927937088512,0.6010844669401265,0.5384615384615384,0.9642857142857143,0.9166666666666666,0.8165517241379311
0.6538461538461539,0.5694444444444444,0.5346517917511833,0.5694444444444444,0.5264227642276422,0.8257846467391305,0.45567113614640103,0.7045458656474006,0.33653846153846156,0.9714285714285714,0.9722222222222222,0.7994791666666666
0.7980769230769231,0.6147918861959958,0.5878378378378378,0.6147918861959958,0.593452380952381,0.7821258679046672,0.5713412673830918,0.667969638212731,0.5192307692307693,0.8888888888888888,0.7142857142857143,0.7887759611135661
0.8173076923076923,0.713768115942029,0.8478641456582633,0.713768115942029,0.7243231761479936,0.9041117941274822,0.6536845825101855,0.5127477745026834,0.6346153846153846,0.9545454545454546,0.8421052631578947,0.884472049689441
0.7788461538461539,0.6187214611872146,0.5621498599439776,0.6187214611872146,0.5804319793681496,0.8646201824727708,0.5637813475366915,0.5897391646078858,0.5288461538461539,0.9636363636363636,0.9130434782608695,0.8391515687140964
0.7692307692307693,0.674587173579109,0.7234126984126984,0.674587173579109,0.6926406926406926,0.8165031036213121,0.5825221810532859,0.770695716872162,0.5288461538461539,0.9272727272727272,0.8333333333333334,0.7964669738863287
0.7692307692307693,0.63,0.59046875,0.63,0.5997302158273381,0.8524265465581816,0.562169583450346,0.620489510811001,0.5096153846153846,0.9811320754716981,0.9583333333333334,0.8827586206896552
0.7307692307692307,0.6201842275371687,0.5630587484035761,0.6201842275371687,0.5757575757575758,0.8604624034212491,0.5539068270603228,0.6916586827519162,0.4807692307692308,0.94,0.8928571428571429,0.8461538461538461
0.7692307692307693,0.6915849673202614,0.6557904411764706,0.6915849673202614,0.6685413977503227,0.8880947039380207,0.5838043699965288,0.5709722689455279,0.5480769230769231,0.9473684210526315,0.875,0.8537581699346405
0.8461538461538461,0.6465189873417722,0.5866477272727273,0.6465189873417722,0.6089743589743589,0.7526659709130084,0.6303180220484467,0.6048803853055909,0.5480769230769231,0.9298245614035088,0.75,0.7994936708860759
0.7788461538461539,0.7240070387129209,0.797043325526932,0.7240070387129209,0.733264320220842,0.9287863564115709,0.6223612181899856,0.567950187996362,0.5480769230769231,0.9473684210526315,0.8695652173913043,0.8796844181459567
0.7884615384615384,0.6755696058327637,0.730144149236857,0.6755696058327637,0.6775258861873035,0.8538752183489026,0.6297868877903577,0.6745961419257305,0.49038461538461536,0.9215686274509803,0.8181818181818182,0.8405103668261563
0.8365384615384616,0.7119758351101634,0.7819917440660474,0.7119758351101634,0.7253662384494027,0.9092566389006982,0.6943632708431193,0.5196199639784409,0.5961538461538461,0.967741935483871,0.8823529411764706,0.8995562726906009
0.8365384615384616,0.8310810810810811,0.7373931623931624,0.8310810810810811,0.7668882285475966,0.9146685172306291,0.6954820709138214,0.467738604410582,0.47115384615384615,0.9591836734693877,0.8823529411764706,0.9162162162162163
0.8076923076923077,0.7532805429864253,0.7523291925465839,0.7532805429864253,0.7421875,0.8817999966291266,0.6635105029922962,0.5466621536596228,0.5480769230769231,0.9824561403508771,0.95,0.8583826429980276
0.7980769230769231,0.7471258249946775,0.768483709273183,0.7471258249946775,0.7470156106519743,0.8797345595535921,0.6655859747445567,0.6373603474446953,0.5480769230769231,0.9298245614035088,0.8095238095238095,0.8574151734654976
0.7884615384615384,0.7227299016772701,0.8381270903010034,0.7227299016772701,0.757956857956858,0.9197345080459257,0.6170962366515779,0.5480933579393712,0.5288461538461539,1.0,1.0,0.8741617357001972
0.7403846153846154,0.6744505494505495,0.6306277056277056,0.6744505494505495,0.6180937118437119,0.8524820408246261,0.49613484702240096,0.6155490147159836,0.5673076923076923,0.9322033898305084,0.8518518518518519,0.8234714003944773
0.7307692307692307,0.7225113122171946,0.691411238825032,0.7225113122171946,0.6677437743390039,0.9054801797118932,0.581393315773844,0.6179469865120144,0.4230769230769231,0.9772727272727273,0.9642857142857143,0.8441814595660749
0.7788461538461539,0.6498003685503685,0.6276235846451257,0.6498003685503685,0.6304597701149425,0.8320650688720246,0.5443584333765825,0.6585192437068338,0.6153846153846154,0.9375,0.8260869565217391,0.8135135135135135
0.7788461538461539,0.7380952380952381,0.7458048224177256,0.7380952380952381,0.740632318501171,0.8864874911361389,0.6292394070370201,0.6802571816494039,0.5192307692307693,0.9074074074074074,0.782608695652174,0.8261363636363637
0.7692307692307693,0.6354978354978356,0.7431962025316455,0.6354978354978356,0.6571928071928071,0.8255861649979972,0.4671899968917316,0.6734281999312908,0.5096153846153846,0.9245283018867925,0.8333333333333334,0.7622988505747127
0.8365384615384616,0.7826492537313433,0.7915778251599147,0.7826492537313433,0.7864094163329693,0.8860553012867611,0.693709509611941,0.5993920106185656,0.5769230769230769,0.9333333333333333,0.7647058823529411,0.8620411456232351
0.75,0.6660714285714285,0.6331265508684863,0.6660714285714285,0.6390692640692641,0.8403652252841154,0.5507141663060968,0.7160242446270335,0.5,0.9423076923076923,0.8846153846153846,0.8294117647058823
0.8173076923076923,0.7433892766146006,0.7933644595359366,0.7433892766146006,0.759156500065591,0.8454877963000744,0.696393392884747,0.7130274004950764,0.5673076923076923,0.8983050847457628,0.6842105263157895,0.8387947269303201
0.8076923076923077,0.7282608695652174,0.6859975961538461,0.7282608695652174,0.6817537725432462,0.9048046848199404,0.655775969664485,0.5624131292647737,0.5192307692307693,0.9444444444444444,0.85,0.8464912280701753
0.8173076923076923,0.722987012987013,0.6493506493506493,0.722987012987013,0.6681157937806874,0.8880781480521168,0.6523046537014008,0.5903880896142093,0.49038461538461536,0.9411764705882353,0.8421052631578947,0.9062068965517242
0.7019230769230769,0.5881868131868132,0.5775613275613276,0.5881868131868132,0.5746910010067905,0.8557461493920653,0.4590461174011197,0.6280784790522057,0.5673076923076923,0.9830508474576272,0.967741935483871,0.8357142857142857
0.8076923076923077,0.6889925373134328,0.65,0.6889925373134328,0.658778980752406,0.8617177754933272,0.6681471635530198,0.5901225017982676,0.5865384615384616,0.9344262295081968,0.8,0.8701089148850344
0.8076923076923077,0.784180035650624,0.775534991324465,0.784180035650624,0.7770798963547055,0.8884096994364465,0.651927903450773,0.6538286623382714,0.5096153846153846,0.9433962264150944,0.85,0.8616427432216905
0.7980769230769231,0.7222222222222222,0.7701069078947369,0.7222222222222222,0.7297109910961904,0.9032398492417791,0.6417292473743629,0.5374761823320499,0.5769230769230769,0.95,0.8571428571428571,0.877591706539075
0.8076923076923077,0.6899373149373149,0.6680900621118012,0.6899373149373149,0.6666431607608079,0.892611866092015,0.6138549651145054,0.5627154255581998,0.5384615384615384,0.9285714285714286,0.8,0.8581081081081081
0.7884615384615384,0.714559331797235,0.7310951760104302,0.714559331797235,0.7192326333151191,0.898322202807179,0.6416731013236363,0.6158947205991173,0.5384615384615384,0.9642857142857143,0.9090909090909091,0.8713517665130568
0.8076923076923077,0.6944746376811594,0.7226190476190476,0.6944746376811594,0.7032612005633588,0.8725387317313956,0.627162600445231,0.591542603687097,0.5480769230769231,0.9473684210526315,0.85,0.8666666666666667
0.7692307692307693,0.7033834586466166,0.6939324116743472,0.7033834586466166,0.6878895336342146,0.9109288859593516,0.5805626543259724,0.5221467131846347,0.5384615384615384,0.9642857142857143,0.9166666666666666,0.9054621848739496
0.7115384615384616,0.6551338446499737,0.7080075662042875,0.6551338446499737,0.661170546932742,0.8743197760235674,0.5131850717808443,0.722728350395028,0.5480769230769231,0.9122807017543859,0.8333333333333334,0.8056835637480798
0.7884615384615384,0.6596200980392157,0.8423611111111111,0.6596200980392157,0.6907647907647908,0.8892114075537988,0.5860099375611321,0.5974003595933465,0.5096153846153846,0.9622641509433962,0.9090909090909091,0.8402777777777778
0.8653846153846154,0.7257675438596491,0.6799920969441517,0.7257675438596491,0.6917894520301371,0.9120827852277207,0.7080147636733098,0.48036056401586547,0.5288461538461539,0.9818181818181818,0.9285714285714286,0.9078947368421053
0.8461538461538461,0.7248511904761905,0.8765889830508474,0.7248511904761905,0.7123898339823734,0.9182866889804499,0.7485473958996733,0.5010359873008795,0.49038461538461536,0.9411764705882353,0.8125,0.9185606060606061
0.6826923076923077,0.5929244366744367,0.5780158730158731,0.5929244366744367,0.5716652742968532,0.8117475037498688,0.41728279447086003,0.7522629054207061,0.4230769230769231,0.9545454545454546,0.9393939393939394,0.7643229166666666
0.8173076923076923,0.7404761904761905,0.7027529761904762,0.7404761904761905,0.7164179104477612,0.8738197526201491,0.6652209665653442,0.5342416003482391,0.5192307692307693,0.9814814814814815,0.9473684210526315,0.9021008403361345
0.8173076923076923,0.7293742216687422,0.6996376811594203,0.7293742216687422,0.7004053498711099,0.8735461342253177,0.6386999953851359,0.5913902049779638,0.5288461538461539,0.9272727272727272,0.7894736842105263,0.8387096774193549
0.8461538461538461,0.7511261261261261,0.699134199134199,0.7511261261261261,0.7095238095238094,0.8977146983940463,0.7074087204062541,0.46432429302949213,0.5192307692307693,0.9629629629629629,0.875,0.9153153153153153
0.7692307692307693,0.6087035030697003,0.625,0.6087035030697003,0.6159344104171691,0.8134082561319057,0.5300096027568307,0.7134437619211649,0.5576923076923077,0.9310344827586207,0.8333333333333334,0.7947076397780624
0.8076923076923077,0.6564685314685315,0.5887605042016807,0.6564685314685315,0.6063784246575342,0.8493328241012688,0.6101385751703777,0.5068741385883027,0.6153846153846154,0.96875,0.9,0.8717948717948718
0.8557692307692307,0.7825874125874126,0.7470238095238094,0.7825874125874126,0.7608534322820037,0.8795370655223483,0.6945273292585489,0.5326000994164899,0.6442307692307693,0.9552238805970149,0.8,0.8570114942528736
0.7596153846153846,0.6593984962406015,0.6547619047619048,0.6593984962406015,0.6284687534687534,0.8522510282218748,0.5898322914335772,0.6905491486811821,0.5480769230769231,0.9649122807017544,0.92,0.8192024777390632
0.8653846153846154,0.7699949698189135,0.7734290357529795,0.7699949698189135,0.7707367280606717,0.8818530495210646,0.7295543570425544,0.5365689588734601,0.6057692307692307,0.9206349206349206,0.6428571428571429,0.8706786171574905
0.8173076923076923,0.6850694444444445,0.6992753623188406,0.6850694444444445,0.6789224835137488,0.9081755727254635,0.6363005725948989,0.5481468111141926,0.5673076923076923,0.9491525423728814,0.8421052631578947,0.8867187500000001
0.7980769230769231,0.717742673992674,0.7442201518288475,0.717742673992674,0.7293532338308457,0.8960454329203966,0.6250355067203685,0.6063848577853832,0.5865384615384616,0.9508196721311475,0.8571428571428571,0.8658777120315582
0.7692307692307693,0.700031328320802,0.6151515151515151,0.700031328320802,0.6260157096424702,0.8324219609659272,0.5488359474537815,0.5911930034197219,0.5769230769230769,0.95,0.875,0.8397556390977444
0.7692307692307693,0.6678699436763953,0.7785323049407556,0.6678699436763953,0.7045739348370927,0.8796734232950334,0.5866422431157995,0.697092852130167,0.5096153846153846,0.9433962264150944,0.875,0.8502304147465438
0.7692307692307693,0.6741125541125541,0.6679137323943662,0.6741125541125541,0.6668813175662491,0.8618559143458516,0.5181632712873083,0.6025957378454236,0.5673076923076923,0.9322033898305084,0.8333333333333334,0.8220689655172414
0.875,0.7316295546558704,0.7871835443037974,0.7316295546558704,0.7569854744387852,0.8946014637000619,0.7042495714320369,0.4754007517547898,0.6153846153846154,0.953125,0.7692307692307693,0.8923872180451128
0.8269230769230769,0.6877450980392157,0.7339015151515151,0.6877450980392157,0.6902347238168134,0.8437844197962874,0.6785844790330078,0.6214150435559358,0.5576923076923077,0.9655172413793104,0.8888888888888888,0.8672385620915033
0.8653846153846154,0.7155039197949646,0.8725961538461539,0.7155039197949646,0.7361425145597807,0.8872162713745887,0.742282073732925,0.5251447284726288,0.5865384615384616,0.9344262295081968,0.7142857142857143,0.8878580072609923
0.8461538461538461,0.7418478260869565,0.7474850809889173,0.7418478260869565,0.7437417654808959,0.9144659704296739,0.7021328333597096,0.50804891253833,0.5096153846153846,0.9622641509433962,0.875,0.8795031055900621
0.8653846153846154,0.8601325757575757,0.6918859649122807,0.8601325757575757,0.7316945373467113,0.9367900549587742,0.6762348921290401,0.4751623299632671,0.5384615384615384,1.0,1.0,0.8953125
0.7692307692307693,0.7564564564564564,0.7121756661991585,0.7564564564564564,0.7126782531194297,0.8749574602598119,0.5893182712287233,0.6435532317595343,0.4807692307692308,0.96,0.9166666666666666,0.8707207207207208
0.7403846153846154,0.628125,0.6354166666666666,0.628125,0.628124295059779,0.8294211647727273,0.5662150287849104,0.7489223918171061,0.49038461538461536,0.9215686274509803,0.8518518518518519,0.8431818181818183
0.7692307692307693,0.6544937794937795,0.6649305555555556,0.6544937794937795,0.6252920694552618,0.848569171256366,0.5232691762822695,0.6271102570717483,0.5384615384615384,0.9107142857142857,0.7916666666666666,0.7905405405405405
0.8076923076923077,0.6890432098765432,0.6572222222222222,0.6890432098765432,0.667948717948718,0.7727609340040283,0.5391163617761785,0.6123296453041908,0.5865384615384616,0.9344262295081968,0.8,0.7944176060118089
0.8846153846153846,0.745920745920746,0.902972027972028,0.745920745920746,0.7881818181818181,0.8927297030172923,0.7526743356954491,0.5161639846653703,0.5769230769230769,0.95,0.75,0.872829861111111
0.7692307692307693,0.6605621431708388,0.7228260869565217,0.6605621431708388,0.6650237634219327,0.8985750852199994,0.5581393169321816,0.5892863738188521,0.5480769230769231,0.9473684210526315,0.875,0.839751552795031
0.8461538461538461,0.818041958041958,0.7916222459132907,0.818041958041958,0.7847476525821596,0.945123931904115,0.7040206852049041,0.436050808784471,0.5576923076923077,0.9827586206896551,0.9375,0.928735632183908
0.6346153846153846,0.5960141433622629,0.6361416361416361,0.5960141433622629,0.5847020965767757,0.8283606362166436,0.38408758262026466,0.8498056694180878,0.5192307692307693,0.8703703703703703,0.8157894736842105,0.7624857033930614
0.7596153846153846,0.6166666666666667,0.5672638773819387,0.6166666666666667,0.5381443060251008,0.8655823282070474,0.4861767360756978,0.5605974203965277,0.5673076923076923,0.9830508474576272,0.96,0.8458333333333333
0.7596153846153846,0.6045454545454546,0.5520833333333333,0.6045454545454546,0.5685522531160115,0.8239524497420966,0.48174227381035084,0.6676958537508233,0.5096153846153846,0.9245283018867925,0.84,0.7946127946127945
0.7884615384615384,0.6178323412698412,0.7298801369863014,0.6178323412698412,0.6464360683446128,0.7932363792156091,0.6036343267019022,0.7729189071888292,0.5576923076923077,0.9137931034482759,0.7727272727272727,0.812109375
0.7884615384615384,0.6621848739495798,0.7162280701754387,0.6621848739495798,0.683489827856025,0.8526219722370194,0.572453376171925,0.6603870587659961,0.4807692307692308,0.92,0.8181818181818182,0.8193277310924371
0.7980769230769231,0.6702922077922078,0.6531432748538011,0.6702922077922078,0.652324051812435,0.8781590323970064,0.5625906593742103,0.5749935477697579,0.5769230769230769,0.9666666666666667,0.9047619047619048,0.8407888407888409
0.7884615384615384,0.6809607645875251,0.663084036340039,0.6809607645875251,0.6630688152427283,0.8541502340641003,0.5928892101361725,0.7095688203499381,0.5,0.9230769230769231,0.8181818181818182,0.8275714895433205
0.7307692307692307,0.6820436507936508,0.7180196253345228,0.6820436507936508,0.6944556083302886,0.8971303173973959,0.5722327275240363,0.627238368238494,0.47115384615384615,0.9387755102040817,0.8928571428571429,0.8593750000000001
0.7788461538461539,0.6576961770623742,0.5892857142857143,0.6576961770623742,0.6155437352245863,0.8331590820842119,0.5646213845289016,0.6804206914996054,0.49038461538461536,0.9215686274509803,0.8260869565217391,0.8143405889884763
0.8269230769230769,0.7529761904761906,0.765625,0.7529761904761906,0.7252178649237472,0.9243361724218674,0.687172483329885,0.473486038760694,0.5480769230769231,0.9824561403508771,0.9444444444444444,0.931423611111111
0.7980769230769231,0.6742250287026407,0.67515625,0.6742250287026407,0.6591222925588035,0.8760986747182571,0.6390632484924268,0.6074239870159297,0.5961538461538461,0.9516129032258065,0.8571428571428571,0.8894715611133521
0.8365384615384616,0.7192668833513904,0.75,0.7192668833513904,0.7326811539714765,0.8744255232812332,0.6659683469877372,0.5875613090788299,0.5769230769230769,0.9333333333333333,0.7647058823529411,0.8463508322663252
0.8269230769230769,0.6705660450173181,0.7214041095890411,0.6705660450173181,0.6908116883116884,0.8719711669400438,0.6632181895702963,0.5543584504780623,0.5673076923076923,0.9491525423728814,0.8333333333333334,0.8559903186768859
0.5961538461538461,0.590625,0.5785714285714285,0.590625,0.5584126984126984,0.8520514349375448,0.39046809084609696,0.7423149131922175,0.375,0.9743589743589743,0.9761904761904762,0.7847656249999999
0.7019230769230769,0.7160087719298245,0.6560185185185186,0.7160087719298245,0.6650641025641025,0.8368237169009479,0.4677240720562349,0.7124447421133441,0.49038461538461536,0.9215686274509803,0.8709677419354839,0.8228383458646616
0.8846153846153846,0.8175595238095238,0.8244047619047619,0.8175595238095238,0.8183922558922558,0.9171363797070247,0.7638019488623089,0.46538481181838964,0.5192307692307693,0.9814814814814815,0.9166666666666666,0.89453125
0.7403846153846154,0.5296888053467,0.6078869047619047,0.5296888053467,0.5610119047619048,0.764530407458039,0.37246626081703194,0.7978381567800206,0.4519230769230769,0.8723404255319149,0.7777777777777778,0.699718045112782
0.8365384615384616,0.7997598162071846,0.7663143382352942,0.7997598162071846,0.7760592425946757,0.8736228712609324,0.7122140470510236,0.6329511174554483,0.5192307692307693,0.9259259259259259,0.7647058823529411,0.8644986449864499
0.875,0.7576617324561403,0.9106254442075338,0.7576617324561403,0.791570150039484,0.94462547714976,0.7735550819551753,0.42262290042779915,0.6057692307692307,0.9841269841269841,0.9230769230769231,0.9218750000000001
0.7307692307692307,0.6348378324184776,0.6457287933094384,0.6348378324184776,0.6239997272868942,0.8427900272315703,0.5433836550488631,0.7514401614448768,0.4230769230769231,0.9318181818181818,0.8928571428571429,0.7907066052227342
0.75,0.696368092691622,0.6791696364932288,0.696368092691622,0.6562530822637432,0.8399301089565028,0.5731959967579215,0.7458898821277932,0.4326923076923077,0.9555555555555556,0.9230769230769231,0.8088235294117647
0.7403846153846154,0.6139423076923077,0.6294504643962848,0.6139423076923077,0.6162958070852808,0.8791893147103345,0.5216920362224128,0.623213513266572,0.5288461538461539,0.9636363636363636,0.9259259259259259,0.8607495069033532
0.7211538461538461,0.607843137254902,0.6475694444444444,0.607843137254902,0.6131313131313132,0.8101206841853694,0.4882276691958228,0.7334345465767557,0.4807692307692308,0.94,0.896551724137931,0.801062091503268
0.7307692307692307,0.6212121212121212,0.6532634032634033,0.6212121212121212,0.6162127346337872,0.8401323352275852,0.5091386111241227,0.7633265690802082,0.5384615384615384,0.9285714285714286,0.8571428571428571,0.8030303030303031
0.8365384615384616,0.6289954337899543,0.6341911764705882,0.6289954337899543,0.6311484786090139,0.753008104168405,0.6753701469634728,0.5789706717256418,0.625,0.9538461538461539,0.8235294117647058,0.8745028722934158
0.8173076923076923,0.6713089802130898,0.5768557422969187,0.6713089802130898,0.5981168989973098,0.8695971004603239,0.6499548865165762,0.5970462444332315,0.5480769230769231,0.9649122807017544,0.8947368421052632,0.8921785240830755
0.8076923076923077,0.7046536796536796,0.7372372372372372,0.7046536796536796,0.7193986568986569,0.8585286994351145,0.5976992224847888,0.6193797735906905,0.4807692307692308,0.98,0.95,0.8411764705882353
0.7980769230769231,0.6923865369946606,0.7464285714285714,0.6923865369946606,0.7140159301130524,0.8753160750141018,0.6023048106896572,0.5894746962313973,0.5096153846153846,0.9245283018867925,0.8095238095238095,0.8443064182194617
0.8269230769230769,0.7323026646556058,0.7276737967914438,0.7323026646556058,0.7282354625866075,0.879620204455422,0.6844540743854236,0.6015713247390747,0.5096153846153846,0.9811320754716981,0.9444444444444444,0.8777120315581854
0.7788461538461539,0.6233675373134329,0.587741935483871,0.6233675373134329,0.5975792728669973,0.8848537723187909,0.6082253995217387,0.5990859323015723,0.49038461538461536,0.9607843137254902,0.9130434782608695,0.8580072609923357
0.6826923076923077,0.6463268365817092,0.6399470899470898,0.6463268365817092,0.6383383542096084,0.8092813276183027,0.49466370987748365,0.924150165305962,0.4230769230769231,0.8409090909090909,0.7878787878787878,0.7683658170914542
0.8076923076923077,0.6731770833333333,0.6948717948717948,0.6731770833333333,0.6766285869713042,0.8715528008078232,0.6554333475224815,0.5636115654674742,0.5192307692307693,0.9814814814814815,0.95,0.872265625
0.8076923076923077,0.6921428571428572,0.66875,0.6921428571428572,0.6688912109601765,0.9032988567477809,0.6061618865312323,0.5076643864961329,0.5769230769230769,0.95,0.85,0.8694252873563219
0.7788461538461539,0.6992322291235336,0.7428405572755418,0.6992322291235336,0.671169572857529,0.9225037230758054,0.5906031710823175,0.5107765963268509,0.6153846153846154,0.953125,0.8695652173913043,0.8952380952380952
0.7692307692307693,0.6073412698412698,0.6333741830065359,0.6073412698412698,0.5991404428904429,0.8196627116050322,0.5303164234028003,0.6911327036283299,0.49038461538461536,0.9411764705882353,0.875,0.7868923611111112
0.7788461538461539,0.6034820031298904,0.5813519021739131,0.6034820031298904,0.5727182539682539,0.9072509589268359,0.5936248096901598,0.5368101414671563,0.4807692307692308,1.0,1.0,0.8886043533930857
0.7692307692307693,0.6222614342179559,0.6742294520547945,0.6222614342179559,0.6058545002206974,0.849262023242955,0.5466157570053497,0.6844584748417171,0.5673076923076923,0.9322033898305084,0.8333333333333334,0.8136645962732918
0.7692307692307693,0.6671549171549171,0.6453091684434967,0.6671549171549171,0.6489963936772447,0.8708190953494037,0.5480763754214588,0.5997558664185034,0.5288461538461539,0.9818181818181818,0.9583333333333334,0.8774774774774775
0.7307692307692307,0.5437299187299187,0.5312758906379453,0.5437299187299187,0.5327339901477832,0.8411041311697107,0.4417872374570443,0.6641740286118268,0.46153846153846156,0.9791666666666666,0.9642857142857143,0.7963963963963964
0.7692307692307693,0.6818693693693694,0.6253968253968254,0.6818693693693694,0.6365393983680429,0.8598224746012869,0.5226884420429737,0.6280332527518385,0.5288461538461539,0.9636363636363636,0.9166666666666666,0.8211711711711712
0.7980769230769231,0.6167658730158729,0.5821805006587615,0.6167658730158729,0.5902825614219918,0.9023015143232822,0.6124661682104156,0.5314639625956943,0.4423076923076923,0.9782608695652174,0.9523809523809523,0.8793402777777778
0.8461538461538461,0.7388888888888889,0.7653846153846154,0.7388888888888889,0.7510384012539185,0.8660007339009415,0.726834068996698,0.602471835093953,0.5096153846153846,0.8867924528301887,0.625,0.8610143244289586
0.7980769230769231,0.6878787878787879,0.6927997076023392,0.6878787878787879,0.6734674329501915,0.8460677088429055,0.5618823743529441,0.5646953731085576,0.5384615384615384,0.9642857142857143,0.9047619047619048,0.8520710059171598
0.8365384615384616,0.8739035087719298,0.6961857379767828,0.8739035087719298,0.7464701964701964,0.9677437479568486,0.6782088574367363,0.39062534476556443,0.5769230769230769,1.0,1.0,0.9389097744360902
0.7403846153846154,0.6264880952380952,0.6104870384917518,0.6264880952380952,0.6089644642740946,0.861621050141071,0.5084653717796407,0.6254691742530947,0.5480769230769231,0.9122807017543859,0.8148148148148148,0.7945378151260505
0.8846153846153846,0.7638888888888888,0.7585428122545169,0.7638888888888888,0.7409685155101725,0.928439953200483,0.7793967326446707,0.4149186879137864,0.5769230769230769,0.9833333333333333,0.9166666666666666,0.9422743055555555
0.8173076923076923,0.7231723675385648,0.7238805970149254,0.7231723675385648,0.7144501278772378,0.8922608159781198,0.6498704305350047,0.5383377376642179,0.5673076923076923,0.9491525423728814,0.8421052631578947,0.8877507469056765
0.8461538461538461,0.6883814102564103,0.7201492537313433,0.6883814102564103,0.7005467561275184,0.9076137394178818,0.717924832320138,0.4986760451670341,0.6057692307692307,0.9841269841269841,0.9375,0.917948717948718
0.7884615384615384,0.6632246376811594,0.7083333333333334,0.6632246376811594,0.675131548844658,0.7876869160661943,0.580588361063152,0.7821690079971325,0.5961538461538461,0.8709677419354839,0.6363636363636364,0.773913043478261
0.7307692307692307,0.6368869936034115,0.6903846153846154,0.6368869936034115,0.6460578428663535,0.8025790692127682,0.4981833486317114,0.847835890038989,0.5480769230769231,0.8947368421052632,0.7857142857142857,0.7712787414279951
0.8269230769230769,0.7337344028520499,0.7862103174603176,0.7337344028520499,0.7525793650793652,0.9105784481436758,0.6640527250894396,0.5399021929415071,0.47115384615384615,0.9591836734693877,0.8888888888888888,0.8692810457516339
0.7884615384615384,0.6125,0.5763975155279503,0.6125,0.5787468671679198,0.8656706795518855,0.544147731899248,0.5420002705194226,0.5192307692307693,0.9814814814814815,0.9545454545454546,0.8578125
0.7884615384615384,0.7071428571428572,0.6912078264141478,0.7071428571428572,0.6968364463066605,0.883875216753368,0.5973569133920671,0.5722001664385336,0.6442307692307693,0.9701492537313433,0.9090909090909091,0.8726890756302522
0.7211538461538461,0.6507644641812027,0.6629971590909091,0.6507644641812027,0.6524459930313589,0.8244391903977547,0.5218029172235913,0.8353390105008873,0.5769230769230769,0.9,0.7931034482758621,0.7872664887533358
0.7211538461538461,0.6369485294117647,0.5598958333333334,0.6369485294117647,0.5807291666666666,0.8597869782382651,0.5205726713165074,0.7321368207906171,0.4807692307692308,0.88,0.7931034482758621,0.7798202614379085
0.7596153846153846,0.6471404182671787,0.663768115942029,0.6471404182671787,0.6026241000378931,0.7956954827695399,0.5412595308017736,0.7891741254228931,0.5673076923076923,0.9152542372881356,0.8,0.7644046094750322
0.7692307692307693,0.7214285714285713,0.7316864295125165,0.7214285714285713,0.7045310015898252,0.8169639132248645,0.5701977134829392,0.7195178035285982,0.5480769230769231,0.8596491228070176,0.6666666666666666,0.7663865546218487
0.7980769230769231,0.6433159722222223,0.8493243243243244,0.6433159722222223,0.6819813543165578,0.8444032186889594,0.6241167091681993,0.6619761121514194,0.5865384615384616,0.9180327868852459,0.7619047619047619,0.8468749999999999
0.7307692307692307,0.5592342342342342,0.5340909090909091,0.5592342342342342,0.5294642857142857,0.8632858433270816,0.48151562652905067,0.5839476811552347,0.5384615384615384,0.9821428571428571,0.9642857142857143,0.8364864864864865
0.7692307692307693,0.739613327848622,0.7282366071428572,0.739613327848622,0.7038032945736434,0.8976630357966584,0.6042478801946657,0.6571525054652221,0.5961538461538461,0.9193548387096774,0.7916666666666666,0.8816568047337278
0.8557692307692307,0.7447619047619047,0.7301975051975051,0.7447619047619047,0.732078591576695,0.8576050827483197,0.6863004960257645,0.5164689049450171,0.5961538461538461,0.9516129032258065,0.8,0.8528735632183908
0.8846153846153846,0.8123626373626374,0.8107142857142857,0.8123626373626374,0.8046875,0.9259104132716345,0.7973725235518102,0.42979580538700507,0.5480769230769231,0.9649122807017544,0.8333333333333334,0.9297830374753452
0.7692307692307693,0.6878607503607503,0.6117216117216118,0.6878607503607503,0.6221929122112833,0.8745045569252827,0.5612585202763274,0.5777071507778224,0.5096153846153846,0.9811320754716981,0.9583333333333334,0.8605098605098604
0.7788461538461539,0.643888888888889,0.6676691729323309,0.643888888888889,0.6451912064930537,0.832993257477271,0.5077506766891133,0.6491374497565844,0.625,0.9384615384615385,0.8260869565217391,0.7793103448275863
0.8365384615384616,0.7615546218487395,0.7537626991094946,0.7615546218487395,0.7574795574795575,0.9301609916850214,0.6937348571715451,0.499508947738098,0.5576923076923077,0.9655172413793104,0.8823529411764706,0.8999183006535948
0.8076923076923077,0.6970238095238095,0.711847555923778,0.6970238095238095,0.6994851336606656,0.8526837042752494,0.6178116237002624,0.6288878813927218,0.5096153846153846,0.9245283018867925,0.8,0.8336134453781513
0.7596153846153846,0.6556186868686869,0.6604592924126171,0.6556186868686869,0.6497278795464028,0.8769060185526931,0.5272242972483099,0.6112126805591681,0.5769230769230769,0.9166666666666666,0.8,0.8472222222222222
0.8269230769230769,0.7049540133779264,0.6888020833333334,0.7049540133779264,0.6868045112781954,0.9087509046063229,0.6851357389784316,0.5180938405492814,0.5192307692307693,0.9814814814814815,0.9444444444444444,0.9167701863354036
0.8076923076923077,0.6006639596136962,0.6085049580472921,0.6006639596136962,0.6030228758169935,0.859315425138965,0.632156047822663,0.5494997432608741,0.5673076923076923,0.9491525423728814,0.85,0.8955223880597014
0.8076923076923077,0.7034825870646766,0.7221014492753624,0.7034825870646766,0.7003725230145109,0.8734983646589085,0.641117183893929,0.6409257380789989,0.5288461538461539,0.8909090909090909,0.7,0.8467123840258167
0.7596153846153846,0.6971830985915493,0.6823593073593074,0.6971830985915493,0.6874876701519037,0.8066080812526675,0.5394018972466829,0.7972685455115093,0.5769230769230769,0.8833333333333333,0.72,0.7712334613743064
0.7788461538461539,0.6784381663113006,0.6969866071428572,0.6784381663113006,0.6718284260268993,0.8894304844223221,0.6036175097935763,0.5993289885841013,0.5,0.9807692307692307,0.9565217391304348,0.8785800726099234
0.8461538461538461,0.7965248599439776,0.7872103386809269,0.7965248599439776,0.7900417268496228,0.9144225066920707,0.7147671719015705,0.4629760759511325,0.5288461538461539,0.9818181818181818,0.9375,0.9093137254901961
0.7403846153846154,0.6107503607503608,0.7009330759330759,0.6107503607503608,0.616461835625743,0.794437686965648,0.4237156038997838,0.7553724549221557,0.5096153846153846,0.9245283018867925,0.8518518518518519,0.735930735930736
0.7980769230769231,0.6956661206661207,0.7020941438102298,0.6956661206661207,0.6701907288114184,0.8687769238666901,0.588808608916228,0.5822116469360665,0.5673076923076923,0.9491525423728814,0.8571428571428571,0.8472972972972973
0.8846153846153846,0.7429029304029304,0.7476793248945147,0.7429029304029304,0.7422879980017485,0.9150006017331367,0.7186201649313197,0.43941789762659145,0.5961538461538461,1.0,1.0,0.9122287968441815
0.8365384615384616,0.738961038961039,0.7537626991094946,0.738961038961039,0.7437952520189361,0.9435278590586101,0.7006763869742885,0.43977874554471535,0.6346153846153846,0.9696969696969697,0.8823529411764706,0.936602870813397
0.7019230769230769,0.5632177681473456,0.6088554987212276,0.5632177681473456,0.5727666670491358,0.7582978802719025,0.4179494469733325,0.7985051806741212,0.38461538461538464,0.9,0.8709677419354839,0.7294067434912506
0.7980769230769231,0.6430059523809524,0.602328431372549,0.6430059523809524,0.6153985507246378,0.8215912414867133,0.6105344862581068,0.6439973753979019,0.5865384615384616,0.9344262295081968,0.8095238095238095,0.8382352941176471
0.7403846153846154,0.6357030636292222,0.6893028846153846,0.6357030636292222,0.6498977199022102,0.8736599336733342,0.5277868817918347,0.6591515888179131,0.5,0.9615384615384616,0.9259259259259259,0.8596208148446955
0.7884615384615384,0.7485119047619048,0.6949404761904762,0.7485119047619048,0.7101621808143548,0.9177629815513162,0.6149112904408949,0.5168485259570927,0.5096153846153846,0.9811320754716981,0.9545454545454546,0.8897569444444444
0.8173076923076923,0.7564365671641791,0.775,0.7564365671641791,0.7484962406015038,0.9104900485280417,0.6669530325716618,0.5240808777050141,0.5576923076923077,0.9137931034482759,0.7368421052631579,0.8753529649052038
0.8173076923076923,0.6214285714285714,0.5806277056277056,0.6214285714285714,0.5954831932773109,0.8476900000924462,0.6525085901463422,0.5584906736571342,0.5961538461538461,0.9516129032258065,0.8421052631578947,0.8840336134453781
0.8461538461538461,0.7293487762237763,0.8090579710144927,0.7293487762237763,0.7314369256474519,0.9362024943399498,0.7252515108961158,0.4918454076912113,0.5576923076923077,1.0,1.0,0.9300781249999999
0.7403846153846154,0.6376421464108031,0.6593039772727273,0.6376421464108031,0.636356010401812,0.8413029831301229,0.5347441941662697,0.7130140939856755,0.5096153846153846,0.9433962264150944,0.8888888888888888,0.8212989108511496
0.8173076923076923,0.6835164835164835,0.6999434389140272,0.6835164835164835,0.6476190476190475,0.8540231760643697,0.6638532948774029,0.608497321137808,0.625,0.8923076923076924,0.631578947368421,0.8264299802761341
0.7692307692307693,0.6294424019607843,0.6664048180151871,0.6294424019607843,0.632995239212965,0.8373915899963724,0.5844819339663834,0.7046773727584144,0.5673076923076923,0.9152542372881356,0.7916666666666666,0.8171875000000001
0.8269230769230769,0.6196895424836601,0.6123737373737373,0.6196895424836601,0.6145215481036377,0.8410429344610632,0.6749672557086343,0.5640829220351526,0.5384615384615384,0.9642857142857143,0.8888888888888888,0.8995098039215687
0.7884615384615384,0.7098765432098766,0.6255630630630631,0.7098765432098766,0.6270929339477727,0.894888342776101,0.517586829849741,0.5731255089911913,0.5096153846153846,0.9811320754716981,0.9545454545454546,0.8529253891572731
0.7980769230769231,0.7375816993464053,0.7221014492753624,0.7375816993464053,0.7258571428571428,0.8869161452931597,0.6515438059405695,0.559107965233154,0.5,0.9615384615384616,0.9047619047619048,0.872189349112426
0.7403846153846154,0.6006944444444444,0.7187214611872146,0.6006944444444444,0.6193573667711598,0.8740045667270532,0.46489197480128647,0.6205972863283875,0.47115384615384615,0.9591836734693877,0.9259259259259259,0.7907986111111112
0.7884615384615384,0.7302350427350428,0.7243885869565218,0.7302350427350428,0.7145989304812834,0.9020074584012601,0.6104443450359153,0.5563937433524626,0.5384615384615384,0.9642857142857143,0.9090909090909091,0.8971354166666666
0.7019230769230769,0.6401515151515151,0.6142241379310345,0.6401515151515151,0.6042626728110598,0.8418470171091998,0.5038979701557434,0.7531466281123916,0.5192307692307693,0.9259259259259259,0.8709677419354839,0.8169856459330143
0.8173076923076923,0.7259199134199134,0.670138888888889,0.7259199134199134,0.6899156771639993,0.8749742123859673,0.6056405998126616,0.5187847389205441,0.625,0.9230769230769231,0.7368421052631579,0.8364598364598365
0.75,0.6356716599683352,0.6895780051150895,0.6356716599683352,0.6349351175993512,0.8152266974889926,0.5198561644134027,0.699067159010907,0.5576923076923077,0.9482758620689655,0.8846153846153846,0.7987577639751553
0.7596153846153846,0.6872549019607843,0.7536041301383206,0.6872549019607843,0.6793393408682076,0.8613664769641056,0.602172034269293,0.6833759495050947,0.5480769230769231,0.8947368421052632,0.76,0.8416569879984515
0.7403846153846154,0.6508116883116883,0.6134469696969697,0.6508116883116883,0.6146393080603606,0.8258709554355947,0.4884290850451352,0.675196498157759,0.5192307692307693,0.9259259259259259,0.8518518518518519,0.7869167869167868
0.7788461538461539,0.6577119883040936,0.6706349206349206,0.6577119883040936,0.6450577200577201,0.8180488773587633,0.6184813615606303,0.7533907258542347,0.5192307692307693,0.9074074074074074,0.782608695652174,0.8126209833526906
0.8173076923076923,0.6671696847753186,0.6583333333333333,0.6671696847753186,0.6467468393462843,0.8939211845278194,0.6372359225054745,0.5041091198033983,0.6153846153846154,0.921875,0.7368421052631579,0.871105420401195
0.7884615384615384,0.6624953993375046,0.618945868945869,0.6624953993375046,0.6344163083293518,0.8773226047546354,0.6215783622965549,0.592356912100669,0.5673076923076923,0.9322033898305084,0.8181818181818182,0.8859960552268245
0.8269230769230769,0.7107692307692308,0.6777173913043478,0.7107692307692308,0.6677777777777778,0.8575896032070396,0.6547910796069841,0.5726039953461406,0.5384615384615384,0.9642857142857143,0.8888888888888888,0.8749425287356323
0.7884615384615384,0.6299603174603174,0.5867132867132867,0.6299603174603174,0.6005677210056772,0.8601612103174603,0.6000726126873698,0.6174538112820482,0.5673076923076923,0.9491525423728814,0.8636363636363636,0.859375
0.7692307692307693,0.715967590967591,0.6679298642533936,0.715967590967591,0.6755674749332455,0.8977193565027568,0.5652486036004946,0.5726476313762714,0.5,0.9615384615384616,0.9166666666666666,0.8463963963963965
0.8173076923076923,0.7115622335890879,0.6844349680170576,0.7115622335890879,0.6926693404634581,0.9002323808692269,0.6562338795102644,0.5454951880160098,0.5,0.9423076923076923,0.8421052631578947,0.8790890269151138
0.8557692307692307,0.737687969924812,0.737687969924812,0.737687969924812,0.737687969924812,0.8685359231411864,0.6707471506964964,0.6184248567973628,0.5480769230769231,0.9298245614035088,0.7333333333333333,0.8439849624060151
0.7403846153846154,0.6199592449592449,0.5926587301587302,0.6199592449592449,0.5740918803418804,0.8897661778901607,0.4786525628410782,0.5890579053208461,0.5384615384615384,0.8928571428571429,0.7777777777777778,0.8148648648648648
0.7596153846153846,0.6137796887796888,0.5704823369565217,0.6137796887796888,0.5710175374497626,0.8396062027957641,0.5515834502930916,0.6050149173888066,0.49038461538461536,0.9411764705882353,0.88,0.8549549549549551
0.7884615384615384,0.7615079365079365,0.7361471861471861,0.7615079365079365,0.7159919650242231,0.8849939025506205,0.554960940551942,0.566728659523726,0.5673076923076923,0.9491525423728814,0.8636363636363636,0.8276041666666667
0.7980769230769231,0.7144513617296759,0.69375,0.7144513617296759,0.7014278583342465,0.8616716563419973,0.6380314769959835,0.6506187177334025,0.5865384615384616,0.9344262295081968,0.8095238095238095,0.8499394917305365
0.7596153846153846,0.6866500829187396,0.6713169642857142,0.6866500829187396,0.6717345207803223,0.8201084112789631,0.5686043078816663,0.7210951471972142,0.5576923076923077,0.896551724137931,0.76,0.7962888261395724
0.7115384615384616,0.6742447516641066,0.6585648148148148,0.6742447516641066,0.6561965257972517,0.8675427437153109,0.544071320839467,0.6914159707272675,0.47115384615384615,0.9183673469387755,0.8666666666666667,0.8429339477726574
0.8269230769230769,0.770748987854251,0.7712431693989071,0.770748987854251,0.7674083022920232,0.9171512890425557,0.6991345984441923,0.49105356828681973,0.5769230769230769,0.9833333333333333,0.9444444444444444,0.9364891518737672
0.6057692307692307,0.6060096153846154,0.5921370967741936,0.6060096153846154,0.5917913385826772,0.8057642499075759,0.31344206073891817,0.8843606774529237,0.4326923076923077,0.8888888888888888,0.8780487804878049,0.6986193293885601
0.8076923076923077,0.7854654403567447,0.7464037698412698,0.7854654403567447,0.7483481430849852,0.9132805704607544,0.6565431397035036,0.5827701470606927,0.5288461538461539,0.9454545454545454,0.85,0.8745341614906833
0.7307692307692307,0.6659420289855071,0.6797101449275362,0.6659420289855071,0.6622834924001414,0.8247439924273391,0.47674144537824115,0.7352201355536923,0.5576923076923077,0.8793103448275862,0.75,0.7565217391304347
0.8269230769230769,0.6226427893094559,0.6088516746411483,0.6226427893094559,0.608538218111003,0.8190767150915408,0.5674177769177271,0.5861944894445121,0.5480769230769231,0.9473684210526315,0.8333333333333334,0.7917337627482555
0.7596153846153846,0.6994683678894205,0.674373040752351,0.6994683678894205,0.6555416303400174,0.8796210823737008,0.6057417009856304,0.6204537878746748,0.4423076923076923,0.9782608695652174,0.96,0.8807814992025519
0.8173076923076923,0.591304347826087,0.5873287671232876,0.591304347826087,0.5889995143273434,0.8625587386884406,0.6301144466844432,0.5603710442718192,0.5192307692307693,0.9629629629629629,0.8947368421052632,0.8612836438923395
0.8173076923076923,0.6699047888386124,0.7400641025641026,0.6699047888386124,0.6766004075823252,0.8606970341795759,0.6728654413697588,0.6453234670665261,0.5384615384615384,0.9464285714285714,0.8421052631578947,0.8737672583826429
0.75,0.7276785714285714,0.7195257611241218,0.7276785714285714,0.6993445151339888,0.8728081597222221,0.5582460439521114,0.611448616478856,0.5288461538461539,0.9454545454545454,0.8846153846153846,0.8467881944444443
0.7692307692307693,0.6614472484037701,0.6833333333333333,0.6614472484037701,0.6570979412524766,0.8132960307574614,0.5489179577767045,0.7991137558076529,0.5673076923076923,0.8983050847457628,0.75,0.7677018633540371
0.7596153846153846,0.6045131485429992,0.6658920417482062,0.6045131485429992,0.6304232804232804,0.8126500152649379,0.5322603725095815,0.7761163781389808,0.4519230769230769,0.9148936170212766,0.84,0.7712787414279951
0.7692307692307693,0.7110125646711012,0.5962009803921569,0.7110125646711012,0.6092063492063492,0.8903958153857979,0.521659602266558,0.5270439218793435,0.5576923076923077,0.9655172413793104,0.9166666666666666,0.8603104212860311
0.75,0.6843750000000001,0.6731829573934837,0.6843750000000001,0.6717588145150918,0.8834090299956516,0.5956068608953332,0.6850440675900404,0.46153846153846156,0.8958333333333334,0.8076923076923077,0.8321969696969697
0.8269230769230769,0.6446204337899543,0.6456903127383676,0.6446204337899543,0.643154579651824,0.8997783057313253,0.6511171871921736,0.48721395481878155,0.5865384615384616,0.9672131147540983,0.8888888888888888,0.8855501546619531
0.75,0.6522671568627451,0.636760752688172,0.6522671568627451,0.6347350230414746,0.8033858584419549,0.5524419893304704,0.6275967742231793,0.5,0.9423076923076923,0.8846153846153846,0.8390522875816994
0.7307692307692307,0.6859571953781513,0.668956043956044,0.6859571953781513,0.6687015503875968,0.8666632708676112,0.5597754941012996,0.6516433178292071,0.4807692307692308,0.94,0.8928571428571429,0.856640625
0.8461538461538461,0.679152397260274,0.847972972972973,0.679152397260274,0.6858072141323373,0.9268911640699262,0.6741756760622573,0.46626343993915065,0.5865384615384616,0.9672131147540983,0.875,0.8992487847989394
0.7884615384615384,0.7243591934381408,0.6863075924724205,0.7243591934381408,0.6805209754126162,0.8725664821110961,0.5868753192381098,0.5820520388528212,0.5288461538461539,0.9454545454545454,0.8636363636363636,0.8547932330827067
0.8076923076923077,0.7196428571428571,0.7699420677361853,0.7196428571428571,0.7345199956412771,0.8695973190412529,0.6272882960174765,0.577506967657066,0.5096153846153846,0.9622641509433962,0.9,0.8516806722689075
0.8557692307692307,0.764738430583501,0.755718954248366,0.764738430583501,0.7560076938449241,0.8700180883279475,0.7193481497673806,0.5245509480547867,0.5480769230769231,0.9649122807017544,0.8666666666666667,0.8898847631241996
0.7692307692307693,0.5656487232574189,0.5981032338308457,0.5656487232574189,0.5726540616246499,0.8605379808889454,0.5580530265077817,0.6348493025179968,0.5673076923076923,0.9491525423728814,0.875,0.8385093167701861
0.7403846153846154,0.6956324148488328,0.6878205128205128,0.6956324148488328,0.6596366901505732,0.8615398499823573,0.5643124718520186,0.7273468299197384,0.49038461538461536,0.9607843137254902,0.9259259259259259,0.8317870108914885
0.7884615384615384,0.7862103174603174,0.7161324786324786,0.7862103174603174,0.7403166030146211,0.875800676360438,0.6030249412355956,0.6805302737542783,0.4519230769230769,0.9361702127659575,0.8636363636363636,0.8289930555555555
0.8076923076923077,0.5932811480756686,0.5873574782025486,0.5932811480756686,0.5849358974358975,0.8390685929249635,0.5989542158762688,0.6657573755196384,0.5769230769230769,0.9166666666666666,0.75,0.8033583738400354
0.8269230769230769,0.6863247863247863,0.7469818913480886,0.6863247863247863,0.702683726010298,0.8794272652799697,0.6783231304120687,0.6110874566889658,0.5192307692307693,0.9444444444444444,0.8333333333333334,0.8682445759368835
0.7692307692307693,0.7421461449942462,0.6641025641025641,0.7421461449942462,0.6694444444444445,0.9021537472103378,0.5562523561142192,0.5369420863465882,0.49038461538461536,0.9607843137254902,0.9166666666666666,0.8739240506329113
0.7980769230769231,0.6265521133826665,0.6262254901960784,0.6265521133826665,0.6259491466388019,0.8325110982665358,0.6202913885564575,0.6597183584096352,0.5480769230769231,0.9298245614035088,0.8095238095238095,0.8386446147640176
0.7980769230769231,0.746031746031746,0.7903079710144927,0.746031746031746,0.7538914985723496,0.8494109058127167,0.5940477786090238,0.6381773724102183,0.5576923076923077,0.9310344827586207,0.8095238095238095,0.8098958333333333
0.8173076923076923,0.6567193675889328,0.7996794871794872,0.6567193675889328,0.704330193615908,0.8861267828340018,0.6239220591315058,0.5945067124002206,0.5480769230769231,0.9649122807017544,0.8947368421052632,0.8716356107660456
0.75,0.6292735042735044,0.6388127853881278,0.6292735042735044,0.6307060755336618,0.7663488726747836,0.4817989338110781,0.8872782444277555,0.5192307692307693,0.8703703703703703,0.7307692307692307,0.6944444444444445
0.7884615384615384,0.5701754385964912,0.5330882352941176,0.5701754385964912,0.5408622908622909,0.7811448035404353,0.5847005495364245,0.7130548155673204,0.5865384615384616,0.9180327868852459,0.7727272727272727,0.8181423611111112
0.75,0.6489318330071754,0.6338866532528504,0.6489318330071754,0.6392857142857142,0.7947914104495756,0.4736406751642561,0.8080687462316722,0.47115384615384615,0.9183673469387755,0.8461538461538461,0.7463543968183827
0.75,0.6299422799422799,0.6485294117647059,0.6299422799422799,0.6278661636870593,0.846504604207147,0.5386082750345857,0.6376489589861127,0.5961538461538461,0.9193548387096774,0.8076923076923077,0.8245614035087719
0.8461538461538461,0.7565231572080888,0.7043123543123543,0.7565231572080888,0.7210144927536232,0.9407466483659919,0.7107357593002924,0.4258624970417273,0.5769230769230769,1.0,1.0,0.9429960229783472
0.7884615384615384,0.671288145539906,0.6583845478489904,0.671288145539906,0.6480112921206891,0.9011336463925765,0.5985125205968401,0.541422562268679,0.49038461538461536,1.0,1.0,0.8962868117797695
0.8269230769230769,0.7336178989139516,0.7297131147540983,0.7336178989139516,0.7284175671272446,0.8847205509545107,0.7032414560088307,0.5187858197887132,0.5576923076923077,0.9482758620689655,0.8333333333333334,0.8908246225319396
0.7307692307692307,0.6135595823095823,0.623030303030303,0.6135595823095823,0.587914862914863,0.8146386643929487,0.4863227591755388,0.7263619242475934,0.5096153846153846,0.9433962264150944,0.8928571428571429,0.8144144144144145
0.7884615384615384,0.7865516332982087,0.6706349206349206,0.7865516332982087,0.7039756969785433,0.9004630674315656,0.6132126373020756,0.5537019304946527,0.4807692307692308,1.0,1.0,0.8647812638091029
0.8365384615384616,0.6962719298245614,0.6448943661971831,0.6962719298245614,0.654924578527063,0.8960256388739706,0.6581557853579865,0.4956078741008134,0.5384615384615384,0.9821428571428571,0.9411764705882353,0.9093045112781956
0.8269230769230769,0.6585565931483403,0.726126126126126,0.6585565931483403,0.6837109698811826,0.8446884261654293,0.6623432707836767,0.6402576822172166,0.5865384615384616,0.9180327868852459,0.7222222222222222,0.8172650262202501
0.8076923076923077,0.6569548872180451,0.6063044936284373,0.6569548872180451,0.6248299319727891,0.8339829213184476,0.5918247812849766,0.5926030185062784,0.5288461538461539,0.9454545454545454,0.85,0.8397556390977443
0.7980769230769231,0.797940797940798,0.7491782160625444,0.797940797940798,0.7683215130023641,0.9127648188142803,0.6035361304001972,0.5485670360717124,0.5,0.9615384615384616,0.9047619047619048,0.8729729729729732
0.7596153846153846,0.6404990842490842,0.6153673835125448,0.6404990842490842,0.6113565072658601,0.815448104517899,0.5818825654039356,0.6993591174294185,0.5288461538461539,0.8727272727272727,0.72,0.7980276134122288
0.8173076923076923,0.7606242216687422,0.7458795112247797,0.7606242216687422,0.7403686826843414,0.8794015566197602,0.6390920614564816,0.6083735350213153,0.5,0.9423076923076923,0.8421052631578947,0.8493150684931507
0.7692307692307693,0.6377941981390257,0.6666666666666667,0.6377941981390257,0.6504646868283231,0.8191705634719938,0.6142594008973169,0.8040905263267614,0.4230769230769231,0.9090909090909091,0.8333333333333334,0.7979760119940029
0.7884615384615384,0.7292892156862745,0.7378191856452726,0.7292892156862745,0.720045121612016,0.8724391930812587,0.6227015271909704,0.6452115321377498,0.5096153846153846,0.9433962264150944,0.8636363636363636,0.8476307189542484
0.7403846153846154,0.5909531290913852,0.5779358353510896,0.5909531290913852,0.5780898810979516,0.8521441749800629,0.5478187768506861,0.6488014865416661,0.46153846153846156,0.9791666666666666,0.9629629629629629,0.8418717224687373
0.7884615384615384,0.7803393745557925,0.6917675544794188,0.7803393745557925,0.7137566137566138,0.9201983879739901,0.6352902151744921,0.5542229122428372,0.4807692307692308,0.96,0.9090909090909091,0.8830173457039129
0.7884615384615384,0.6920098754348558,0.8399936061381075,0.6920098754348558,0.7406349206349206,0.8708339282986076,0.5975234262335857,0.5865323504771741,0.5384615384615384,0.9642857142857143,0.9090909090909091,0.863251311012505
0.8269230769230769,0.6104166666666666,0.6390374331550802,0.6104166666666666,0.6220776635784597,0.8952240137558527,0.5720404170731981,0.45409065735393317,0.5961538461538461,0.9838709677419355,0.9444444444444444,0.8864583333333335
0.8365384615384616,0.7613257243195786,0.7780439905734485,0.7613257243195786,0.7632865086333042,0.9129807223003127,0.6968864806569024,0.5493856231303966,0.5,0.9615384615384616,0.8823529411764706,0.8862444534086326
0.8461538461538461,0.7095295055821371,0.7135416666666666,0.7095295055821371,0.7026026026026027,0.8123373912700511,0.668474963193041,0.62752186868894,0.5673076923076923,0.9152542372881356,0.6875,0.8308270676691729
0.8173076923076923,0.6539695945945946,0.697664770033191,0.6539695945945946,0.6703882453882454,0.8532612895777789,0.601186654214369,0.6237522064006585,0.49038461538461536,0.9411764705882353,0.8421052631578947,0.81981981981982
0.8173076923076923,0.6991421568627452,0.740205223880597,0.6991421568627452,0.7152556095304187,0.8726914984743898,0.6685693786633702,0.6159932162767304,0.5865384615384616,0.9344262295081968,0.7894736842105263,0.8414062500000001
0.7884615384615384,0.7106877853881279,0.6882246376811594,0.7106877853881279,0.6973787167449139,0.9003443080346467,0.5738682469084613,0.5215196695155062,0.5673076923076923,0.9661016949152542,0.9090909090909091,0.868316394167035
0.8942307692307693,0.7019562715765247,0.6461148648648649,0.7019562715765247,0.6672113289760349,0.7792931306677613,0.7596115392738215,0.4823612101720457,0.5769230769230769,0.9666666666666667,0.8181818181818182,0.9043037974683544
0.7980769230769231,0.7147564876438117,0.7006493506493506,0.7147564876438117,0.6997307801687364,0.8857179512863618,0.6181612739868467,0.48518884117112393,0.5865384615384616,0.9672131147540983,0.9047619047619048,0.9001280409731114
0.8173076923076923,0.6776960784313726,0.6365625,0.6776960784313726,0.6493035949557688,0.8891455560247974,0.6691604240722747,0.5441717276854835,0.5673076923076923,0.9491525423728814,0.8421052631578947,0.8868464052287581
0.8365384615384616,0.7734848484848486,0.7631869649268158,0.7734848484848486,0.7583170254403131,0.9059283726446894,0.661306419745882,0.49740445327422456,0.5576923076923077,0.9655172413793104,0.8823529411764706,0.904367816091954
0.8269230769230769,0.7032563025210085,0.6817753338570306,0.7032563025210085,0.6912003244120033,0.9094228122283395,0.6676692166240605,0.5091980874762764,0.5576923076923077,0.9827586206896551,0.9444444444444444,0.903781512605042
0.8269230769230769,0.7463617149758454,0.7617647058823529,0.7463617149758454,0.7495885215400028,0.9148026649234147,0.6700995249647861,0.5257865421088865,0.46153846153846156,0.9791666666666666,0.9444444444444444,0.90351966873706
0.8653846153846154,0.8424066924066924,0.761484593837535,0.8424066924066924,0.7835016093562878,0.9319171948999221,0.7381444578170518,0.423078021809026,0.625,0.9692307692307692,0.8571428571428571,0.923873873873874
0.7115384615384616,0.6598306110102843,0.6966056445461479,0.6598306110102843,0.6440714005931397,0.8652579611788185,0.5495552014416847,0.7840697229238015,0.47115384615384615,0.8979591836734694,0.8333333333333334,0.8193403298350824
0.8846153846153846,0.7658692185007975,0.8803921568627451,0.7658692185007975,0.7851542535260279,0.9510650993292445,0.7423638007317196,0.3690970257945664,0.625,1.0,1.0,0.9384398496240602
0.8653846153846154,0.7771367521367522,0.7865131578947369,0.7771367521367522,0.7745941558441559,0.9096153871798565,0.6860248209911989,0.48300460778518806,0.5192307692307693,0.9814814814814815,0.9285714285714286,0.8796844181459567
0.7980769230769231,0.647341628959276,0.6036409516943042,0.647341628959276,0.6173537234042553,0.8960566062108254,0.6090296952003726,0.5938604416487582,0.5673076923076923,0.9322033898305084,0.8095238095238095,0.8574346405228759
0.8557692307692307,0.7956710853355426,0.7971153846153847,0.7956710853355426,0.787853556056569,0.9383918256140816,0.729654429620296,0.5106359181744181,0.4423076923076923,0.9782608695652174,0.9333333333333333,0.9445155783183953
0.7980769230769231,0.6339962121212122,0.62071992976295,0.6339962121212122,0.6271929824561403,0.8425181002424893,0.6265261025282991,0.6329506683285567,0.5961538461538461,0.9193548387096774,0.7619047619047619,0.8349282296650717
0.7596153846153846,0.7048745173745173,0.6851679104477612,0.7048745173745173,0.6855348699763594,0.88969359984985,0.5278741080791572,0.572191523589263,0.5096153846153846,0.9433962264150944,0.88,0.8216216216216216
0.7403846153846154,0.6713480963480963,0.6539311906816221,0.6713480963480963,0.6503734827264239,0.8180981766282297,0.5565830920677579,0.7526182692612895,0.5576923076923077,0.8620689655172413,0.7037037037037037,0.7956607495069031
0.7403846153846154,0.627493564993565,0.5955845771144279,0.627493564993565,0.6035102973267866,0.8638761766745294,0.49153539065972324,0.5842035209694304,0.46153846153846156,1.0,1.0,0.845945945945946
0.8557692307692307,0.6429294389820706,0.6384920634920634,0.6429294389820706,0.6342159828682145,0.8922306197851824,0.7005682817377963,0.42559732524387955,0.5865384615384616,0.9836065573770492,0.9333333333333333,0.9299812030075189
0.7788461538461539,0.6928475935828877,0.6892857142857143,0.6928475935828877,0.6684724616268571,0.8309606868315509,0.6073022149583924,0.644791490654472,0.49038461538461536,0.9411764705882353,0.8695652173913043,0.8014705882352942
0.7884615384615384,0.6506684491978609,0.6953463203463204,0.6506684491978609,0.654679802955665,0.8161866510390992,0.5747307306095321,0.7485991130227099,0.5865384615384616,0.9180327868852459,0.7727272727272727,0.764297385620915
0.8173076923076923,0.7363445378151261,0.7312801932367149,0.7363445378151261,0.7336844809866392,0.8116286342123057,0.6405456194484278,0.645091137147626,0.5384615384615384,0.9285714285714286,0.7894736842105263,0.8470588235294118
0.7596153846153846,0.7093253968253969,0.6584082496033844,0.7093253968253969,0.6566476286871024,0.8920335616015589,0.5572947817166167,0.547909993307268,0.49038461538461536,0.9803921568627451,0.96,0.8784722222222221
0.7884615384615384,0.7285471881060115,0.7478354978354979,0.7285471881060115,0.731365833247728,0.8917464143234715,0.6084403327758621,0.5426734496345325,0.5288461538461539,0.9636363636363636,0.9090909090909091,0.8586601307189543
0.8076923076923077,0.6555555555555556,0.6345238095238095,0.6555555555555556,0.6408200268467132,0.8734370194221306,0.6114662246431617,0.5498622758724732,0.5480769230769231,0.9649122807017544,0.9,0.8372395833333333
0.7692307692307693,0.6906736281736282,0.6498015873015873,0.6906736281736282,0.6570878903250317,0.8789077516213915,0.5692404009984009,0.6047209931472063,0.46153846153846156,0.9583333333333334,0.9166666666666666,0.8662162162162161
0.7980769230769231,0.6818977591036415,0.718163145539906,0.6818977591036415,0.6955635491606714,0.8949625827986697,0.6093509654423104,0.5524982418433688,0.5192307692307693,0.9629629629629629,0.9047619047619048,0.8594771241830065
0.7884615384615384,0.6620448179271708,0.7101449275362319,0.6620448179271708,0.6753557801687363,0.8494279426798327,0.5966294039967066,0.6310992383031461,0.5192307692307693,0.9629629629629629,0.9090909090909091,0.8508986928104576
0.7692307692307693,0.7049679487179487,0.6961229946524063,0.7049679487179487,0.6645554877710609,0.8532662653043559,0.5395088183818688,0.6212801059618549,0.5384615384615384,0.9285714285714286,0.8333333333333334,0.8348126232741617
0.8173076923076923,0.6303377329192547,0.6031746031746031,0.6303377329192547,0.6140128220004641,0.8901230864546082,0.6421161020546369,0.5823202754733977,0.5192307692307693,0.9629629629629629,0.8947368421052632,0.8505175983436852
0.8173076923076923,0.7197822822822822,0.6709692028985507,0.7197822822822822,0.6817082917082917,0.8666665740576102,0.6361270567239912,0.5762825204795544,0.5288461538461539,0.9454545454545454,0.8421052631578947,0.8567567567567568
0.7980769230769231,0.6281410256410256,0.5821078431372549,0.6281410256410256,0.5910487867009606,0.8835595088127958,0.5967089674967629,0.5539561011812746,0.5576923076923077,0.9482758620689655,0.8571428571428571,0.8758620689655173
0.7884615384615384,0.7494906919564454,0.7390886476707372,0.7494906919564454,0.739002574002574,0.9452016386450492,0.584180796568708,0.48281368597099633,0.5384615384615384,1.0,1.0,0.9027839151568714
0.8365384615384616,0.76010101010101,0.8528380823156942,0.76010101010101,0.7969439475253428,0.9336253201668068,0.7066865018493405,0.5251203120769302,0.47115384615384615,0.9795918367346939,0.9411764705882353,0.9036004645760742
0.7788461538461539,0.6822161835748792,0.6860199004975125,0.6822161835748792,0.6678040666583759,0.8658579756788964,0.5797479459826058,0.6092989775344593,0.5576923076923077,0.9482758620689655,0.8695652173913043,0.8443064182194616
0.7788461538461539,0.6777702198036706,0.6607142857142857,0.6777702198036706,0.6583689458689458,0.8979308983439107,0.5908094153937891,0.5405611930357236,0.5288461538461539,0.9636363636363636,0.9130434782608695,0.8574477166026462
0.7884615384615384,0.6000417710944026,0.7948717948717948,0.6000417710944026,0.6082251082251082,0.8392002354328223,0.5102056238614899,0.5859622261268211,0.6057692307692307,0.9365079365079365,0.8181818181818182,0.8031015037593986
0.8076923076923077,0.6619893264630107,0.6063432835820896,0.6619893264630107,0.6180735393638619,0.8573811088621883,0.6221083972369427,0.5508499115342101,0.6153846153846154,0.96875,0.9,0.8749999999999999
0.8653846153846154,0.8231527459468636,0.8569508448540707,0.8231527459468636,0.8078484015984017,0.9314823676655233,0.7687849324006653,0.4974448521111942,0.5480769230769231,0.9824561403508771,0.9285714285714286,0.9219771241830066
0.8076923076923077,0.7269570707070707,0.7617647058823529,0.7269570707070707,0.7122740163062744,0.898648404406973,0.6304687137544167,0.5486019191980219,0.5288461538461539,0.9818181818181818,0.95,0.8862847222222222
0.7980769230769231,0.668148028442146,0.7406412157153448,0.668148028442146,0.6919591825128266,0.8590982858837503,0.6071952885706628,0.5948860062890134,0.5576923076923077,0.9482758620689655,0.8571428571428571,0.8280228758169934
0.7692307692307693,0.7642857142857142,0.7261960417640643,0.7642857142857142,0.7347730505625243,0.8736585414307567,0.5898655303745199,0.6230500827770238,0.375,0.9487179487179487,0.9166666666666666,0.8348739495798319
0.8173076923076923,0.6739087301587302,0.7245300751879699,0.6739087301587302,0.6940740624951152,0.8963129406239446,0.6086589055247239,0.5673340222736031,0.5288461538461539,0.9454545454545454,0.8421052631578947,0.8559027777777778
0.7307692307692307,0.6068910256410257,0.6152492668621701,0.6068910256410257,0.6057020683419357,0.8992391176019865,0.5280899759813646,0.5636120554083732,0.47115384615384615,0.9795918367346939,0.9642857142857143,0.8698224852071006
0.8365384615384616,0.7711868903703847,0.7856997282608695,0.7711868903703847,0.7700572519083969,0.8653710832751617,0.7057267311578458,0.5758369861623841,0.5384615384615384,0.9464285714285714,0.8235294117647058,0.8620411456232352
0.7403846153846154,0.673859126984127,0.6530701754385965,0.673859126984127,0.6619803184431667,0.8452585724281738,0.5106821010167835,0.6528823267503581,0.5288461538461539,0.9090909090909091,0.8148148148148148,0.83109243697479
0.8269230769230769,0.7212454212454213,0.7376893939393939,0.7212454212454213,0.6998725073553448,0.8692664740441182,0.6729352627283653,0.5212748071297203,0.5384615384615384,0.9642857142857143,0.8888888888888888,0.8967013888888888
0.8269230769230769,0.6516431924882629,0.6130467012601928,0.6516431924882629,0.6300745650372825,0.857728335739097,0.6498475966348383,0.5445494287514072,0.5961538461538461,0.967741935483871,0.8888888888888888,0.8617157490396926
0.7692307692307693,0.6049462924462925,0.5892857142857143,0.6049462924462925,0.5926250584385228,0.8478549122570862,0.5267009208422154,0.5980118128360926,0.5673076923076923,0.9322033898305084,0.8333333333333334,0.8094594594594595
0.7788461538461539,0.6811574575659083,0.6597222222222222,0.6811574575659083,0.6496459145712876,0.8701929616068295,0.5998746945365722,0.5869720850867103,0.6057692307692307,0.9523809523809523,0.8695652173913043,0.8770806658130602
0.8269230769230769,0.711038961038961,0.6708375251509054,0.711038961038961,0.6843381843381844,0.8608089565426521,0.6331688732235332,0.5077700645492965,0.5480769230769231,0.9824561403508771,0.9444444444444444,0.8696488696488697
0.7692307692307693,0.6480759557344065,0.6160714285714286,0.6480759557344065,0.6225859788359788,0.8109219029618197,0.5748624450830703,0.6533716442684011,0.5865384615384616,0.9180327868852459,0.7916666666666666,0.8237302603499786
0.8557692307692307,0.7095532891765769,0.6976232394366197,0.7095532891765769,0.7013489782886334,0.926638696145095,0.7026580062048453,0.4203367725047365,0.6057692307692307,1.0,1.0,0.9306230667255855
0.8365384615384616,0.7335470085470086,0.7551169590643275,0.7335470085470086,0.723487404408457,0.8866850739696901,0.6677861972349216,0.5556213333164907,0.5384615384615384,0.9464285714285714,0.8235294117647058,0.8585069444444444
0.7307692307692307,0.5800595238095239,0.7916133162612036,0.5800595238095239,0.5836636072868864,0.793027439689644,0.4715272530192857,0.7621946244528085,0.4519230769230769,0.8723404255319149,0.7857142857142857,0.742016806722689
0.7596153846153846,0.6513071895424837,0.6055453431372548,0.6513071895424837,0.6175084175084176,0.8337403433751253,0.5669204212037471,0.6859458385446189,0.5769230769230769,0.9166666666666666,0.8,0.8035130718954249
0.8076923076923077,0.672764308426073,0.7350543478260869,0.672764308426073,0.683015329419439,0.8695164458654095,0.5895153806606758,0.6074679257591756,0.5288461538461539,0.9272727272727272,0.8,0.823873873873874
0.7788461538461539,0.6065476190476191,0.5502450980392157,0.6065476190476191,0.569828722002635,0.7852186083980881,0.578194898397935,0.7632749767616427,0.5288461538461539,0.8909090909090909,0.7391304347826086,0.8008403361344538
0.7788461538461539,0.7104978354978355,0.6404687499999999,0.7104978354978355,0.6515193004554707,0.8715622556628867,0.5846864350288508,0.5342841847589915,0.5096153846153846,0.9622641509433962,0.9130434782608695,0.8696488696488697
0.7115384615384616,0.5779129918588874,0.5766045548654244,0.5779129918588874,0.5721780604133545,0.7963158029488531,0.4559207655080854,0.8339392371529375,0.5769230769230769,0.9,0.8,0.7624041952400161
0.7980769230769231,0.6437447786131997,0.5734989648033126,0.6437447786131997,0.581343943412909,0.8549363465481886,0.5936334757766106,0.5331866790485268,0.6057692307692307,0.9523809523809523,0.8571428571428571,0.8726503759398496
0.7788461538461539,0.6552670187793427,0.6693164611723988,0.6552670187793427,0.6528010033444815,0.8533647047248356,0.5723931094486606,0.5818950182958874,0.5480769230769231,0.9649122807017544,0.9130434782608695,0.8595817328211693
0.7692307692307693,0.6677934407364787,0.6084096109839817,0.6677934407364787,0.6261261261261262,0.8281606360666692,0.5164701239912844,0.6211928094237827,0.5961538461538461,0.9354838709677419,0.8333333333333334,0.8035443037974683
0.7596153846153846,0.7011301539990065,0.7553988020176544,0.7011301539990065,0.7179615110477549,0.8849096965253036,0.5951330325098602,0.7230179529581353,0.49038461538461536,0.9411764705882353,0.88,0.849790316431567
0.7596153846153846,0.7447839831401476,0.6885964912280702,0.7447839831401476,0.7007307946746052,0.886524943365218,0.5435670568449479,0.5945451873799237,0.5288461538461539,0.9090909090909091,0.8,0.8532920901458241
0.8846153846153846,0.7513528138528138,0.7471861471861472,0.7513528138528138,0.7397787397787399,0.8870718330151559,0.7306061982358953,0.4452548235909574,0.5384615384615384,0.9642857142857143,0.8333333333333334,0.8845598845598845
0.7980769230769231,0.7220496894409938,0.7367132867132867,0.7220496894409938,0.7124496564795072,0.8678653154625695,0.6310508361254112,0.617584967955599,0.5576923076923077,0.9310344827586207,0.8095238095238095,0.8819875776397516
0.7980769230769231,0.7603881278538813,0.7415064102564102,0.7603881278538813,0.7411573933313065,0.9118621910674729,0.6182278973123758,0.4972094789688206,0.5769230769230769,0.9666666666666667,0.9047619047619048,0.9098541758727353
0.7980769230769231,0.6215277777777777,0.600584036340039,0.6215277777777777,0.6085716792419723,0.887516446743426,0.6011729633632799,0.5717163297277167,0.5576923076923077,0.9482758620689655,0.8571428571428571,0.8637152777777778
0.7788461538461539,0.6959821428571429,0.6483301089502087,0.6959821428571429,0.6549163940385314,0.868888290896588,0.6082888590854391,0.5457409837485924,0.5384615384615384,0.9642857142857143,0.9130434782608695,0.8823529411764706
0.7403846153846154,0.6768033154121864,0.7386904761904762,0.6768033154121864,0.6735931623506802,0.8506908554198207,0.5798563257876749,0.711190254807257,0.47115384615384615,0.8979591836734694,0.8148148148148148,0.825268817204301
0.7980769230769231,0.7399732620320856,0.7727029914529914,0.7399732620320856,0.7300006206168933,0.9298896739764884,0.6442440618950376,0.5471831285803767,0.4230769230769231,0.9772727272727273,0.9523809523809523,0.8880718954248367
0.7884615384615384,0.6867330016583748,0.6819852941176471,0.6867330016583748,0.6657322162570254,0.8919648350279317,0.6240870479303245,0.5943976566314171,0.5576923076923077,0.9310344827586207,0.8181818181818182,0.8846308995562727
0.7307692307692307,0.6603632478632478,0.7421875,0.6603632478632478,0.6644062078272605,0.8927339968800257,0.5361779513088945,0.6680870851360354,0.47115384615384615,0.9387755102040817,0.8928571428571429,0.8520710059171597
0.7692307692307693,0.656547619047619,0.6305422647527911,0.656547619047619,0.6340896202752514,0.8305784138037389,0.5676515221961196,0.6683198609194079,0.49038461538461536,0.9019607843137255,0.7916666666666666,0.8092436974789916
0.8269230769230769,0.6478744939271255,0.6093607305936073,0.6478744939271255,0.6214765100671141,0.8597770272421943,0.6238846226753401,0.5560142353174135,0.5865384615384616,0.9508196721311475,0.8333333333333334,0.8547932330827067
0.75,0.6009424603174603,0.5625418060200669,0.6009424603174603,0.5771718620760959,0.8742488091533342,0.5627847711284059,0.6572408722289076,0.4807692307692308,0.96,0.9230769230769231,0.8811459543166861
0.7788461538461539,0.6953125,0.6599616858237547,0.6953125,0.6736680327868853,0.9077686337905008,0.6312556150888246,0.550499999941872,0.5288461538461539,0.9454545454545454,0.8695652173913043,0.8910156249999999
0.8076923076923077,0.7474316801619434,0.7380464480874317,0.7474316801619434,0.7400436418628468,0.8724658456322989,0.6636791072729276,0.5616723880745818,0.5673076923076923,0.9661016949152542,0.9,0.8777120315581854
0.7980769230769231,0.7469850181117788,0.7194741532976827,0.7469850181117788,0.7284237052485227,0.8853165257542547,0.6200585685478511,0.6352349574706978,0.4807692307692308,0.96,0.9047619047619048,0.8715322236448998
0.8173076923076923,0.6290476190476191,0.7235232067510549,0.6290476190476191,0.6467051467051467,0.8431286361488199,0.5766810484079009,0.6265389098362947,0.5865384615384616,0.9344262295081968,0.7894736842105263,0.8151724137931035
0.8653846153846154,0.8043560606060606,0.821969696969697,0.8043560606060606,0.795843287147635,0.931294496310481,0.7476046772532224,0.46250713315167363,0.625,0.9692307692307692,0.8571428571428571,0.9309895833333334
0.7307692307692307,0.6317918192918193,0.6763822115384616,0.6317918192918193,0.6179593144994969,0.8352988338364968,0.5149089537870245,0.754177170107389,0.5384615384615384,0.9464285714285714,0.8928571428571429,0.8046218487394957
0.7884615384615384,0.6748366013071896,0.7170329670329672,0.6748366013071896,0.6912903225806452,0.7510650778479118,0.534990060818333,0.8550020494583956,0.6153846153846154,0.859375,0.5909090909090909,0.7026909722222222
0.8173076923076923,0.7064779064779065,0.6338619402985075,0.7064779064779065,0.6451595377589827,0.8942622377769824,0.6451704285197656,0.5192293117772054,0.5384615384615384,0.9464285714285714,0.8421052631578947,0.8765765765765766
0.8173076923076923,0.7373635351576527,0.8419117647058824,0.7373635351576527,0.757816742081448,0.8802163998579812,0.6581451817144176,0.6142149890561537,0.5769230769230769,0.95,0.8421052631578947,0.8431372549019608
0.8365384615384616,0.7159375712007291,0.7613636363636364,0.7159375712007291,0.7112990368804323,0.871009833420864,0.7006416148171658,0.577496864351894,0.5673076923076923,0.9491525423728814,0.8235294117647058,0.8612440191387559
0.7788461538461539,0.6834898278560251,0.6834898278560251,0.6834898278560251,0.679449423815621,0.8361477949045935,0.5555004232968827,0.6816839679729949,0.5096153846153846,0.9056603773584906,0.782608695652174,0.7968416559965854
0.7307692307692307,0.5704861111111111,0.5630252100840336,0.5704861111111111,0.5637303556658395,0.7939078891046263,0.4722684683914535,0.7008869499368704,0.5673076923076923,0.9152542372881356,0.8214285714285714,0.7825520833333333
0.8365384615384616,0.753095238095238,0.8651315789473684,0.753095238095238,0.7635209713024282,0.8822497335292254,0.6349860732769627,0.5728315138507685,0.6057692307692307,0.9206349206349206,0.7058823529411765,0.8156321839080459
0.7884615384615384,0.7292205343675933,0.7378191856452726,0.7292205343675933,0.710585039783513,0.9063021184545655,0.626771129393972,0.5679581244908838,0.5288461538461539,0.9454545454545454,0.8636363636363636,0.8860294117647058
0.7403846153846154,0.5892857142857143,0.5755208333333333,0.5892857142857143,0.5684516016409182,0.8880942128298374,0.5229644092182163,0.5858398741317962,0.5865384615384616,0.9672131147540983,0.9259259259259259,0.8327731092436975
0.7596153846153846,0.5523989898989898,0.6217532467532467,0.5523989898989898,0.5785082367297133,0.8116833114331372,0.4571551489422216,0.7210097678946196,0.5384615384615384,0.9107142857142857,0.8,0.7573784722222222
0.8076923076923077,0.6271929824561403,0.6038011695906432,0.6271929824561403,0.613275039745628,0.8716275911298995,0.5823001945521667,0.5115297960680514,0.6153846153846154,0.96875,0.9,0.875
0.7980769230769231,0.7105263157894737,0.6812316536203522,0.7105263157894737,0.6921460530520933,0.8577920897692601,0.5611448245919634,0.5896826294578733,0.5,0.9615384615384616,0.9047619047619048,0.7861842105263159
0.7884615384615384,0.7277777777777776,0.7176034348165495,0.7277777777777776,0.6970737913486005,0.8497708732615853,0.6355842483534042,0.6768093903449076,0.5,0.9230769230769231,0.8181818181818182,0.857563025210084
0.7211538461538461,0.6409955459251234,0.598924512987013,0.6409955459251234,0.6098214285714285,0.8539187960354637,0.48660015050937294,0.6698355905477624,0.5288461538461539,0.9454545454545454,0.896551724137931,0.8271446862996159
0.8365384615384616,0.7634803921568628,0.7891621129326047,0.7634803921568628,0.7524958891237961,0.9116466989094488,0.7164091278397579,0.5207737153953406,0.5480769230769231,0.9824561403508771,0.9411764705882353,0.9109477124183005
0.7307692307692307,0.6128166449228093,0.6189179104477611,0.6128166449228093,0.599488256841198,0.8212692520756801,0.4757622444456768,0.721769042340748,0.5288461538461539,0.9272727272727272,0.8571428571428571,0.821917808219178
0.7884615384615384,0.7018620268620268,0.7287096774193549,0.7018620268620268,0.7031019466470849,0.8471721824067692,0.630048160341701,0.7360514570231879,0.5192307692307693,0.9074074074074074,0.7727272727272727,0.8149901380670611
0.75,0.554004329004329,0.5795739348370927,0.554004329004329,0.563520956168015,0.7670655736556805,0.4255447918063111,0.7278596289067631,0.5769230769230769,0.9166666666666666,0.8076923076923077,0.7705627705627706
0.8461538461538461,0.7386856368563686,0.7196637426900585,0.7386856368563686,0.694260263880517,0.8977977788151087,0.6286308021962763,0.47428896530228687,0.6346153846153846,0.9545454545454546,0.8125,0.8575388026607539
0.75,0.6625730994152047,0.673202614379085,0.6625730994152047,0.6666666666666666,0.7935811312546175,0.5656371827502988,0.864929907114015,0.5288461538461539,0.8727272727272727,0.7307692307692307,0.7607433217189314
0.7980769230769231,0.6620145710866505,0.628921568627451,0.6620145710866505,0.6344972099243682,0.92385380147709,0.6099600595106389,0.5087671694374573,0.5192307692307693,1.0,1.0,0.9112249253094323
0.7884615384615384,0.7598684210526316,0.6427139037433155,0.7598684210526316,0.6728663517153075,0.9116505446515557,0.5885169642617579,0.4844157268097592,0.5096153846153846,1.0,1.0,0.8970864661654135
0.8173076923076923,0.6957922592113769,0.6984848484848485,0.6957922592113769,0.6905793612582249,0.8839811917852003,0.662427235558573,0.5768088097668939,0.5192307692307693,0.9814814814814815,0.9473684210526315,0.8986928104575164
0.8365384615384616,0.7494360186997173,0.7582468495181617,0.7494360186997173,0.74647737883032,0.855743587921278,0.665286579574368,0.5713685962883601,0.5673076923076923,0.9152542372881356,0.7058823529411765,0.8475475033141847
0.8076923076923077,0.6505255255255256,0.5869869402985075,0.6505255255255256,0.6063120567375887,0.801876876876877,0.624549443082242,0.6252233519001033,0.5769230769230769,0.9166666666666666,0.75,0.8297297297297297
0.7788461538461539,0.6217261904761905,0.6223118279569892,0.6217261904761905,0.620127504553734,0.8796031629530574,0.6241518515795147,0.6119224562697821,0.5,0.9807692307692307,0.9565217391304348,0.884469696969697
0.7884615384615384,0.7000586854460094,0.6754261363636364,0.7000586854460094,0.6769053558527243,0.8568041483419622,0.6091678072249794,0.6931758753640136,0.4807692307692308,0.94,0.8636363636363636,0.8454972257789158
0.7788461538461539,0.6465909090909091,0.6339285714285714,0.6465909090909091,0.6323494335122242,0.784513624723865,0.6065012821697019,0.6448647912562878,0.5288461538461539,0.9272727272727272,0.8260869565217391,0.8229665071770335
0.7884615384615384,0.6610003269042171,0.7226312419974392,0.6610003269042171,0.666182733255904,0.8554021731365882,0.5789643283882884,0.6018222812678744,0.5865384615384616,0.9508196721311475,0.8636363636363636,0.8786749482401657
0.8173076923076923,0.6649698340874812,0.7101190476190475,0.6649698340874812,0.6777892022457239,0.8548179350465617,0.6460517413430567,0.5828722239268134,0.5096153846153846,0.9433962264150944,0.8421052631578947,0.8623366013071896
0.8653846153846154,0.7420343137254901,0.8103726525821596,0.7420343137254901,0.747289700706967,0.8761617887232298,0.741691574210528,0.5197365527823542,0.5192307692307693,0.9444444444444444,0.7857142857142857,0.8815359477124183
0.8269230769230769,0.7242647058823529,0.7534722222222223,0.7242647058823529,0.7366541353383459,0.8568879114145658,0.6584160363711646,0.6576564387369015,0.4807692307692308,0.9,0.7222222222222222,0.821078431372549
0.7692307692307693,0.6674908424908425,0.7788865546218486,0.6674908424908425,0.6962625478846853,0.846042634799153,0.5864617153610735,0.7371042995876131,0.5961538461538461,0.8870967741935484,0.7083333333333334,0.8095238095238095
0.8461538461538461,0.7999999999999999,0.8075980392156862,0.7999999999999999,0.8023010424612255,0.8565824371885703,0.6958150705291041,0.6422203447613497,0.6057692307692307,0.9206349206349206,0.6875,0.8399159663865546
0.7884615384615384,0.648910411622276,0.696969696969697,0.648910411622276,0.6693553113553113,0.8515771188222513,0.6394863892925499,0.6790025215058312,0.5096153846153846,0.9433962264150944,0.8636363636363636,0.8463276836158192
0.875,0.810064935064935,0.7527777777777778,0.810064935064935,0.7767990305741984,0.9356694925444925,0.729663194087253,0.4169341806283938,0.5480769230769231,0.9824561403508771,0.9230769230769231,0.9225589225589226
0.8076923076923077,0.7564693371144985,0.7675,0.7564693371144985,0.7588352340223332,0.9283033589447365,0.6744576218130299,0.5413084626108395,0.49038461538461536,0.9607843137254902,0.9,0.8882488479262672
0.7596153846153846,0.622730339835603,0.6601923076923077,0.622730339835603,0.6325890836677428,0.8456025291122082,0.561482142401758,0.6572771123961404,0.5192307692307693,0.9259259259259259,0.84,0.8361244019138756
0.8173076923076923,0.7002120388669302,0.8083920187793427,0.7002120388669302,0.7384397686723267,0.8528792626277865,0.6578042046876776,0.720315672685264,0.4807692307692308,0.92,0.7894736842105263,0.81953125
0.8461538461538461,0.8678571428571429,0.7553571428571428,0.8678571428571429,0.7945054945054945,0.960920125626008,0.7375289427245985,0.42700207408522045,0.5480769230769231,0.9824561403508771,0.9375,0.9323529411764706
0.8076923076923077,0.7271825396825397,0.797514619883041,0.7271825396825397,0.7520424836601307,0.8514843547996689,0.6038474179625948,0.7057689492436096,0.5,0.9230769230769231,0.8,0.7964409722222223
0.7884615384615384,0.6564764492753623,0.7039003250270857,0.6564764492753623,0.6684882789020237,0.8769622836960052,0.5859151407253379,0.5667143345789031,0.5576923076923077,0.9310344827586207,0.8181818181818182,0.8525879917184264
0.8173076923076923,0.6532071783937456,0.8406964656964657,0.6532071783937456,0.694695895121427,0.8769444608709945,0.6423495574715855,0.5636585800084423,0.5192307692307693,0.9629629629629629,0.8947368421052632,0.8503428801936264
0.7980769230769231,0.6861979166666666,0.6766636141636142,0.6861979166666666,0.6811614173228346,0.8603628849637681,0.6458115008554531,0.6195216109807841,0.5,0.9423076923076923,0.8571428571428571,0.85625
0.8461538461538461,0.7484008528784648,0.7062879850397382,0.7484008528784648,0.7196676062955132,0.9239765590522542,0.7253081953972942,0.47640217923663675,0.5576923076923077,0.9655172413793104,0.875,0.9241629689390883
0.7884615384615384,0.7364832535885166,0.7638888888888888,0.7364832535885166,0.7404148669546206,0.8597035239470072,0.6098934480329874,0.6397125655706867,0.49038461538461536,0.9607843137254902,0.9090909090909091,0.8428571428571429
0.7980769230769231,0.6441666666666667,0.605072463768116,0.6441666666666667,0.6191239316239316,0.8750068573667711,0.58421022384949,0.5363426303767607,0.5,0.9807692307692307,0.9523809523809523,0.8924137931034483
0.75,0.6952380952380953,0.6217592592592592,0.6952380952380953,0.6381549232158988,0.9076887257691286,0.5559591941789175,0.5411372680624773,0.5288461538461539,0.9818181818181818,0.9615384615384616,0.905287356321839
0.8173076923076923,0.7339348591549295,0.7372174221801395,0.7339348591549295,0.7349765258215961,0.8702559819142125,0.6318741416544095,0.668192145034519,0.5288461538461539,0.9454545454545454,0.8421052631578947,0.8250106700810926
0.8269230769230769,0.7199494949494949,0.6676643192488263,0.7199494949494949,0.6734042553191488,0.8931393103107375,0.6631346388054989,0.556420844972574,0.6057692307692307,0.9365079365079365,0.7777777777777778,0.8852941176470588
0.7692307692307693,0.6469979296066253,0.6871734587251829,0.6469979296066253,0.6518803418803418,0.8283769772051002,0.5579877934685263,0.8038428134873226,0.47115384615384615,0.8979591836734694,0.7916666666666666,0.8140786749482402
0.8173076923076923,0.7572005619950826,0.7524154589371981,0.7572005619950826,0.7289580073030777,0.8944776603977336,0.6424261435438966,0.5598144042176194,0.5384615384615384,0.9464285714285714,0.8421052631578947,0.8709677419354839
0.8173076923076923,0.6880274261603375,0.6490610328638498,0.6880274261603375,0.6525396825396825,0.8623209526982011,0.6079110731347501,0.5714364969025176,0.5480769230769231,0.9824561403508771,0.9473684210526315,0.8648101265822784
0.7692307692307693,0.7297443878513488,0.7268939393939393,0.7297443878513488,0.7270033163205307,0.8283001938749467,0.6113114601393654,0.7735614563537699,0.49038461538461536,0.9215686274509803,0.8333333333333334,0.8233486943164362
0.7596153846153846,0.711565777972028,0.7316296452258132,0.711565777972028,0.6918996158652289,0.8462445491078401,0.6071984085642348,0.7196171032737583,0.5865384615384616,0.9180327868852459,0.8,0.8515625
0.7788461538461539,0.6074675324675325,0.6013440860215054,0.6074675324675325,0.5989551786795881,0.8728633559859296,0.6028755050748293,0.576715200081041,0.5096153846153846,0.9622641509433962,0.9130434782608695,0.8583826429980276
0.7596153846153846,0.7058055083946424,0.6705194805194805,0.7058055083946424,0.6818625818625819,0.8555225995561118,0.6101963532623466,0.6949022225086825,0.5480769230769231,0.9298245614035088,0.84,0.8448540706605222
0.7692307692307693,0.7101210907704042,0.6291815343443354,0.7101210907704042,0.6424041228728729,0.8932331115011795,0.6096233329649439,0.5644155248345313,0.5769230769230769,1.0,1.0,0.8761904761904762
0.8557692307692307,0.7365405117270789,0.7952380952380952,0.7365405117270789,0.7398574669560071,0.9323199671446272,0.7262598314983753,0.4685344063088856,0.5865384615384616,0.9508196721311475,0.8,0.8918918918918919
0.7788461538461539,0.6532318913480886,0.6487676056338028,0.6532318913480886,0.6435592723004695,0.7627256237869136,0.5562351726507296,0.845203261293814,0.5288461538461539,0.8727272727272727,0.6956521739130435,0.7298335467349552
0.75,0.6166666666666667,0.6135604870384918,0.6166666666666667,0.6104401681044017,0.8642790449513139,0.5224732633762493,0.5664606213634564,0.5480769230769231,0.9473684210526315,0.8846153846153846,0.861764705882353
0.7596153846153846,0.6674211938296445,0.6606227106227106,0.6674211938296445,0.6511685482273717,0.8568732352438342,0.5529823048265896,0.657367623128952,0.5096153846153846,0.9433962264150944,0.88,0.831839521980367
0.7692307692307693,0.6095238095238095,0.6381944444444444,0.6095238095238095,0.6219012895797743,0.808688475390156,0.535666685331522,0.7249610214435775,0.4807692307692308,0.9,0.7916666666666666,0.7806722689075631
0.75,0.6544142614601018,0.6801409618573797,0.6544142614601018,0.6626990362455479,0.8507334841605609,0.5585511782586163,0.7345626107752528,0.46153846153846156,0.9166666666666666,0.8461538461538461,0.8122119815668203
0.7788461538461539,0.703886217948718,0.7337339743589744,0.703886217948718,0.7142284339557796,0.8808809790839734,0.6108156589831937,0.6215954175500944,0.5576923076923077,0.9310344827586207,0.8260869565217391,0.8726562499999999
0.8076923076923077,0.7512118018967335,0.7308436532507739,0.7512118018967335,0.7344041620007465,0.9075983244188632,0.6227060966527571,0.5504024173201677,0.5192307692307693,0.9629629629629629,0.9,0.8745028722934158
0.7884615384615384,0.7873188405797101,0.7679781420765027,0.7873188405797101,0.7649291497975709,0.9237942977812689,0.6316108400528184,0.5268000330417724,0.47115384615384615,0.9591836734693877,0.9090909090909091,0.8857142857142857
0.7980769230769231,0.7146014943960148,0.7610730170496665,0.7146014943960148,0.6984469074986317,0.9061644369817714,0.5942751141636082,0.5410639306025377,0.5096153846153846,0.9622641509433962,0.9047619047619048,0.8749447635881573
0.8173076923076923,0.6744761768082663,0.6784825870646766,0.6744761768082663,0.6607650895084693,0.8780582584041252,0.6629480261957224,0.6274777774504241,0.5192307692307693,0.9444444444444444,0.8421052631578947,0.8684953610326743
0.7403846153846154,0.6246606334841629,0.6261136849607982,0.6246606334841629,0.6213924963924964,0.8587900198135804,0.5473120528869231,0.6713258660163912,0.5192307692307693,0.9629629629629629,0.9259259259259259,0.8433925049309666
0.7692307692307693,0.661771499644634,0.6709101551068188,0.661771499644634,0.6631930526929946,0.8654662046450797,0.5726332294584808,0.6633011456827815,0.49038461538461536,0.9215686274509803,0.8333333333333334,0.8208955223880597
0.7788461538461539,0.6567852437417654,0.663021991598715,0.6567852437417654,0.6342917251051894,0.8816403237949522,0.5734161388084986,0.6283758494962417,0.5288461538461539,0.9454545454545454,0.8695652173913043,0.8501035196687371
0.7884615384615384,0.714781746031746,0.6421245421245422,0.714781746031746,0.6521714338997127,0.8781865422365756,0.60961103052226,0.571000206282771,0.5865384615384616,0.9508196721311475,0.8636363636363636,0.8524305555555556
0.8173076923076923,0.5920430672268907,0.6048913043478261,0.5920430672268907,0.5944115675201774,0.9081789976572469,0.6374425515106497,0.594528227886412,0.4807692307692308,0.96,0.8947368421052632,0.8504201680672269
0.7884615384615384,0.724271162627327,0.7050248138957816,0.724271162627327,0.693019943019943,0.8986678930959959,0.6226323744176923,0.5301453515660829,0.5192307692307693,0.9814814814814815,0.9545454545454546,0.9164825452938578
0.7788461538461539,0.6793774801587301,0.7161016949152542,0.6793774801587301,0.6650465417697655,0.8606294933180206,0.6276927750840041,0.6249537210378903,0.5192307692307693,0.9444444444444444,0.8695652173913043,0.861328125
0.75,0.6070707070707071,0.5750878220140516,0.6070707070707071,0.5834710597457177,0.8660977598798208,0.5612679846826782,0.56985348289097,0.5865384615384616,0.9508196721311475,0.8846153846153846,0.8744019138755981
0.7692307692307693,0.6549242424242424,0.677422723475355,0.6549242424242424,0.6551716876587568,0.8554734698123061,0.5905319670056066,0.6465622317933205,0.4807692307692308,0.96,0.9166666666666666,0.8389154704944177
0.75,0.6544289044289044,0.7104166666666667,0.6544289044289044,0.6645937866979823,0.8054005710888301,0.534979267498998,0.8450432605886322,0.6153846153846154,0.890625,0.7307692307692307,0.7583732057416269
0.7596153846153846,0.6491545893719807,0.7030632411067194,0.6491545893719807,0.6724537037037036,0.82928738654466,0.5412900243453139,0.831972077141704,0.5,0.8846153846153846,0.76,0.7496012759170653
0.8269230769230769,0.626047542304593,0.6208333333333333,0.626047542304593,0.6217948717948718,0.8259674976772784,0.6476859091533099,0.567430530093871,0.5865384615384616,0.9508196721311475,0.8333333333333334,0.8616880247459126
0.7211538461538461,0.6171875,0.6548076923076923,0.6171875,0.6290548598688134,0.8419566761363637,0.5045922556879754,0.713228577975028,0.5384615384615384,0.8928571428571429,0.7931034482758621,0.78046875
0.7692307692307693,0.6582513802622498,0.6971726190476191,0.6582513802622498,0.6634916484018164,0.8483138102137094,0.5885272195975287,0.7004747446538583,0.5480769230769231,0.9122807017543859,0.7916666666666666,0.832365466511808
0.7788461538461539,0.7424242424242424,0.7237066212476049,0.7424242424242424,0.7109833987469832,0.9435122824353375,0.6248461507467208,0.5288726546286796,0.5961538461538461,0.9516129032258065,0.8695652173913043,0.8963317384370014
0.8269230769230769,0.7288398862769572,0.7440622972096042,0.7288398862769572,0.7323879551820728,0.8990875338438723,0.6690940579199547,0.5134008499448007,0.5576923076923077,0.9655172413793104,0.8888888888888888,0.8803312629399586
0.7884615384615384,0.6430664420188997,0.5972429210134128,0.6430664420188997,0.6007818052594172,0.900530129147289,0.6221921493411134,0.5136637221875051,0.5961538461538461,0.967741935483871,0.9090909090909091,0.9133893062306674
0.8269230769230769,0.6566666666666667,0.598990342405619,0.6566666666666667,0.6164580073030776,0.9030772490308459,0.6598922767158496,0.4549510756143346,0.5673076923076923,0.9830508474576272,0.9444444444444444,0.9062068965517242
0.7980769230769231,0.7501812743587419,0.7697536945812808,0.7501812743587419,0.7444267202331718,0.9058710454181438,0.6763560754410847,0.6046660767051212,0.4519230769230769,0.8936170212765957,0.7619047619047619,0.8523540489642185
0.7692307692307693,0.690625,0.7006147540983607,0.690625,0.6629019607843137,0.8530925081425378,0.613292004936326,0.6861369082805406,0.49038461538461536,0.9411764705882353,0.875,0.8605468749999999
0.7596153846153846,0.6796474358974359,0.6669034090909091,0.6796474358974359,0.6566145045923059,0.8907547182632263,0.5981717111189127,0.6339229774631462,0.6057692307692307,0.8888888888888888,0.72,0.8503787878787878
0.7788461538461539,0.6789285714285714,0.6373341625207296,0.6789285714285714,0.6455858338436415,0.9124899727873194,0.5677925469456776,0.5270602846433888,0.5288461538461539,1.0,1.0,0.9043678160919539
0.7788461538461539,0.6396761133603239,0.6916666666666667,0.6396761133603239,0.6517347386912604,0.868648074302907,0.5930051822225555,0.6028434179328982,0.4807692307692308,0.96,0.9130434782608695,0.855263157894737
0.75,0.5575,0.5590277777777778,0.5575,0.5514223871366728,0.8574198317507913,0.46815217586739283,0.5771722200145886,0.5,0.9807692307692307,0.9615384615384616,0.8363218390804598
0.8076923076923077,0.7989035087719298,0.707427536231884,0.7989035087719298,0.7374433995123649,0.9086832954912033,0.5943314748785085,0.5714646565146021,0.5096153846153846,0.9622641509433962,0.9,0.87406015037594
0.8173076923076923,0.7512121212121212,0.7577380952380952,0.7512121212121212,0.7344783964753866,0.9424477962695865,0.629200763107978,0.48224218134382535,0.49038461538461536,1.0,1.0,0.9282758620689655
0.7980769230769231,0.6451048951048951,0.7388888888888889,0.6451048951048951,0.671672077922078,0.8529317663312701,0.6183185276802243,0.6789319832786946,0.5288461538461539,0.9272727272727272,0.8095238095238095,0.8331360946745562
0.7596153846153846,0.6223877355039327,0.5946009389671361,0.6223877355039327,0.5919539985484565,0.8258746978500606,0.5242823453372488,0.7212082512334868,0.5576923076923077,0.9137931034482759,0.8,0.8126333760136577
0.7884615384615384,0.644846858931366,0.729295665634675,0.644846858931366,0.6657546082949308,0.8483279084508522,0.5549351755953581,0.6803256705692708,0.5288461538461539,0.9272727272727272,0.8181818181818182,0.7784891165172856
0.7115384615384616,0.5641685736079329,0.5727513227513228,0.5641685736079329,0.5617588932806323,0.7717924406604747,0.46848554049652535,0.7618724171767786,0.4519230769230769,0.9361702127659575,0.9,0.7739130434782608
0.75,0.6430628731998596,0.5995757918552036,0.6430628731998596,0.6063990731906774,0.9101319409583353,0.5254098849261835,0.5252335880809914,0.49038461538461536,0.9803921568627451,0.9615384615384616,0.8687582854617764
0.8173076923076923,0.74936278998779,0.7617243867243868,0.74936278998779,0.7552791164894096,0.8978752427986993,0.6712948850361098,0.5622997549685936,0.5576923076923077,0.9310344827586207,0.7894736842105263,0.8698224852071005
0.7788461538461539,0.671764284637419,0.6759803921568628,0.671764284637419,0.6618412547205117,0.8340606588129202,0.5956723501377256,0.6803284793314094,0.5192307692307693,0.9259259259259259,0.8260869565217391,0.8055667607906414
0.8076923076923077,0.6351728863588446,0.6262765121759623,0.6351728863588446,0.6290279677762578,0.9146180663024418,0.6594554882567634,0.5429634713286409,0.5673076923076923,0.9491525423728814,0.85,0.8725038402457758
0.7884615384615384,0.6232142857142857,0.6529411764705881,0.6232142857142857,0.6241984271022383,0.829088240383772,0.5330796111652252,0.6647987932230769,0.6057692307692307,0.9365079365079365,0.8181818181818182,0.8147126436781609
0.7788461538461539,0.629757085020243,0.6181318681318682,0.629757085020243,0.6178819444444444,0.8933013878238931,0.6083357314682021,0.55952969133447,0.5384615384615384,0.9821428571428571,0.9565217391304348,0.8923076923076924
0.7884615384615384,0.6915178571428572,0.6693590869183493,0.6915178571428572,0.659658272031712,0.8883850302980044,0.6027153996995217,0.5749754824829288,0.5096153846153846,0.9245283018867925,0.8181818181818182,0.8483193277310925
0.7980769230769231,0.6618544183842691,0.6851449275362318,0.6618544183842691,0.6688729059337486,0.9041521182174364,0.6162005124905178,0.5396803317119082,0.5673076923076923,0.9661016949152542,0.9047619047619048,0.8656716417910447
0.8653846153846154,0.7956796628029504,0.8143796992481203,0.7956796628029504,0.7949810606060606,0.9190854728058575,0.7287979854445893,0.4883637963795462,0.5769230769230769,0.9833333333333333,0.9285714285714286,0.9160406539991162
0.7788461538461539,0.729076479076479,0.7289473684210527,0.729076479076479,0.7095713285314126,0.8847092478671426,0.542648980889594,0.5605435359190676,0.5192307692307693,0.9629629629629629,0.9130434782608695,0.8335738335738334
0.8076923076923077,0.624413145539906,0.6182216905901117,0.624413145539906,0.6184724833804652,0.8712795270664906,0.6332803098574931,0.5058225203038014,0.5,0.9807692307692307,0.95,0.8924455825864277
0.8173076923076923,0.6572368421052632,0.5927287581699346,0.6572368421052632,0.6116071428571428,0.8954460286354183,0.6342791118232778,0.49971677294268146,0.5865384615384616,0.9836065573770492,0.9473684210526315,0.8905075187969924
0.7596153846153846,0.6793112116641529,0.6911016949152542,0.6793112116641529,0.6565714280060629,0.8464885663956051,0.6004469406251312,0.705928140095296,0.5,0.9423076923076923,0.88,0.8489151873767258
0.7692307692307693,0.7725225225225225,0.73622311827957,0.7725225225225225,0.7406045751633987,0.9179465334900118,0.5821670146144398,0.579504993894785,0.4230769230769231,0.9772727272727273,0.9583333333333334,0.8846846846846848
0.7596153846153846,0.7309523809523809,0.7279761904761904,0.7309523809523809,0.7157038613560351,0.8920827428056203,0.5803195160251553,0.5792716315554551,0.4807692307692308,0.96,0.92,0.8773109243697479
0.6923076923076923,0.5654891304347827,0.5885869565217392,0.5654891304347827,0.5579187396351575,0.8299756457984391,0.4366092839241924,0.7453613577651749,0.3942307692307692,0.9512195121951219,0.9375,0.7685300207039337
0.7788461538461539,0.6235516934046346,0.597647897362794,0.6235516934046346,0.6049318135932309,0.9132515811640749,0.6139291863771628,0.5196847372895577,0.5384615384615384,1.0,1.0,0.9090909090909091
0.7788461538461539,0.625,0.5813519021739131,0.625,0.585749299719888,0.8136936106993851,0.5912932088323481,0.598725509429882,0.5961538461538461,0.9516129032258065,0.8695652173913043,0.8546006944444445
0.8173076923076923,0.7235714285714285,0.7587719298245614,0.7235714285714285,0.7223442159482591,0.9114475052116877,0.5959570668496347,0.5091937421427439,0.5192307692307693,0.9814814814814815,0.9473684210526315,0.8611494252873563
0.7884615384615384,0.7773515203182721,0.7197226502311249,0.7773515203182721,0.7395089285714286,0.9123492064965602,0.6378424849070152,0.5516689233972634,0.5673076923076923,0.9661016949152542,0.9090909090909091,0.8923395445134574
0.7403846153846154,0.6406389260249554,0.6746323529411764,0.6406389260249554,0.6549761989255866,0.8434402681350535,0.5299963847955159,0.7808567832375316,0.5,0.9230769230769231,0.8518518518518519,0.82109375
0.8076923076923077,0.7323202372127502,0.7221532091097308,0.7323202372127502,0.7247389306599833,0.8417820990774487,0.6160704451981699,0.6369867784107485,0.5,0.9423076923076923,0.85,0.8437900128040973
0.8076923076923077,0.7721830985915492,0.6873004045135193,0.7721830985915492,0.7151924651924653,0.8952918626844486,0.6606187817440402,0.5294261463963882,0.47115384615384615,0.9591836734693877,0.9,0.8950064020486554
0.7307692307692307,0.60807150595883,0.6135540184453228,0.60807150595883,0.5939849624060151,0.8242127607031021,0.47592841321465734,0.7133142494294489,0.4326923076923077,0.9555555555555556,0.9285714285714286,0.8228766538625694
0.7596153846153846,0.669244970715559,0.676078869047619,0.669244970715559,0.6687584345479082,0.8582361237093963,0.5681252521812625,0.6638139736826929,0.4326923076923077,0.9555555555555556,0.92,0.84688995215311
0.75,0.5760732323232323,0.5798611111111112,0.5760732323232323,0.572718253968254,0.8339559444922817,0.48328245052746466,0.6676627078217889,0.4807692307692308,0.92,0.8461538461538461,0.796875
0.7788461538461539,0.6802489177489177,0.749467178175618,0.6802489177489177,0.683886098645824,0.876990282548425,0.5759547912507795,0.6246135426203826,0.5288461538461539,0.9272727272727272,0.8260869565217391,0.8373949579831933
0.8269230769230769,0.6974206349206349,0.6167599502487562,0.6974206349206349,0.6440742143127602,0.8673352228563246,0.6703993307384607,0.6097093143839195,0.40384615384615385,0.9761904761904762,0.9444444444444444,0.896701388888889
0.75,0.6357954545454545,0.6290584415584416,0.6357954545454545,0.6071490769766632,0.8943661232376632,0.48944704163328495,0.5851657406274852,0.5192307692307693,0.9629629629629629,0.9230769230769231,0.8252873563218391
0.8461538461538461,0.8217423678332093,0.778254972875226,0.8217423678332093,0.7898200207305964,0.9411014657837262,0.6132395976599848,0.43388210546552136,0.5,1.0,1.0,0.8962025316455696
0.7788461538461539,0.6504456882255389,0.7130952380952381,0.6504456882255389,0.6527044731424293,0.8346458034961375,0.5769753074096141,0.7064190954926133,0.5865384615384616,0.9016393442622951,0.7391304347826086,0.8168616377571603
0.8173076923076923,0.6898687214611873,0.7684659090909091,0.6898687214611873,0.7189542483660131,0.908233132646209,0.587704659298411,0.5367300060822257,0.5769230769230769,0.9333333333333333,0.7894736842105263,0.8515245249668582
0.8461538461538461,0.8128551136363636,0.7955508474576272,0.8128551136363636,0.7926561831407788,0.9392893145161292,0.7459558704002824,0.47735325734828504,0.5961538461538461,1.0,1.0,0.925
0.7692307692307693,0.7503434065934066,0.6866718426501035,0.7503434065934066,0.701068376068376,0.8636218070359757,0.6002729057013996,0.6120943609697403,0.5,0.9615384615384616,0.9166666666666666,0.8504201680672268
0.7788461538461539,0.635193929674507,0.6533613445378151,0.635193929674507,0.6276671048639904,0.8263768755279692,0.6210137113146017,0.7403515859347072,0.5384615384615384,0.9107142857142857,0.782608695652174,0.8360655737704918
0.7596153846153846,0.6313186813186813,0.6400257400257401,0.6313186813186813,0.6174076289207868,0.810943252272056,0.4627620611370514,0.673755826364247,0.5192307692307693,0.9444444444444444,0.88,0.7840236686390533
0.7211538461538461,0.6600792253521126,0.6758578431372548,0.6600792253521126,0.6664724164724165,0.8288396861463753,0.4315470749891773,0.7963583086539094,0.5192307692307693,0.9074074074074074,0.8275862068965517,0.7541613316261202
0.8365384615384616,0.7307449494949495,0.8675915948275862,0.7307449494949495,0.7042430608607079,0.9047845414798799,0.7061053835455725,0.5003825716091561,0.5,0.9807692307692307,0.9411764705882353,0.9492187500000001
0.7211538461538461,0.6882215007215007,0.6822089947089947,0.6882215007215007,0.6498109733403851,0.9167035519007923,0.5582347957788247,0.593809847795057,0.5,0.9230769230769231,0.8620689655172413,0.8741773132017034
0.7788461538461539,0.6880050505050506,0.6820257368202574,0.6880050505050506,0.6616695513247237,0.8455294802810178,0.5427377661752861,0.6912899188960275,0.5480769230769231,0.8771929824561403,0.6956521739130435,0.7894965277777777
0.7211538461538461,0.6089236924277908,0.6565113500597372,0.6089236924277908,0.6171790607766218,0.8600546831972107,0.5222631672484872,0.6789219858145584,0.47115384615384615,0.9591836734693877,0.9310344827586207,0.8353030880670987
0.8076923076923077,0.6600095166271637,0.8457411133467472,0.6600095166271637,0.6557339842411785,0.9053414205399797,0.6326187346977921,0.5887848670348723,0.4807692307692308,0.98,0.95,0.8880718954248367
0.7596153846153846,0.6130952380952381,0.5943496801705757,0.6130952380952381,0.6022792022792023,0.8295861131368789,0.5707640539223934,0.6993372780415437,0.5480769230769231,0.9298245614035088,0.84,0.8428184281842819
0.7884615384615384,0.6585526315789474,0.6893939393939393,0.6585526315789474,0.6704413472706156,0.8559509035725468,0.6086216530697126,0.6445365882787869,0.46153846153846156,0.9375,0.8636363636363636,0.8508771929824561
0.8173076923076923,0.7346860859728507,0.7581738437001595,0.7346860859728507,0.7434339446053055,0.9185626135882421,0.6692186024376766,0.49944510755305743,0.5480769230769231,0.9473684210526315,0.8421052631578947,0.8919132149901381
0.8076923076923077,0.7431451612903226,0.7840364775239499,0.7431451612903226,0.7514320607622043,0.9239304354439722,0.678873479502501,0.539576061259625,0.5384615384615384,0.9642857142857143,0.9,0.8951612903225805
0.7980769230769231,0.6957946336429308,0.7167180277349768,0.6957946336429308,0.6942028479687281,0.9041113759864682,0.675597731356551,0.6154158820448146,0.5769230769230769,0.95,0.8571428571428571,0.896976483762598
0.8076923076923077,0.6225946221485918,0.6268037518037517,0.6225946221485918,0.6236444698606346,0.8315204477475748,0.6720565092758591,0.7013066426867893,0.5192307692307693,0.9259259259259259,0.8,0.847457627118644
0.7403846153846154,0.6627747252747253,0.6515151515151515,0.6627747252747253,0.6542673516183085,0.8294699341107906,0.5139614971769505,0.7069664104819297,0.4326923076923077,0.9333333333333333,0.8888888888888888,0.8012605042016806
0.8269230769230769,0.719047619047619,0.7902187902187902,0.719047619047619,0.7495941558441559,0.8717387974211425,0.6471309222741163,0.5836100819360431,0.5384615384615384,0.9464285714285714,0.8333333333333334,0.8336134453781513
0.7980769230769231,0.6556577480490524,0.696681068342498,0.6556577480490524,0.6507352941176471,0.8105670786451962,0.6184374573968185,0.6605790604038166,0.6153846153846154,0.9375,0.8095238095238095,0.8310559006211181
0.8076923076923077,0.6916794886968871,0.8510144927536232,0.6916794886968871,0.6851190476190476,0.9078802209560368,0.6210764066452655,0.5100052890399088,0.5576923076923077,0.9827586206896551,0.95,0.9026888604353394
0.7115384615384616,0.5833333333333334,0.6880952380952381,0.5833333333333334,0.5951048951048952,0.8113834791548442,0.43955658916160906,0.7801164845341927,0.4326923076923077,0.8888888888888888,0.8333333333333334,0.7659663865546218
0.7788461538461539,0.6642992424242424,0.6467209690893901,0.6642992424242424,0.6542358803986711,0.8745170429116623,0.6064754858054969,0.6082768151844028,0.5576923076923077,0.896551724137931,0.7391304347826086,0.8584529505582137
0.7884615384615384,0.7371323529411764,0.7197138798701298,0.7371323529411764,0.725,0.8943705804879424,0.6155094603575662,0.5962194245892091,0.5,0.9615384615384616,0.9090909090909091,0.8472222222222223
0.7884615384615384,0.7103479853479854,0.7164179104477612,0.7103479853479854,0.6970954987834549,0.8907698543898803,0.602518691423538,0.5624350480803365,0.5288461538461539,0.9454545454545454,0.8636363636363636,0.8609243697478992
0.75,0.6433531746031746,0.6244131455399061,0.6433531746031746,0.6302520396270397,0.7820278234649122,0.49265493928768145,0.7805072439095435,0.5576923076923077,0.9137931034482759,0.8076923076923077,0.7599826388888888
0.7211538461538461,0.615530303030303,0.5945322793148881,0.615530303030303,0.5850179508423088,0.8698746959039828,0.4553597127741091,0.6249240643318941,0.47115384615384615,0.9591836734693877,0.9310344827586207,0.8242481203007519
0.7884615384615384,0.6927197802197803,0.6914179104477611,0.6927197802197803,0.6801170605550168,0.9114262749293505,0.6002116104149858,0.5342143385904817,0.49038461538461536,0.9411764705882353,0.8636363636363636,0.8693277310924369
0.8076923076923077,0.6390498770635757,0.6745495495495495,0.6390498770635757,0.6452664399092971,0.9151420731749847,0.5908631765247447,0.4979604279811921,0.5480769230769231,0.9824561403508771,0.95,0.9010163499779054
0.7884615384615384,0.7561965811965812,0.7126315789473684,0.7561965811965812,0.7231074015576494,0.9274827710110777,0.6505010868832599,0.4782778624583298,0.5,1.0,1.0,0.9092702169625246
0.7211538461538461,0.5966346153846154,0.5888127853881278,0.5966346153846154,0.5879384347126283,0.7982507187703434,0.39874077915401335,0.7481128821952127,0.4326923076923077,0.9111111111111111,0.8620689655172413,0.7613793103448276
0.7980769230769231,0.7032413151364765,0.7198275862068966,0.7032413151364765,0.6990967365967367,0.8829084883917779,0.666885042576807,0.5933120014471385,0.5288461538461539,0.9636363636363636,0.9047619047619048,0.9093701996927804
0.8076923076923077,0.6795634920634921,0.6071987480438185,0.6795634920634921,0.6261238761238761,0.8996819987968592,0.6153282570068577,0.5339715135224815,0.5769230769230769,0.9666666666666667,0.9,0.8598090277777778
0.8173076923076923,0.7899159663865545,0.7761748633879781,0.7899159663865545,0.77566232217395,0.9440301182684236,0.68096253381772,0.4582120488292609,0.5,1.0,1.0,0.9411764705882353
0.8269230769230769,0.8115417219519387,0.7122175141242937,0.8115417219519387,0.7342317763486048,0.9136748789319444,0.7047003324566062,0.5746115749002187,0.5192307692307693,0.9629629629629629,0.8888888888888888,0.9174836601307189
0.7980769230769231,0.7896634615384616,0.753732638888889,0.7896634615384616,0.7506782945736434,0.8795712696410334,0.6509732137927028,0.6580530569975014,0.46153846153846156,0.8958333333333334,0.7619047619047619,0.8362919132149901
0.7884615384615384,0.6443624868282403,0.6073578595317726,0.6443624868282403,0.6096014492753623,0.8977512993896963,0.60227644557004,0.5007023279542052,0.5865384615384616,0.9672131147540983,0.9090909090909091,0.9045514803358374
0.8076923076923077,0.7383040935672515,0.742018779342723,0.7383040935672515,0.6889514426460239,0.8271042188805346,0.6046567566800866,0.6791851036810305,0.5384615384615384,0.9107142857142857,0.75,0.8148496240601505
0.7788461538461539,0.7085813492063492,0.7054376657824935,0.7085813492063492,0.6982027015018217,0.9263527526636789,0.6321683314714086,0.5274471182522676,0.46153846153846156,0.9583333333333334,0.9130434782608695,0.8892760356174991
0.7307692307692307,0.6814113849765258,0.6824596774193548,0.6814113849765258,0.6617481203007519,0.8669418556043196,0.5135226013214492,0.6564102799245274,0.38461538461538464,0.95,0.9285714285714286,0.8233034571062738
0.7788461538461539,0.5789473684210527,0.5418392709196355,0.5789473684210527,0.5534769463340892,0.8580952047672372,0.530882739213621,0.5446861302403609,0.6153846153846154,0.96875,0.9130434782608695,0.8472744360902256
0.7596153846153846,0.6048708920187793,0.5698294243070363,0.6048708920187793,0.5750282326369283,0.8196413838274467,0.5407825520093118,0.6528382064351171,0.5192307692307693,0.9074074074074074,0.8,0.8186086214255228
0.8269230769230769,0.8166175638336829,0.7756944444444445,0.8166175638336829,0.7920722830558896,0.8607078441118267,0.70815603977491,0.6997185581379699,0.5288461538461539,0.9090909090909091,0.7222222222222222,0.8317972350230415
0.7115384615384616,0.5981934731934732,0.6254084967320261,0.5981934731934732,0.6063218000904568,0.8494289273935611,0.46726871260597824,0.7562675622880811,0.4519230769230769,0.9148936170212766,0.8666666666666667,0.8090111642743222
0.875,0.7700892857142857,0.9016483516483517,0.7700892857142857,0.7701742936117937,0.9114790640334205,0.784113839122255,0.4844509882384234,0.5576923076923077,0.9310344827586207,0.6923076923076923,0.9125048393341076
0.7980769230769231,0.6994949494949495,0.6970708194289952,0.6994949494949495,0.682929216173897,0.9107621681967474,0.6364852424665036,0.5656546314186269,0.5865384615384616,0.9344262295081968,0.8095238095238095,0.8739495798319328
0.7115384615384616,0.6372652582159624,0.6263440860215054,0.6372652582159624,0.6117946381104276,0.8376018006921635,0.48276617874863315,0.722888035674148,0.4519230769230769,0.9361702127659575,0.9,0.7968416559965856
0.8173076923076923,0.7060592723004695,0.6786425017768302,0.7060592723004695,0.6885215254780472,0.8862377797629936,0.6481870230436781,0.5163286398359372,0.5480769230769231,0.9473684210526315,0.8421052631578947,0.8911651728553137
0.8269230769230769,0.7246810207336523,0.6638820638820639,0.7246810207336523,0.6859090909090909,0.8657444634986177,0.6155845029727077,0.5636782336366993,0.6057692307692307,0.9523809523809523,0.8333333333333334,0.8500939849624061
0.8461538461538461,0.778921568627451,0.7933250414593698,0.778921568627451,0.7834757834757834,0.897646306872106,0.712168275917791,0.5833215793513744,0.5,0.9615384615384616,0.875,0.8790849673202614
0.75,0.6307040998217469,0.7625,0.6307040998217469,0.6645771668991483,0.844992181394095,0.5298520916252343,0.7720114546483703,0.5,0.8846153846153846,0.7692307692307693,0.7866826156299841
0.8461538461538461,0.7332251082251082,0.683783255086072,0.7332251082251082,0.69701720085903,0.8831767800728179,0.6749066031366286,0.45955629808189247,0.5865384615384616,0.9672131147540983,0.875,0.898989898989899
0.7692307692307693,0.6952316689158794,0.6589455320798604,0.6952316689158794,0.6648645472174883,0.8874260487440071,0.5418418001458254,0.5428186716992452,0.5192307692307693,0.9814814814814815,0.9583333333333334,0.8656015037593985
0.8365384615384616,0.736038961038961,0.6664282990083905,0.736038961038961,0.6833307090746864,0.9076369060411614,0.6688036414847134,0.4690977956789455,0.5096153846153846,0.9811320754716981,0.9411764705882353,0.9196729196729196
0.8076923076923077,0.76700872656755,0.740079365079365,0.76700872656755,0.7492359535107627,0.8973722911594458,0.6557857079716151,0.5433699937004022,0.5192307692307693,1.0,1.0,0.8823529411764706
0.75,0.5974845283824157,0.6002717391304347,0.5974845283824157,0.5934704184704185,0.8268084738180514,0.508874333472509,0.6743665096262483,0.5096153846153846,0.9811320754716981,0.9615384615384616,0.8015364916773368
0.8365384615384616,0.7788872086817291,0.7329880204241949,0.7788872086817291,0.7484848484848484,0.8678838626600762,0.6839765236199695,0.5497530622495064,0.5576923076923077,0.9310344827586207,0.7647058823529411,0.8758285461776403
0.7788461538461539,0.6775374469036441,0.6726190476190476,0.6775374469036441,0.6700576241134751,0.8903031292486445,0.5616442819549697,0.5870682519768421,0.5,0.9615384615384616,0.9130434782608695,0.8557405036278275
0.8365384615384616,0.7452380952380953,0.7282665619272061,0.7452380952380953,0.7318328944563379,0.8788311426034493,0.688793165195501,0.5603713511754129,0.5673076923076923,0.9491525423728814,0.8235294117647058,0.8735294117647059
0.7692307692307693,0.6076464030428225,0.5938914027149321,0.6076464030428225,0.5976481230212574,0.8404571704109719,0.5723313536606232,0.5836325231421564,0.5384615384615384,0.9642857142857143,0.9166666666666666,0.8492753623188405
0.7692307692307693,0.7061116700201207,0.6632160110420979,0.7061116700201207,0.6742705391959123,0.8541270389064182,0.581383964213586,0.662693768915877,0.5673076923076923,0.9491525423728814,0.875,0.8386683738796415
0.7596153846153846,0.6637687969924813,0.6325710108604845,0.6637687969924813,0.6443079443079442,0.7784867442042607,0.48104072229201156,0.7617471915227335,0.49038461538461536,0.8823529411764706,0.76,0.7424812030075189
0.7980769230769231,0.7321428571428572,0.678030303030303,0.7321428571428572,0.6864495798319328,0.8578736813874486,0.6264043959798925,0.599094157876443,0.5673076923076923,0.9322033898305084,0.8095238095238095,0.8495798319327731
0.8076923076923077,0.7110930735930736,0.6858355282411471,0.7110930735930736,0.6888506346409694,0.8907810268757038,0.6368930387911833,0.5466573234325456,0.5673076923076923,0.9661016949152542,0.9,0.8764705882352941
0.7692307692307693,0.6416900093370681,0.6731770833333333,0.6416900093370681,0.6474891774891776,0.9017451360389117,0.576461403803808,0.5583644870328196,0.4807692307692308,0.98,0.9583333333333334,0.8794934640522876
0.8173076923076923,0.753996003996004,0.7440476190476191,0.753996003996004,0.7363445378151261,0.9119790743919464,0.6888531791157502,0.5587793904951207,0.4230769230769231,0.9545454545454546,0.8947368421052632,0.9043062200956938
0.7692307692307693,0.6075036075036075,0.6672268907563025,0.6075036075036075,0.6190476190476191,0.7782102703120329,0.4625647890985358,0.7844362403749117,0.5480769230769231,0.9122807017543859,0.7916666666666666,0.7287157287157287
0.7403846153846154,0.6388941940412529,0.6677238805970149,0.6388941940412529,0.6240143369175627,0.8550582060781302,0.5229647943071077,0.6928079573794904,0.4423076923076923,0.9565217391304348,0.9259259259259259,0.8120915032679739
0.7788461538461539,0.6338097810880954,0.6856227106227106,0.6338097810880954,0.6277480689245396,0.7931059538865495,0.599498328769538,0.7619955591348663,0.5192307692307693,0.9074074074074074,0.782608695652174,0.8172650262202501
0.7788461538461539,0.5570987654320987,0.5443086325439267,0.5570987654320987,0.543076583657373,0.8256902571380313,0.4517773965252202,0.6116740318942551,0.5865384615384616,0.9344262295081968,0.8260869565217391,0.799248523886205
0.8461538461538461,0.7658514492753623,0.761013986013986,0.7658514492753623,0.7543597800471328,0.9023912245234063,0.7161641133034958,0.5438561208554524,0.5576923076923077,0.9310344827586207,0.75,0.8861283643892339
0.7788461538461539,0.6832986832986833,0.646285617367707,0.6832986832986833,0.6520770010131712,0.9010312464982795,0.567414783717401,0.5378093035735666,0.6153846153846154,0.953125,0.8695652173913043,0.8558558558558559
0.8076923076923077,0.7943128881987578,0.728813559322034,0.7943128881987578,0.7471313570767093,0.921503686907899,0.6742018546005639,0.5306692793706632,0.5,0.9615384615384616,0.9,0.8877846790890269
0.7211538461538461,0.623015873015873,0.5662878787878788,0.623015873015873,0.5844774980930587,0.8584127963137009,0.4684569527616853,0.7010237694601779,0.49038461538461536,0.9019607843137255,0.8275862068965517,0.8051215277777777
0.7980769230769231,0.7122831825037708,0.7751865671641791,0.7122831825037708,0.7197691197691198,0.8878812144476667,0.6254794130450101,0.5539777227377959,0.5192307692307693,0.9629629629629629,0.9047619047619048,0.8602941176470589
0.8173076923076923,0.8096745027124773,0.716078697421981,0.8096745027124773,0.7297239878989769,0.8842571509900508,0.6453514946843356,0.5347738130108954,0.5384615384615384,0.9642857142857143,0.8947368421052632,0.8926582278481012
0.7884615384615384,0.5912698412698413,0.6428894927536232,0.5912698412698413,0.5843676122931443,0.8294545696285387,0.5830913719577112,0.6439968370786425,0.5384615384615384,0.9464285714285714,0.8636363636363636,0.8598090277777778
0.8557692307692307,0.7851731601731602,0.7855769230769231,0.7851731601731602,0.7844832075948991,0.9005823005364009,0.7381167965827623,0.5064766370578473,0.5673076923076923,0.9491525423728814,0.8,0.8883572567783093
0.8365384615384616,0.7498917748917749,0.6980806407069869,0.7498917748917749,0.711068211068211,0.9331305564245069,0.6560180653495422,0.46776867157405994,0.5673076923076923,0.9661016949152542,0.8823529411764706,0.9124579124579124
0.7403846153846154,0.6112713675213675,0.6520547945205479,0.6112713675213675,0.6233047351922125,0.8489153975460902,0.4644121191229592,0.6699537906613794,0.4230769230769231,0.9545454545454546,0.9259259259259259,0.7747395833333333
0.8557692307692307,0.6715189873417722,0.5975975975975976,0.6715189873417722,0.6216153127917834,0.7818815647724212,0.6738835393193723,0.6113593189678858,0.5961538461538461,0.9354838709677419,0.7333333333333333,0.8531645569620252
0.7403846153846154,0.6148809523809524,0.6467948717948717,0.6148809523809524,0.6119286437246962,0.8607482499769734,0.5572255089025125,0.6824546746858946,0.5480769230769231,0.8947368421052632,0.7777777777777778,0.821969696969697
0.7403846153846154,0.6788095238095238,0.6851966873706004,0.6788095238095238,0.6774175020885547,0.8622364060900378,0.4680272815873825,0.6375952665203267,0.5288461538461539,0.9454545454545454,0.8888888888888888,0.8211494252873562
0.75,0.678989898989899,0.6455878502225714,0.678989898989899,0.6410798122065727,0.8526517383896928,0.5126253916943052,0.6636175702500393,0.5192307692307693,0.9814814814814815,0.9615384615384616,0.8239080459770115
0.7403846153846154,0.6839798261440052,0.6569330601092895,0.6839798261440052,0.6511081393893894,0.8487770402862497,0.553436655992778,0.7137980130709114,0.5288461538461539,0.8909090909090909,0.7777777777777778,0.8196853569987897
0.7692307692307693,0.7002798507462686,0.6717278719397364,0.7002798507462686,0.6670634920634919,0.8976300657212504,0.609030336819134,0.5787392682224457,0.46153846153846156,1.0,1.0,0.8753529649052038
0.8365384615384616,0.7378571428571428,0.7843764817449028,0.7378571428571428,0.7381431767337807,0.9148580569803464,0.6430342174630673,0.5201234532637516,0.6346153846153846,0.9545454545454546,0.8235294117647058,0.8662068965517242
0.7884615384615384,0.7007251082251081,0.7126116071428572,0.7007251082251081,0.6765159301130523,0.9146400461792565,0.6045726923847868,0.5466893860280186,0.5096153846153846,0.9811320754716981,0.9545454545454546,0.8960919540229886
0.75,0.6277396214896215,0.6442460317460317,0.6277396214896215,0.6170729854940381,0.8195804384128874,0.5676695522107247,0.7058189556239269,0.4326923076923077,0.9111111111111111,0.8461538461538461,0.8110723964382501
0.8173076923076923,0.7040733865676657,0.763095238095238,0.7040733865676657,0.7173611111111111,0.8753538316631806,0.6999205493275312,0.653450295088385,0.4807692307692308,0.94,0.8421052631578947,0.8667413213885778
0.8846153846153846,0.7986335559864972,0.892018779342723,0.7986335559864972,0.8280994252217274,0.9297501016652898,0.7783582679888613,0.4402154599481119,0.5576923076923077,0.9827586206896551,0.9166666666666666,0.9342320261437909
0.8557692307692307,0.8179137323943662,0.8162878787878788,0.8179137323943662,0.8103470354718914,0.9464418058223076,0.7267660882452882,0.43906094831098297,0.5480769230769231,1.0,1.0,0.9415279556124626
0.8269230769230769,0.7565104166666666,0.7955508474576272,0.7565104166666666,0.7392566782810686,0.9156365017879912,0.7171712894762053,0.5908531003377064,0.5288461538461539,0.9818181818181818,0.9444444444444444,0.91796875
0.8076923076923077,0.6255707762557077,0.5960144927536232,0.6255707762557077,0.6022567630849033,0.8699987041641448,0.6142021578796643,0.4679925650756268,0.5384615384615384,0.9464285714285714,0.85,0.8789217852408308
0.8173076923076923,0.6588171632289279,0.7071204337899544,0.6588171632289279,0.6804195804195805,0.9090436756156604,0.6282844574917215,0.5224734064798453,0.5576923076923077,0.9482758620689655,0.8421052631578947,0.8764705882352941
0.8173076923076923,0.7662878787878789,0.7461192810457516,0.7662878787878789,0.7402024117140396,0.9202397240947378,0.6822562385466923,0.5437656979906855,0.5,0.9423076923076923,0.8421052631578947,0.8987240829346091
0.7596153846153846,0.66875,0.6074866310160427,0.66875,0.6188344594594595,0.8222867807059961,0.504491071175172,0.5978964412746971,0.5961538461538461,0.9354838709677419,0.84,0.8244791666666665
0.8173076923076923,0.7217881944444444,0.7273448773448773,0.7217881944444444,0.7184585099939431,0.912536084867571,0.6802411628325987,0.529211707775137,0.5480769230769231,0.9824561403508771,0.9473684210526315,0.903515625
0.7980769230769231,0.7259501453163424,0.7384453781512604,0.7259501453163424,0.724728266922066,0.8655907264255844,0.609757821615407,0.6687694798986115,0.49038461538461536,0.9411764705882353,0.8571428571428571,0.8416559965855742
0.8461538461538461,0.7261675824175824,0.7638888888888888,0.7261675824175824,0.7402330650570087,0.9208874276411749,0.692516009744559,0.480520169337357,0.5384615384615384,0.9821428571428571,0.9375,0.9172268907563026
0.7980769230769231,0.6846850198412698,0.7291666666666667,0.6846850198412698,0.7004273504273504,0.8902348930312383,0.6347950010195399,0.6131802181001205,0.4230769230769231,0.9545454545454546,0.9047619047619048,0.84296875
0.8173076923076923,0.7118762993762994,0.7628676470588236,0.7118762993762994,0.7097653488498559,0.930149686817747,0.6415626272668116,0.4774744377790698,0.5576923076923077,1.0,1.0,0.9265765765765767
0.7211538461538461,0.6047979797979798,0.5800000000000001,0.6047979797979798,0.5877313112356606,0.8412353536948829,0.4945814726862332,0.7244890331733409,0.5096153846153846,0.9433962264150944,0.896551724137931,0.8042264752791068
0.7211538461538461,0.6596512183468706,0.6537767982368263,0.6596512183468706,0.6508792974803421,0.8585416830773471,0.5018223099775077,0.6956746310297401,0.4423076923076923,0.9347826086956522,0.896551724137931,0.8037267080745342
0.7596153846153846,0.6482711732711732,0.7504076973255055,0.6482711732711732,0.6576814814052916,0.8778870300165477,0.576715911383578,0.6924129742511982,0.5288461538461539,0.8727272727272727,0.72,0.8246212121212121
0.7788461538461539,0.6937099103691432,0.7773631840796019,0.6937099103691432,0.7203632203632202,0.8394223315578672,0.6248055343465916,0.8047036434483892,0.5576923076923077,0.8793103448275862,0.6956521739130435,0.7992467043314501
0.75,0.7073538276069922,0.59075502571295,0.7073538276069922,0.6026644996059889,0.9037736280388238,0.54352062247016,0.5387990347120819,0.47115384615384615,1.0,1.0,0.9012658227848102
0.7788461538461539,0.6758477633477633,0.7147921172795001,0.6758477633477633,0.6446198830409356,0.8688591547785014,0.5240964062878609,0.598621307433705,0.5384615384615384,0.9107142857142857,0.782608695652174,0.8133718133718134
0.8076923076923077,0.75,0.7271671826625387,0.75,0.7363445378151261,0.8527068016462203,0.622585579337254,0.689934204038808,0.5384615384615384,0.9107142857142857,0.75,0.8111979166666666
0.7019230769230769,0.617929292929293,0.6999189549961862,0.617929292929293,0.6515531635327394,0.8450331871249088,0.44767854076933955,0.7766638845254307,0.47115384615384615,0.9183673469387755,0.8709677419354839,0.7873767258382642
0.8076923076923077,0.6636813186813186,0.6506493506493506,0.6636813186813186,0.6377005012531327,0.8980254434631093,0.5622977267199837,0.5515636013840286,0.5,0.9615384615384616,0.9,0.8468965517241379
0.7980769230769231,0.7827054794520548,0.7064326443335709,0.7827054794520548,0.727621632099244,0.8967585480833814,0.645557324925467,0.5609015609678852,0.5192307692307693,0.9814814814814815,0.9523809523809523,0.9001325673884224
0.75,0.6619616596638656,0.7369693148381673,0.6619616596638656,0.6728682170542635,0.8342512777069551,0.5706790168434549,0.7226584829173605,0.5480769230769231,0.9122807017543859,0.8076923076923077,0.8054687500000001
0.7596153846153846,0.661976911976912,0.6531583440034144,0.661976911976912,0.6461581774081774,0.8588932584136757,0.48937113577363245,0.6260988273356085,0.47115384615384615,0.9591836734693877,0.92,0.8244348244348244
0.8557692307692307,0.7341269841269841,0.8429621848739496,0.7341269841269841,0.7674035516140779,0.9003871644985029,0.7413179291453036,0.5890503813637674,0.6730769230769231,0.9428571428571428,0.7333333333333333,0.8912117692605497
0.7980769230769231,0.6457309582309583,0.6888157894736842,0.6457309582309583,0.6585897435897436,0.8650564208590923,0.5559243540587101,0.5848010149862979,0.5192307692307693,0.9629629629629629,0.9047619047619048,0.8252252252252252
0.7307692307692307,0.6753357753357754,0.7931385869565217,0.6753357753357754,0.6829185051558957,0.841093931587639,0.5381360630067793,0.7847924564323967,0.5192307692307693,0.9074074074074074,0.8214285714285714,0.7824235385210996
0.8557692307692307,0.7195388238522041,0.7612612612612613,0.7195388238522041,0.7071863640829158,0.8746152875422951,0.7048151229488645,0.5375953941522279,0.5576923076923077,0.9482758620689655,0.8,0.8489116517285531
0.7211538461538461,0.6369485294117647,0.5978260869565217,0.6369485294117647,0.601533698156682,0.8758851855753831,0.5201937491974188,0.6193606996600245,0.5192307692307693,0.9444444444444444,0.896551724137931,0.8366013071895424
0.8269230769230769,0.7097324759863459,0.6932539682539682,0.7097324759863459,0.6980591082153582,0.8813786481827353,0.6915076157977863,0.5502554360538223,0.5384615384615384,0.9642857142857143,0.8888888888888888,0.8828402366863904
0.7019230769230769,0.6142676767676768,0.6378787878787879,0.6142676767676768,0.603191856452726,0.839462885870171,0.4357166284558648,0.6959478143912198,0.5,0.9230769230769231,0.8709677419354839,0.7738715277777778
0.8173076923076923,0.7088203463203463,0.6922348484848485,0.7088203463203463,0.6968901196842373,0.89893742542457,0.6491166695757492,0.4414639087214459,0.5769230769230769,0.9833333333333333,0.9473684210526315,0.9285714285714286
0.8461538461538461,0.7360839160839161,0.7365196078431372,0.7360839160839161,0.7254818594104309,0.9055543953113903,0.6752279002309317,0.4731769635544452,0.5480769230769231,0.9649122807017544,0.875,0.8970114942528735
0.7596153846153846,0.6342755283931755,0.6648550724637681,0.6342755283931755,0.6397124058994563,0.8174409712312471,0.527625461439645,0.7572479183994951,0.5192307692307693,0.8888888888888888,0.76,0.7714285714285714
0.8653846153846154,0.7795045045045045,0.7241436100131753,0.7795045045045045,0.7425438596491228,0.8384372817026615,0.7429295454228435,0.5176279373487576,0.5865384615384616,0.9508196721311475,0.7857142857142857,0.8995495495495497
0.6923076923076923,0.5588235294117647,0.5516922263352724,0.5588235294117647,0.5435201564769672,0.8081388837132426,0.4524883728090578,0.714264273054093,0.4519230769230769,0.9787234042553191,0.96875,0.8092320261437909
0.8269230769230769,0.7452505827505828,0.7991551459293394,0.7452505827505828,0.7606658678534748,0.9433112693222613,0.6920986502207741,0.456773116654793,0.5480769230769231,0.9824561403508771,0.9444444444444444,0.9183431952662722
0.7884615384615384,0.6669413919413919,0.7843045112781954,0.6669413919413919,0.7104769152714357,0.827688984886739,0.5619120433998045,0.7186925960102737,0.5480769230769231,0.9122807017543859,0.7727272727272727,0.7659663865546218
0.7980769230769231,0.7202243958573072,0.691722972972973,0.7202243958573072,0.701797385620915,0.8820548843911149,0.5388160109174236,0.5550231527953509,0.5480769230769231,0.9824561403508771,0.9523809523809523,0.8405063291139242
0.7403846153846154,0.542948717948718,0.5476190476190476,0.542948717948718,0.5371104554674534,0.8111770789372854,0.4606691354408485,0.6624397328502211,0.5480769230769231,0.9649122807017544,0.9259259259259259,0.8124137931034483
0.8076923076923077,0.6858974358974359,0.7554347826086957,0.6858974358974359,0.7043279045501973,0.9043754622781065,0.6350911403969133,0.5746595861479064,0.49038461538461536,0.9607843137254902,0.9,0.8721893491124261
0.8173076923076923,0.7235670970266042,0.7801535087719298,0.7235670970266042,0.7440892440892442,0.8841537698496267,0.627751005213068,0.611314488860202,0.5288461538461539,0.9454545454545454,0.8421052631578947,0.8480580452411438
0.7692307692307693,0.633797268907563,0.597741935483871,0.633797268907563,0.6069696337989021,0.8879890024191495,0.5900233509130495,0.5711130228624562,0.4423076923076923,0.9565217391304348,0.9166666666666666,0.883169934640523
0.7788461538461539,0.7386363636363635,0.7117258652094718,0.7386363636363635,0.7208936357600331,0.8740389321586653,0.6177262504818436,0.647386957549061,0.49038461538461536,0.9215686274509803,0.8260869565217391,0.8484848484848484
0.7884615384615384,0.753083028083028,0.7041693705386113,0.753083028083028,0.7008354728435864,0.8991876367459146,0.5840287166648456,0.5577463764975763,0.49038461538461536,0.9607843137254902,0.9090909090909091,0.8722879684418146
0.7884615384615384,0.6583817498291182,0.6691252587991718,0.6583817498291182,0.6628254539225762,0.8291579685586227,0.5813640919585237,0.621651720794514,0.5384615384615384,0.9642857142857143,0.9090909090909091,0.8638655462184874
0.7596153846153846,0.6850255027384089,0.7006302521008404,0.6850255027384089,0.6469276094276094,0.892917959981422,0.5663129365476872,0.6673287949869742,0.5576923076923077,0.9137931034482759,0.8,0.8382412263009279
0.8269230769230769,0.6037289915966386,0.6647887323943662,0.6037289915966386,0.6083133493205435,0.8003651954768162,0.6594637696853966,0.642666271744656,0.5961538461538461,0.9193548387096774,0.7222222222222222,0.8366013071895425
0.8365384615384616,0.6423872180451128,0.6038732394366197,0.6423872180451128,0.6181472589035615,0.8968533466017987,0.6509527626639834,0.5042580537413819,0.6057692307692307,0.9682539682539683,0.8823529411764706,0.8956766917293234
0.7788461538461539,0.6777901785714286,0.662141393442623,0.6777901785714286,0.6341242236024844,0.8969900068888462,0.6225358731305707,0.557927877793941,0.5384615384615384,0.9464285714285714,0.8695652173913043,0.8589843749999999
0.7307692307692307,0.6172885572139304,0.7167808219178082,0.6172885572139304,0.6543650793650794,0.8779566412881209,0.4717443298545949,0.6401821955654422,0.5384615384615384,0.9642857142857143,0.9285714285714286,0.8208955223880597
0.7692307692307693,0.6863764954195156,0.729978354978355,0.6863764954195156,0.7015519568151147,0.8731843677945295,0.5755865830818583,0.6904083819286997,0.5,0.9423076923076923,0.875,0.8398547801532876
0.8269230769230769,0.7292412617220801,0.7723616473616474,0.7292412617220801,0.7481215021537603,0.9028196010568126,0.6479227634146659,0.5088013443124108,0.5192307692307693,1.0,1.0,0.8766045548654244
0.8557692307692307,0.7043569254185693,0.7906926406926407,0.7043569254185693,0.7168421052631578,0.8711982182252899,0.6871067601148785,0.5906512775664744,0.5865384615384616,0.9344262295081968,0.7333333333333333,0.8643393725143615
0.75,0.6076923076923078,0.6360294117647058,0.6076923076923078,0.6143711551606288,0.8060222013271048,0.5414048459766799,0.7780632096091977,0.5096153846153846,0.8679245283018868,0.7307692307692307,0.7668639053254438
0.7884615384615384,0.63131071826724,0.6678921568627452,0.63131071826724,0.6436371695680206,0.8250519382826697,0.5798131743780971,0.6563315237808248,0.5192307692307693,0.8888888888888888,0.7272727272727273,0.8157349896480331
0.8076923076923077,0.7801011029411764,0.7739748677248677,0.7801011029411764,0.764448051948052,0.9063319414511494,0.6895318072024565,0.5433593303245402,0.5769230769230769,0.9833333333333333,0.95,0.913671875
0.7692307692307693,0.6266925711275027,0.6255707762557078,0.6266925711275027,0.6165323147172461,0.8508450421174776,0.5176276913640596,0.6567640291254835,0.49038461538461536,0.9215686274509803,0.8333333333333334,0.7901016349977905
0.7115384615384616,0.6273301574150787,0.665909090909091,0.6273301574150787,0.6344789961811238,0.8034747209370691,0.4212885815170954,0.7900587475436356,0.5192307692307693,0.9444444444444444,0.9,0.7810499359795133
0.8173076923076923,0.6275115531444645,0.6166666666666667,0.6275115531444645,0.6156018698870277,0.829714623801997,0.593603518811734,0.5156122571296073,0.5865384615384616,0.9508196721311475,0.8421052631578947,0.8617721518987342
0.7307692307692307,0.6660714285714286,0.6454188160157209,0.6660714285714286,0.6427570863546473,0.8100734681062141,0.5505913286305785,0.7886450978657005,0.49038461538461536,0.8823529411764706,0.7857142857142857,0.79765625
0.8461538461538461,0.7642857142857143,0.7321428571428572,0.7642857142857143,0.7415176101788679,0.8856349206349207,0.6834571620766406,0.5189821744627529,0.5384615384615384,0.9464285714285714,0.8125,0.8933333333333333
0.7980769230769231,0.7076196750109793,0.7245989304812834,0.7076196750109793,0.7052910052910053,0.8737292730317017,0.6262921335149959,0.62969509709548,0.5288461538461539,0.9636363636363636,0.9047619047619048,0.8612836438923396
0.8076923076923077,0.8257042253521127,0.7504049763493812,0.8257042253521127,0.77764998159735,0.945240810392659,0.6614127292225664,0.4807370593346216,0.5,1.0,1.0,0.9376867264191209
0.6923076923076923,0.631043956043956,0.6369047619047619,0.631043956043956,0.6200757575757576,0.8217530519372503,0.4512963099687124,0.7345012086976944,0.5384615384615384,0.9464285714285714,0.90625,0.7988165680473374
0.7980769230769231,0.662091329068941,0.7408088235294118,0.662091329068941,0.6883838383838383,0.8270355049743043,0.6130316067378984,0.662043043082102,0.4326923076923077,0.9555555555555556,0.9047619047619048,0.8152480839048003
0.8173076923076923,0.6173708920187793,0.5909498207885304,0.6173708920187793,0.5976190476190476,0.7400185732151328,0.6687616448798444,0.5729227608091164,0.5096153846153846,0.9622641509433962,0.8947368421052632,0.8950064020486556
0.8557692307692307,0.738095238095238,0.8131372549019608,0.738095238095238,0.7563079777365492,0.8625389021148526,0.693029648116443,0.5546986140897701,0.5673076923076923,0.9491525423728814,0.8,0.8580729166666666
0.8365384615384616,0.6661255411255411,0.6024423337856174,0.6661255411255411,0.619281045751634,0.8892901583118975,0.6781428038302699,0.5247219883582405,0.5384615384615384,0.9642857142857143,0.8823529411764706,0.9086099086099086
0.7884615384615384,0.6643668831168832,0.8591485507246377,0.6643668831168832,0.7021929824561404,0.8674687546925237,0.6092448821149533,0.6564192306068468,0.5384615384615384,0.9107142857142857,0.7727272727272727,0.84296875
0.7980769230769231,0.7404518329070758,0.6881427553202321,0.7404518329070758,0.7073717948717948,0.9081717480959036,0.6436472472283382,0.5095226672819442,0.5384615384615384,0.9821428571428571,0.9523809523809523,0.9064182194616978
0.8076923076923077,0.7188034188034188,0.7309268600252207,0.7188034188034188,0.6804719670573329,0.9199791719397777,0.6756298824373459,0.5345854114593853,0.5576923076923077,0.9310344827586207,0.8,0.8946745562130178
0.7596153846153846,0.6178571428571429,0.656784188034188,0.6178571428571429,0.6291937413531106,0.8648057095178496,0.5204729694718749,0.6091435642551045,0.5480769230769231,0.9298245614035088,0.84,0.8243697478991596
0.8557692307692307,0.8241642323920805,0.7777777777777777,0.8241642323920805,0.7933473810957254,0.9167196230200076,0.6830921359895379,0.4633953593885322,0.625,0.9692307692307692,0.8666666666666667,0.8941772151898735
0.8076923076923077,0.7858885017421603,0.7100008953353031,0.7858885017421603,0.7367159498207886,0.9282784532059619,0.5579196077105447,0.4533044735753904,0.5576923076923077,0.9827586206896551,0.95,0.9212860310421286
0.7980769230769231,0.6532051282051282,0.6271428571428571,0.6532051282051282,0.6361408199643495,0.7835148776871947,0.5368364591307478,0.6132791506328986,0.5480769230769231,0.9298245614035088,0.8095238095238095,0.7874753451676529
0.7980769230769231,0.7063678858454978,0.7074234092694422,0.7063678858454978,0.6919689745715865,0.8517886367136434,0.6298967922839752,0.6801166429744475,0.5384615384615384,0.9107142857142857,0.7619047619047619,0.8249294070189593
0.7596153846153846,0.6667609351432882,0.6930555555555555,0.6667609351432882,0.6657198551935395,0.8272363781075418,0.5349085534510426,0.7541761382093444,0.5673076923076923,0.864406779661017,0.68,0.7802287581699346
0.7307692307692307,0.5985294117647059,0.5764925373134329,0.5985294117647059,0.5863636363636364,0.782296668667467,0.4868121988546733,0.8418585064685183,0.4423076923076923,0.9130434782608695,0.8571428571428571,0.7536764705882353
0.7788461538461539,0.6704562594268477,0.7395833333333333,0.6704562594268477,0.6971596318629006,0.837312105309551,0.5846213358283389,0.6706740550636641,0.5865384615384616,0.9016393442622951,0.7391304347826086,0.8224852071005917
0.7596153846153846,0.6499084249084249,0.6873015873015873,0.6499084249084249,0.6560602343127032,0.860685483459313,0.550970434500497,0.6786998313590862,0.5480769230769231,0.9122807017543859,0.8,0.806311637080868
0.7884615384615384,0.639412100456621,0.7093253968253969,0.639412100456621,0.6632139528691252,0.8317322679650481,0.5542047655491534,0.7055745073912303,0.5,0.9423076923076923,0.8636363636363636,0.8042421564295184
0.7788461538461539,0.7474308300395257,0.7465659340659341,0.7474308300395257,0.7436473031580234,0.875217226775528,0.6589224057310956,0.6816531356154452,0.5480769230769231,0.8947368421052632,0.7391304347826086,0.849721706864564
0.7692307692307693,0.695054945054945,0.6479166666666667,0.695054945054945,0.6590476190476191,0.8520039010883923,0.5986332465801009,0.6094664271259312,0.4423076923076923,0.9347826086956522,0.875,0.8525210084033614
0.7980769230769231,0.6082572298325724,0.5588235294117647,0.6082572298325724,0.5710077156885668,0.8260373638155394,0.6004428128403277,0.6081809446679223,0.5576923076923077,0.9482758620689655,0.8571428571428571,0.8351745470614229
0.7596153846153846,0.6834940727345791,0.649422268907563,0.6834940727345791,0.6418200558369043,0.8671122998675077,0.4759893601172079,0.5845867297785372,0.5384615384615384,0.9464285714285714,0.88,0.8015189873417722
0.6634615384615384,0.5867055838728934,0.5860722610722611,0.5867055838728934,0.5788434994956735,0.803894113212002,0.4225622418321896,0.9345520173403495,0.4807692307692308,0.86,0.8,0.745711017918414
0.7980769230769231,0.6334325396825398,0.5925324675324676,0.6334325396825398,0.6066252587991718,0.8114453125000001,0.6129436460530732,0.6234170124534708,0.5576923076923077,0.9310344827586207,0.8095238095238095,0.8355034722222222
0.7788461538461539,0.61328125,0.7199754901960784,0.61328125,0.635211906079046,0.8585789535984849,0.5890704109570598,0.6315639065707358,0.47115384615384615,0.9387755102040817,0.8695652173913043,0.850390625
0.8076923076923077,0.6749999999999999,0.6794117647058824,0.6749999999999999,0.6715214736953867,0.8965668868841373,0.6284221584046882,0.5690720939303971,0.47115384615384615,0.9591836734693877,0.9,0.8663865546218488
0.8269230769230769,0.6891025641025641,0.6590277777777778,0.6891025641025641,0.6665429808286951,0.8733569306809493,0.6341250086488415,0.5756092029169744,0.5480769230769231,0.9473684210526315,0.8333333333333334,0.8514942528735632
0.75,0.6557017543859649,0.7650103519668737,0.6557017543859649,0.6508620689655172,0.8480814666875521,0.49875899326789236,0.629796476900875,0.4807692307692308,0.96,0.9230769230769231,0.8115601503759399
0.8461538461538461,0.8193515258215962,0.7647058823529411,0.8193515258215962,0.7826648380292422,0.939926058947559,0.7015082115761172,0.4476255448906621,0.5769230769230769,0.9833333333333333,0.9375,0.9274434485702092
0.7596153846153846,0.6294836956521739,0.6260964912280702,0.6294836956521739,0.6257862463982009,0.8837368989528017,0.5469653486398653,0.634294730508227,0.5096153846153846,0.9433962264150944,0.88,0.832712215320911
0.8173076923076923,0.7241071428571428,0.8022887323943662,0.7241071428571428,0.7448208286674132,0.8672001022060178,0.6364770642755319,0.6262287425535397,0.5192307692307693,0.9444444444444444,0.8421052631578947,0.8252100840336134
0.7788461538461539,0.6593406593406593,0.65613894811656,0.6593406593406593,0.6508069748580697,0.8339197011162687,0.5779062276295452,0.6735317037227794,0.4807692307692308,0.92,0.8260869565217391,0.8
0.7788461538461539,0.6451492537313432,0.702054794520548,0.6451492537313432,0.6571428571428571,0.8253400550439294,0.5717463912444929,0.7386872331271792,0.5480769230769231,0.9122807017543859,0.782608695652174,0.8059701492537313
0.7692307692307693,0.6816824966078697,0.6578188602442334,0.6816824966078697,0.6544507193760924,0.9033526274566452,0.5769143615421717,0.6014416190360344,0.5673076923076923,0.9491525423728814,0.875,0.8535699878983461
0.8173076923076923,0.7545194003527336,0.6984797297297297,0.7545194003527336,0.7097394540942928,0.9004504665956871,0.579376058668278,0.46320211941944484,0.6153846153846154,0.953125,0.8421052631578947,0.8701019860440151
0.8269230769230769,0.796875,0.802726574500768,0.796875,0.7953105804668306,0.9112639299140708,0.6958780631368361,0.5441218872785142,0.5192307692307693,0.9629629629629629,0.8888888888888888,0.8871610845295056
0.8173076923076923,0.7150523088023089,0.6876811594202898,0.7150523088023089,0.6970812875068194,0.88238807686691,0.6389213864350974,0.5320933371584224,0.5576923076923077,0.9482758620689655,0.8421052631578947,0.8580729166666667
0.7788461538461539,0.7288083538083538,0.6992647058823529,0.7288083538083538,0.6990841483536192,0.8975816358880876,0.5655730606804846,0.5851195927895374,0.5288461538461539,0.9636363636363636,0.9130434782608695,0.8689189189189189
0.7307692307692307,0.656475468975469,0.6863095238095238,0.656475468975469,0.6629528376645828,0.8493348173752769,0.5141979238384655,0.6684958958663205,0.4326923076923077,0.9555555555555556,0.9285714285714286,0.8305422647527911
0.7884615384615384,0.6205051369863014,0.5703125,0.6205051369863014,0.578614315987756,0.7990526379629415,0.606537729158329,0.5782338833233198,0.5865384615384616,0.9508196721311475,0.8636363636363636,0.8749447635881573
0.8461538461538461,0.7536919831223629,0.6767857142857143,0.7536919831223629,0.7022627703206563,0.9205521922583013,0.6775840031620467,0.4101528496144278,0.5576923076923077,0.9827586206896551,0.9375,0.9407594936708861
0.7403846153846154,0.6028429282160626,0.6326086956521739,0.6028429282160626,0.6156855061773925,0.8508894164656053,0.5070331383723193,0.6590092038466104,0.4519230769230769,0.9574468085106383,0.9259259259259259,0.8414683340056475
0.7307692307692307,0.6863247863247863,0.6541125541125541,0.6863247863247863,0.6520348837209302,0.8870355336738451,0.5677369293604994,0.6305542434352833,0.4326923076923077,0.9777777777777777,0.9642857142857143,0.863905325443787
0.7980769230769231,0.6665945165945166,0.6713489805595069,0.6665945165945166,0.666212180236333,0.826220987675631,0.5422232510434764,0.6070410981200562,0.5961538461538461,0.9354838709677419,0.8095238095238095,0.8128908128908129
0.8076923076923077,0.7186059907834101,0.7169026328862395,0.7186059907834101,0.7168766193156437,0.8659285575720145,0.6715743032744982,0.6786393050452093,0.5384615384615384,0.9285714285714286,0.8,0.8517665130568356
0.7692307692307693,0.6594551282051282,0.6649251805985552,0.6594551282051282,0.6526156983290717,0.8136833812075412,0.5711576815736296,0.7538023420628127,0.5769230769230769,0.9333333333333333,0.8333333333333334,0.8157790927021696
0.7980769230769231,0.6943473193473193,0.6202731092436975,0.6943473193473193,0.6407534246575343,0.8448810952864708,0.5898544235077908,0.5383655589549489,0.5480769230769231,0.9649122807017544,0.9047619047619048,0.8895463510848127
0.875,0.8330357142857143,0.8170081967213115,0.8330357142857143,0.824,0.9385413271049566,0.7827634086528257,0.5143868513925205,0.5384615384615384,0.9464285714285714,0.7692307692307693,0.915625
0.7788461538461539,0.6651960784313725,0.63678955453149,0.6651960784313725,0.6465811965811966,0.8303117092938639,0.6059046776250544,0.6836845759204162,0.5096153846153846,0.8867924528301887,0.7391304347826086,0.8300653594771241
0.7307692307692307,0.6244047619047619,0.6558277027027027,0.6244047619047619,0.629319955406912,0.7481568380591828,0.4527484388082064,0.9586495256221524,0.49038461538461536,0.8627450980392157,0.75,0.696638655462185
0.8269230769230769,0.678921568627451,0.7035024154589372,0.678921568627451,0.6825796347568309,0.8909338922835052,0.6685331456922406,0.5484335067830426,0.5480769230769231,0.9473684210526315,0.8333333333333334,0.8766339869281046
0.7115384615384616,0.6453893932154802,0.5930164319248826,0.6453893932154802,0.5754824561403509,0.8741673663649383,0.4519345553209622,0.7305152389011254,0.49038461538461536,0.9215686274509803,0.8666666666666667,0.7784679089026915
0.8365384615384616,0.740580985915493,0.7711180124223602,0.740580985915493,0.7438933873144399,0.9039690831993006,0.6800499886155549,0.5626330380786828,0.5096153846153846,1.0,1.0,0.8839095177123346
0.75,0.6958333333333333,0.701010101010101,0.6958333333333333,0.6867720772519534,0.8799687821474567,0.5348507774570336,0.6456599247676562,0.41346153846153844,0.9767441860465116,0.9615384615384616,0.8201680672268907
0.7403846153846154,0.6866071428571429,0.6830357142857143,0.6866071428571429,0.675534991324465,0.8657351441278758,0.5289517614553203,0.6823433934711366,0.5,0.9230769230769231,0.8518518518518519,0.8285714285714285
0.8557692307692307,0.6609848484848485,0.6348178137651822,0.6609848484848485,0.646619411123228,0.9079906798245614,0.7360228764978397,0.46015433937869876,0.5576923076923077,0.9827586206896551,0.9333333333333333,0.9441786283891547
0.7596153846153846,0.5696617670301881,0.5788690476190476,0.5696617670301881,0.5715344277245782,0.8337195167303526,0.49296336015561654,0.5804568778670349,0.5769230769230769,0.9833333333333333,0.96,0.8495495495495496
0.7596153846153846,0.6882751247327157,0.6830209895052474,0.6882751247327157,0.6748859235606951,0.9092237789377903,0.6043103558248963,0.6041511009651809,0.4519230769230769,0.9787234042553191,0.96,0.8501715592832635
0.7692307692307693,0.7080808080808081,0.7631302521008404,0.7080808080808081,0.7169384057971016,0.9059496374049956,0.5593289645512043,0.5698845700172561,0.5096153846153846,0.9245283018867925,0.8333333333333334,0.838655462184874
0.7980769230769231,0.7011111111111111,0.8414285714285714,0.7011111111111111,0.7254002463054188,0.8498249383452997,0.5815127319337415,0.5640121343157898,0.5480769230769231,0.9473684210526315,0.8571428571428571,0.8367816091954021
0.75,0.6140956852224457,0.6327464788732394,0.6140956852224457,0.6127418103391591,0.7853453710601638,0.4990914449374028,0.7853916907500408,0.5576923076923077,0.8620689655172413,0.6923076923076923,0.7733674775928296
0.7980769230769231,0.6763795045045045,0.7203428906773978,0.6763795045045045,0.6866670549860205,0.8680408108421501,0.5772666126180478,0.6098666463500438,0.5288461538461539,0.9272727272727272,0.8095238095238095,0.8536036036036037
0.7788461538461539,0.6597222222222223,0.6747512437810945,0.6597222222222223,0.6573343922264786,0.8659109436758894,0.5684981255963685,0.5762800087254296,0.5384615384615384,0.9464285714285714,0.8695652173913043,0.8411458333333334
0.8173076923076923,0.709298513986014,0.7768115942028986,0.709298513986014,0.7297397906531033,0.8451025210960461,0.6700176158710944,0.7194415807386745,0.5576923076923077,0.9310344827586207,0.7894736842105263,0.8390624999999999
0.8365384615384616,0.7693248532289628,0.7354166666666667,0.7693248532289628,0.7407475565370302,0.8932368350754875,0.6720780252534543,0.4941372047072981,0.625,0.9384615384615385,0.7647058823529411,0.8762704374723818
0.8269230769230769,0.7742857142857142,0.7393719806763285,0.7742857142857142,0.7423763736263737,0.9079614772608169,0.6525108066517565,0.4940735571393696,0.6057692307692307,0.9682539682539683,0.8888888888888888,0.874942528735632
0.8173076923076923,0.7247336377473363,0.7325709393346379,0.7247336377473363,0.7212789225279153,0.8368712221128269,0.6180990469444818,0.711713977304777,0.5288461538461539,0.9090909090909091,0.7368421052631579,0.7834732655766681
0.7884615384615384,0.6553137651821863,0.6645833333333333,0.6553137651821863,0.648543579464632,0.8822974636591765,0.544733136693228,0.5514488273142288,0.5673076923076923,0.9491525423728814,0.8636363636363636,0.8397556390977444
0.8846153846153846,0.7529963434452872,0.7854554865424431,0.7529963434452872,0.7546074646074646,0.9160746129942196,0.7720947079931422,0.411889858955942,0.5769230769230769,0.9833333333333333,0.9166666666666666,0.9287238583013232
0.7884615384615384,0.7232142857142858,0.7106611302847283,0.7232142857142858,0.7153090268365411,0.9146974715752796,0.6399310565913214,0.5528867841194647,0.5480769230769231,0.9473684210526315,0.8636363636363636,0.8741773132017034
0.8173076923076923,0.6982600732600732,0.6878852536747273,0.6982600732600732,0.6803486019131715,0.8594950023521453,0.5909884535681732,0.5821006700792372,0.5192307692307693,0.9444444444444444,0.8421052631578947,0.8215488215488216
0.7403846153846154,0.6592261904761905,0.7173076923076923,0.6592261904761905,0.6593395252837977,0.8358833874458875,0.5643685542710329,0.8195417732593143,0.4519230769230769,0.8936170212765957,0.8148148148148148,0.7958333333333333
0.7596153846153846,0.625,0.5812676056338029,0.625,0.59932509351114,0.8277246797259421,0.504005408660366,0.7042439636569623,0.5673076923076923,0.9491525423728814,0.88,0.7994791666666665
0.8076923076923077,0.6917016806722689,0.6686868686868687,0.6917016806722689,0.6762282338308458,0.867654398529171,0.6437582562440207,0.5823672738716538,0.5096153846153846,0.9433962264150944,0.85,0.8562091503267975
0.7788461538461539,0.7298310349780939,0.74609375,0.7298310349780939,0.725561238988349,0.9121414154003759,0.603038754124005,0.5713719350978159,0.4519230769230769,0.9787234042553191,0.9565217391304348,0.8525326797385622
0.75,0.6448735088440971,0.657552973342447,0.6448735088440971,0.6501010101010101,0.8554602785830019,0.543906071628007,0.7372942649764931,0.5480769230769231,0.9298245614035088,0.8461538461538461,0.8261562998405103
0.7307692307692307,0.6137370540851553,0.6555882352941176,0.6137370540851553,0.6075904045828857,0.788656784575554,0.442729389895727,0.6988606771626247,0.5961538461538461,0.9354838709677419,0.8571428571428571,0.7868354430379747
0.7211538461538461,0.5793190052700923,0.6125,0.5793190052700923,0.5899003873824017,0.8313618858168188,0.4556295430575296,0.7226400921780824,0.4807692307692308,0.96,0.9310344827586207,0.7863354037267081
0.7788461538461539,0.7580762987012987,0.7288866160140268,0.7580762987012987,0.7255728767356675,0.9138157589425709,0.6225371754531932,0.5402779480520328,0.46153846153846156,0.9375,0.8695652173913043,0.8852941176470589
0.7596153846153846,0.7170804794520548,0.6775641025641026,0.7170804794520548,0.6806236606007773,0.8906089789698848,0.5426444992119436,0.6194797341291705,0.47115384615384615,0.9591836734693877,0.92,0.8501988510826338
0.75,0.675,0.6498917748917749,0.675,0.6475297721427753,0.8819152264619616,0.550630055140156,0.6305668498546664,0.5192307692307693,0.9444444444444444,0.8846153846153846,0.8403361344537815
0.875,0.7465277777777778,0.7650375939849625,0.7465277777777778,0.7503018108651912,0.8762071519651966,0.7458594957885841,0.5564589838459407,0.5288461538461539,0.9818181818181818,0.9230769230769231,0.9010416666666667
0.8269230769230769,0.7472314277823806,0.7248033656484361,0.7472314277823806,0.7173907415078709,0.8323788065272468,0.6546157925118044,0.626208123664446,0.5769230769230769,0.9166666666666666,0.7222222222222222,0.8049509176269739
0.7596153846153846,0.6235314207650273,0.6717320261437909,0.6235314207650273,0.6432074147802422,0.8208858311570338,0.5760585811773005,0.7936323991246048,0.5288461538461539,0.9272727272727272,0.84,0.7872664887533358
0.7403846153846154,0.6562546071060003,0.6160310734463277,0.6562546071060003,0.619500769640637,0.8475576058545703,0.553421643673401,0.6856052591333686,0.4807692307692308,0.94,0.8888888888888888,0.8247549019607844
0.8557692307692307,0.8032643826761473,0.83515625,0.8032643826761473,0.8132725749004819,0.9032401484711622,0.7432678283861928,0.5780952502554548,0.6153846153846154,0.90625,0.6,0.8796844181459567
0.7980769230769231,0.7332572298325724,0.8474358974358975,0.7332572298325724,0.6764822134387352,0.9026317589156275,0.6307787920667722,0.5584986218847834,0.5576923076923077,0.9482758620689655,0.8571428571428571,0.8908528501988511
0.7692307692307693,0.59009942004971,0.5827464788732395,0.59009942004971,0.586317907444668,0.8165441425367004,0.5303105767334718,0.6928416947757264,0.5480769230769231,0.9298245614035088,0.8333333333333334,0.7921468203158344
0.7788461538461539,0.6111111111111112,0.620018115942029,0.6111111111111112,0.6130077369439072,0.8936303323412698,0.5498567479054414,0.5678280579774722,0.4807692307692308,0.98,0.9565217391304348,0.8641493055555556
0.8365384615384616,0.7381410256410257,0.6769556596971882,0.7381410256410257,0.6999007936507936,0.8715798601666485,0.6286312580012804,0.46031025152268445,0.5961538461538461,0.9838709677419355,0.9411764705882353,0.8921874999999999
0.8846153846153846,0.7884199134199135,0.8589285714285714,0.7884199134199135,0.817684766214178,0.8974870889344574,0.7835155009896408,0.5233574760726303,0.5961538461538461,0.967741935483871,0.8333333333333334,0.8891547049441787
0.8173076923076923,0.7087912087912088,0.7205882352941176,0.7087912087912088,0.7034616855794976,0.882831297894623,0.6492821337048286,0.5626355724776678,0.5192307692307693,0.9629629629629629,0.8947368421052632,0.8827731092436976
0.7980769230769231,0.6917525967183502,0.6526515151515152,0.6917525967183502,0.663994921709691,0.8890559852343478,0.612116364198821,0.5512099401606139,0.5673076923076923,0.9322033898305084,0.8095238095238095,0.8643393725143614
0.7211538461538461,0.6347601540616247,0.6344525105868118,0.6347601540616247,0.6097701091939651,0.8180747725226454,0.5357208954351185,0.731987890877909,0.4230769230769231,0.9545454545454546,0.9310344827586207,0.815359477124183
0.8269230769230769,0.8168081918081919,0.7529761904761905,0.8168081918081919,0.7173384353741497,0.9266593782346646,0.6519511994424471,0.5071480342954092,0.49038461538461536,0.9607843137254902,0.8888888888888888,0.8855218855218855
0.8076923076923077,0.6889430014430014,0.6577380952380952,0.6889430014430014,0.6647458983593437,0.8780965513531304,0.5954175426933364,0.5402170971467872,0.5288461538461539,0.9636363636363636,0.9,0.8754208754208754
0.7980769230769231,0.7156727504244482,0.7020833333333334,0.7156727504244482,0.6867551334863684,0.8293628727223062,0.6747991697883842,0.7134233853108912,0.4230769230769231,0.9090909090909091,0.8095238095238095,0.8314132104454686
0.7788461538461539,0.7068624868282403,0.705548128342246,0.7068624868282403,0.6854103343465046,0.8464496029034664,0.5666350321716194,0.6715920760446135,0.5288461538461539,0.9272727272727272,0.8260869565217391,0.7954043305346885
0.7692307692307693,0.6192037470725995,0.6214896214896215,0.6192037470725995,0.6153244871501563,0.8457311142480377,0.6019666077133032,0.6319732044993346,0.5480769230769231,0.9473684210526315,0.875,0.8501715592832635
0.7403846153846154,0.677389705882353,0.6226811594202899,0.677389705882353,0.6203725897517843,0.8627744227262483,0.43262692769182176,0.6267643749238013,0.47115384615384615,0.9591836734693877,0.9259259259259259,0.7916666666666666
0.8557692307692307,0.7224559686888454,0.847972972972973,0.7224559686888454,0.7314342403628118,0.8764545393443528,0.6949584346773846,0.5321594040053127,0.5288461538461539,0.9454545454545454,0.8,0.8669907202828104
0.8461538461538461,0.7540241448692153,0.7529411764705882,0.7540241448692153,0.7404012618781981,0.8939955257945674,0.703025132673393,0.5000717478308803,0.5673076923076923,0.9491525423728814,0.8125,0.9180537772087067
0.8461538461538461,0.6169871794871795,0.6228070175438597,0.6169871794871795,0.6198593073593074,0.9021236260133073,0.6385188759963579,0.46669706195317445,0.6442307692307693,0.9701492537313433,0.875,0.886094674556213
0.7692307692307693,0.7219771241830064,0.72976011994003,0.7219771241830064,0.721906308513484,0.8689063183419298,0.6231603140191995,0.688386681978429,0.46153846153846156,0.8958333333333334,0.7916666666666666,0.8257575757575757
0.7980769230769231,0.6871212121212121,0.6737179487179488,0.6871212121212121,0.6687449130197222,0.8518871933142214,0.6373549353700341,0.619735506387051,0.6057692307692307,0.9206349206349206,0.7619047619047619,0.8484848484848485
0.8173076923076923,0.6898191898191899,0.6625,0.6898191898191899,0.6639224137931035,0.9052498487760805,0.6288781870474054,0.49218173381773805,0.5096153846153846,0.9811320754716981,0.9473684210526315,0.9009009009009008
0.7980769230769231,0.6914160401002507,0.728756157635468,0.6914160401002507,0.682818269737999,0.9004416272285551,0.6631649790814756,0.6079637004268792,0.5865384615384616,0.9344262295081968,0.8095238095238095,0.8966318234610918
0.7403846153846154,0.6053648278560251,0.6640350877192982,0.6053648278560251,0.6292020530296486,0.8189282573347447,0.4484486794168386,0.7665231020874494,0.5961538461538461,0.8870967741935484,0.7407407407407407,0.7383696116090482
0.8173076923076923,0.7568620992534036,0.7393106893106892,0.7568620992534036,0.7448977639276146,0.9038333220071977,0.6606160869621761,0.5453337599262557,0.5096153846153846,0.9622641509433962,0.8947368421052632,0.889855072463768
0.7980769230769231,0.7188596491228071,0.6584637964774951,0.7188596491228071,0.6564317673378076,0.8668987961926091,0.5682826582201356,0.5553245645366472,0.5673076923076923,0.9152542372881356,0.7619047619047619,0.8049812030075189
0.8076923076923077,0.6751336898395722,0.5936205468102733,0.6751336898395722,0.6265416238437821,0.892900014823841,0.6340911617986413,0.5346347303535384,0.5576923076923077,0.9827586206896551,0.95,0.8782679738562091
0.7596153846153846,0.6567510076130766,0.731060606060606,0.6567510076130766,0.6765729130695373,0.8381181205327578,0.5936900177536891,0.7291207553081358,0.5673076923076923,0.8983050847457628,0.76,0.8257121439280359
0.8173076923076923,0.8216008771929825,0.7570979020979021,0.8216008771929825,0.779558745348219,0.944107642309316,0.7247302108078945,0.4602964537974185,0.5192307692307693,0.9814814814814815,0.9473684210526315,0.9367424242424243
0.8076923076923077,0.6914529914529914,0.7324234092694423,0.6914529914529914,0.6959761840593484,0.8632796282753068,0.6519878290665257,0.6567076139633021,0.5961538461538461,0.9193548387096774,0.75,0.8678500986193294
0.7211538461538461,0.6002798507462687,0.6107142857142858,0.6002798507462687,0.6013356013356013,0.8537951046567755,0.4915591783750476,0.6545739224853138,0.5096153846153846,0.9622641509433962,0.9310344827586207,0.8140379185155304
0.7980769230769231,0.7157186948853616,0.6510206822455009,0.7157186948853616,0.6644555444555444,0.8566124721598198,0.5432534340569305,0.5582902738541208,0.5288461538461539,0.9636363636363636,0.9047619047619048,0.8293075684380032
0.7692307692307693,0.6698232323232324,0.6866883116883117,0.6698232323232324,0.6768897768897769,0.8763063852690265,0.5793824951706664,0.6303166422518557,0.4519230769230769,0.9574468085106383,0.9166666666666666,0.8421052631578947
0.7692307692307693,0.6958803258145363,0.6460268317853457,0.6958803258145363,0.6412962962962963,0.8645103970864662,0.541613291941694,0.5976187955490098,0.5865384615384616,0.9508196721311475,0.875,0.8148496240601504
0.8076923076923077,0.7216117216117216,0.7527472527472527,0.7216117216117216,0.732066341607565,0.9189298704590642,0.6558937789413457,0.5061982596369847,0.5192307692307693,1.0,1.0,0.8887573964497041
0.7115384615384616,0.6245335259419766,0.6808712121212122,0.6245335259419766,0.5926371378013714,0.7990938521730562,0.47236006280333237,0.8467178812473826,0.49038461538461536,0.9215686274509803,0.8666666666666667,0.7836107554417414
0.8269230769230769,0.6889880952380953,0.6763888888888889,0.6889880952380953,0.6780809859154929,0.8947270053854876,0.6520345180064943,0.5014037239955816,0.5480769230769231,0.9824561403508771,0.9444444444444444,0.9192708333333334
0.6826923076923077,0.6145833333333334,0.6270678246484698,0.6145833333333334,0.6073726365546218,0.8426233633019499,0.44553048156508435,0.777205805710325,0.40384615384615385,0.9523809523809523,0.9393939393939394,0.799043062200957
0.7692307692307693,0.6674679487179488,0.629399585921325,0.6674679487179488,0.6341943770515199,0.8622147203322736,0.5201465462301148,0.5953174309859237,0.49038461538461536,0.9607843137254902,0.9166666666666666,0.8249506903353057
0.7692307692307693,0.6615767045454546,0.6145604395604396,0.6615767045454546,0.6354263565891473,0.8771390632800243,0.5843565356657312,0.5998638127870752,0.5865384615384616,0.9508196721311475,0.875,0.841796875
0.8076923076923077,0.7285391225689732,0.7449813258636788,0.7285391225689732,0.7319576719576719,0.9308037413778192,0.643146656509485,0.5059010838323241,0.5961538461538461,0.9516129032258065,0.85,0.8826139572408229
0.7403846153846154,0.6589285714285714,0.6218645484949833,0.6589285714285714,0.617989417989418,0.8487502736987487,0.5248654778907957,0.6977401129679616,0.5673076923076923,0.9661016949152542,0.9259259259259259,0.8042016806722688
0.8173076923076923,0.5943043237250554,0.5996835443037974,0.5943043237250554,0.5938302277432712,0.8713514458190016,0.5218585287809656,0.43664650978787384,0.625,0.9538461538461539,0.8421052631578947,0.8702882483370288
0.7115384615384616,0.5451576576576577,0.5851974592653963,0.5451576576576577,0.5577051301189232,0.8176859781410688,0.4055071612536965,0.6962596059668407,0.49038461538461536,0.9607843137254902,0.9333333333333333,0.7810810810810811
0.8076923076923077,0.663335020242915,0.6038732394366197,0.663335020242915,0.6165839308696451,0.9110930632477289,0.597793322940527,0.5399512327305077,0.4519230769230769,1.0,1.0,0.893796992481203
0.7019230769230769,0.5981881787802841,0.6019927536231884,0.5981881787802841,0.5863912693180986,0.8125219797348764,0.4973413708190356,0.8040645522794823,0.49038461538461536,0.9019607843137255,0.8387096774193549,0.7777777777777778
0.7788461538461539,0.6593061137498478,0.6555735930735931,0.6593061137498478,0.6553849902534112,0.914540137144313,0.5823678381814433,0.5580170959230494,0.5384615384615384,0.9642857142857143,0.9130434782608695,0.8683229813664596
0.8365384615384616,0.8336961028192371,0.8097704241772039,0.8336961028192371,0.8126984126984127,0.942904008619106,0.7242773026943948,0.4433516815291399,0.5480769230769231,0.9649122807017544,0.8823529411764706,0.9483662767244857
0.8076923076923077,0.6711711711711712,0.6369318181818182,0.6711711711711712,0.6452205882352942,0.824681072049493,0.6086711103521202,0.6371967958117464,0.5096153846153846,0.9433962264150944,0.85,0.8427927927927928
0.8269230769230769,0.6055836055836056,0.6124517374517374,0.6055836055836056,0.6084834834834835,0.7912660140954124,0.6232380185259766,0.6065438592702298,0.6826923076923077,0.9295774647887324,0.7222222222222222,0.8148648648648649
0.7788461538461539,0.6408514492753623,0.6494397759103642,0.6408514492753623,0.6433249363242326,0.8187321757522624,0.5696532009856158,0.724171625549813,0.6153846153846154,0.921875,0.782608695652174,0.8186335403726708
0.8557692307692307,0.7900614754098361,0.8746468926553672,0.7900614754098361,0.7928571428571428,0.9234975041544041,0.766274060373638,0.5181356014950774,0.5480769230769231,1.0,1.0,0.9199390011437285
0.7115384615384616,0.6057852965747702,0.6784420289855073,0.6057852965747702,0.6328707963861468,0.8439922460212155,0.42812489513196084,0.6912950349422786,0.4807692307692308,0.92,0.8666666666666667,0.8084033613445378
0.8076923076923077,0.832051282051282,0.7527056277056277,0.832051282051282,0.7776605169897853,0.9000524925747175,0.6214129282138993,0.5619784048430623,0.5192307692307693,0.9444444444444444,0.85,0.873767258382643
0.7980769230769231,0.7059782608695653,0.7039179104477612,0.7059782608695653,0.6973012281835811,0.8365701903700538,0.6195521528450164,0.6609333234354923,0.5865384615384616,0.9344262295081968,0.8095238095238095,0.8376811594202899
0.7788461538461539,0.7029171486408329,0.722463768115942,0.7029171486408329,0.6971264367816092,0.9241859326200593,0.5477899507717917,0.5231424034908958,0.4807692307692308,1.0,1.0,0.8947368421052632
0.75,0.7400568181818181,0.6644519794721407,0.7400568181818181,0.6735071750474383,0.8742216631585129,0.5641577521032418,0.7107280407395431,0.4519230769230769,0.9361702127659575,0.8846153846153846,0.819377990430622
0.6730769230769231,0.6211111111111111,0.5720526755852843,0.6211111111111111,0.5829831932773109,0.791936202951156,0.3695275939369128,0.754656453562319,0.5288461538461539,0.9090909090909091,0.8529411764705882,0.7439080459770114
0.7884615384615384,0.6792253521126761,0.6461277173913043,0.6792253521126761,0.6550062023746235,0.9171101882465571,0.6093204028004695,0.5006582782648233,0.4807692307692308,1.0,1.0,0.9282970550576185
0.8076923076923077,0.7072478991596638,0.7261904761904762,0.7072478991596638,0.698781838316722,0.9122679416594224,0.6488436916667109,0.5388031826880784,0.5384615384615384,0.9642857142857143,0.9,0.8873949579831932
0.7788461538461539,0.6136314886314886,0.585,0.6136314886314886,0.5937623371496249,0.7955651964265638,0.5166530124001896,0.673331708816482,0.5769230769230769,0.9,0.7391304347826086,0.7725225225225226
0.8076923076923077,0.7620334620334621,0.7763480392156862,0.7620334620334621,0.7550817726874066,0.9111567335490752,0.6179226208312516,0.5366301711889366,0.5096153846153846,0.9622641509433962,0.9,0.8666666666666667
0.8557692307692307,0.7925,0.7804726368159204,0.7925,0.7621168185584093,0.8862993787197311,0.7228029369065857,0.4624129704267569,0.5096153846153846,0.9622641509433962,0.8666666666666667,0.9144827586206896
0.8942307692307693,0.7351551956815114,0.769266917293233,0.7351551956815114,0.7466295546558704,0.9166309347595849,0.7575971399105286,0.48983066146649884,0.5192307692307693,0.9814814814814815,0.9090909090909091,0.9046052631578947
0.7884615384615384,0.6620448179271708,0.6977678571428572,0.6620448179271708,0.6756211180124223,0.8254978325358484,0.5925755982893275,0.6719181380664213,0.5384615384615384,0.9285714285714286,0.8181818181818182,0.8161764705882353
0.75,0.6272281639928698,0.6374660326086956,0.6272281639928698,0.6262820512820513,0.854007697136349,0.5514071531062936,0.7007222299940772,0.4807692307692308,0.96,0.9230769230769231,0.80622009569378
0.7980769230769231,0.7083920187793427,0.6881180223285487,0.7083920187793427,0.6891285236932875,0.8329691596243154,0.6190527311238678,0.6679469936330715,0.5576923076923077,0.9310344827586207,0.8095238095238095,0.8203158344003416
0.75,0.6585665981852422,0.7021560940841055,0.6585665981852422,0.6558069381598793,0.8752515921437505,0.5900865318357517,0.7021430990393918,0.5384615384615384,0.9107142857142857,0.8076923076923077,0.8233521657250471
0.7788461538461539,0.5748626373626373,0.5742481203007519,0.5748626373626373,0.5623249299719888,0.8915963962967741,0.4891158545478113,0.5529413926139409,0.6057692307692307,0.9523809523809523,0.8695652173913043,0.8542568542568543
0.6634615384615384,0.5343275660177069,0.5566123188405797,0.5343275660177069,0.5404716725399837,0.7617947587891319,0.3407200639232043,0.8841732738787501,0.47115384615384615,0.8775510204081632,0.8285714285714286,0.6867264191207854
0.7788461538461539,0.7007042253521127,0.6716117216117217,0.7007042253521127,0.6793390433096316,0.871331186640828,0.5870748219391152,0.5747326418836219,0.5576923076923077,0.9482758620689655,0.8695652173913043,0.8629961587708066
0.6923076923076923,0.5813631790744467,0.5421836228287842,0.5813631790744467,0.5409196067090803,0.8607102984401935,0.44844280768560185,0.6352818326950782,0.5192307692307693,0.9629629629629629,0.9375,0.823303457106274
0.75,0.6845217187682942,0.6544159544159545,0.6845217187682942,0.6356884057971015,0.8435824256996933,0.5330583941444442,0.6821350590926206,0.5,0.9038461538461539,0.8076923076923077,0.8188245691559876
0.8076923076923077,0.795804794520548,0.7048642533936651,0.795804794520548,0.7305772327511457,0.9490985765263269,0.6404026191990958,0.4536494033443358,0.5,1.0,1.0,0.9120636323464427
0.75,0.65625,0.6150114155251141,0.65625,0.6137202192705039,0.8144448138297873,0.4345608361130111,0.6693154967102983,0.5,0.9230769230769231,0.8461538461538461,0.7729166666666667
0.8076923076923077,0.7273809523809524,0.6841736694677871,0.7273809523809524,0.6947684694238246,0.8835251491901109,0.6222650429861153,0.5569181897798342,0.5384615384615384,0.9821428571428571,0.95,0.8508403361344538
0.7788461538461539,0.7553940136660724,0.75488704004329,0.7553940136660724,0.7513670087199499,0.8978646434666498,0.5993645920726093,0.6140150584999212,0.49038461538461536,0.9411764705882353,0.8695652173913043,0.866421568627451
0.8076923076923077,0.6830648926237162,0.6607142857142857,0.6830648926237162,0.6670995670995671,0.8566675488024666,0.6499826573266214,0.5631499683535348,0.5865384615384616,0.9672131147540983,0.9,0.8786764705882354
0.8076923076923077,0.6593253968253968,0.6610181924882629,0.6593253968253968,0.6427779117434289,0.8152594249234704,0.6116241689816952,0.6875405224582992,0.5480769230769231,0.9298245614035088,0.8,0.8038194444444444
0.7692307692307693,0.68359375,0.6840163934426229,0.68359375,0.6756599190283401,0.8308712121212121,0.6042037767106965,0.7166024059463152,0.47115384615384615,0.8979591836734694,0.7916666666666666,0.834375
0.7980769230769231,0.6705882352941177,0.7196009389671361,0.6705882352941177,0.6913652102190926,0.8568638803932709,0.6083121577395697,0.66026150800703,0.5480769230769231,0.9473684210526315,0.8571428571428571,0.8321078431372548
0.7788461538461539,0.6407734056987788,0.6936026936026936,0.6407734056987788,0.6585138441341448,0.8993046340191969,0.582462391210593,0.5923680532608357,0.5769230769230769,0.9833333333333333,0.9565217391304348,0.8725292456635739
0.8076923076923077,0.707510395010395,0.6498168498168498,0.707510395010395,0.6684417172144638,0.8818366327020173,0.6356592947486063,0.5091802130135004,0.5096153846153846,1.0,1.0,0.904054054054054
0.8461538461538461,0.7250962885154062,0.8682274247491638,0.7250962885154062,0.7108442422534103,0.869370750194017,0.7217109935741034,0.5609114251153979,0.5384615384615384,0.9464285714285714,0.8125,0.8590686274509804
0.7692307692307693,0.6690671386461733,0.6909090909090909,0.6690671386461733,0.6619784942153364,0.8967207396810938,0.6289220845395037,0.6432610191521845,0.4519230769230769,0.9574468085106383,0.9166666666666666,0.8930320150659135
0.8557692307692307,0.6764880952380952,0.6403361344537815,0.6764880952380952,0.651559934318555,0.9465449297307856,0.717309729400399,0.43243066441437616,0.5769230769230769,1.0,1.0,0.9546218487394958
0.7788461538461539,0.6898809523809524,0.7256836945304438,0.6898809523809524,0.6872122762148338,0.8157174993865963,0.5814475262708516,0.7529311006470375,0.6153846153846154,0.90625,0.7391304347826086,0.8021008403361344
0.8269230769230769,0.6428571428571429,0.6094771241830066,0.6428571428571429,0.623641304347826,0.7594736227824463,0.6636006077054599,0.7359081778868707,0.5480769230769231,0.8947368421052632,0.6666666666666666,0.7949579831932774
0.8557692307692307,0.7460317460317459,0.7994435612082671,0.7460317460317459,0.7681396967255146,0.9091297417789337,0.6956062512525848,0.47710316140875675,0.5480769230769231,0.9473684210526315,0.8,0.8763020833333333
0.8365384615384616,0.7559253246753247,0.8608269394714407,0.7559253246753247,0.7932311621966794,0.8754612906617607,0.6942070908238791,0.6195301418878585,0.5961538461538461,0.9354838709677419,0.7647058823529411,0.8624401913875598
0.7884615384615384,0.7229516806722689,0.7317810457516339,0.7229516806722689,0.725317912310813,0.842789120856676,0.601847093903745,0.6925653505061882,0.5288461538461539,0.9272727272727272,0.8181818181818182,0.8051470588235294
0.7115384615384616,0.6482142857142856,0.6348248106060606,0.6482142857142856,0.6306818181818181,0.8336315731966545,0.47983384442930066,0.7148929718763449,0.4423076923076923,0.8913043478260869,0.8333333333333334,0.7663398692810457
0.7884615384615384,0.6983159117305459,0.6459942084942085,0.6983159117305459,0.6647435897435897,0.8945168732901163,0.4915195217911226,0.5389539587246852,0.5673076923076923,0.9661016949152542,0.9090909090909091,0.8508869179600886
0.7884615384615384,0.6652056277056277,0.6633445945945946,0.6652056277056277,0.648996970265705,0.8216597335167114,0.5317173544864702,0.6499774947485862,0.5288461538461539,0.9090909090909091,0.7727272727272727,0.798941798941799
0.7596153846153846,0.6742007992007992,0.7183307533539732,0.6742007992007992,0.6773550724637681,0.7968516121545886,0.5436188932880056,0.7670703031443509,0.5,0.9038461538461539,0.8,0.7663865546218487
0.8076923076923077,0.6924673038229376,0.7272887323943662,0.6924673038229376,0.6765534382767191,0.8229827632143873,0.6159902334650114,0.6928102237400371,0.5384615384615384,0.875,0.65,0.8019632949210415
0.875,0.7008333333333333,0.7478070175438597,0.7008333333333333,0.712280373961123,0.8725214744408815,0.717880977024861,0.4553669969585222,0.6153846153846154,0.953125,0.7692307692307693,0.8827586206896552
0.7980769230769231,0.6792044243070362,0.8279798761609908,0.6792044243070362,0.7005213424568263,0.8428590519074391,0.6224507003303548,0.6661888249672738,0.5480769230769231,0.9298245614035088,0.8095238095238095,0.8221056877773296
0.8365384615384616,0.679677960927961,0.7041666666666666,0.679677960927961,0.6902551020408163,0.8310983926104156,0.6534242232672883,0.662694227655554,0.5288461538461539,0.8909090909090909,0.6470588235294118,0.8029513888888887
0.7692307692307693,0.6987639553429027,0.6458333333333334,0.6987639553429027,0.653234126984127,0.8459417259163916,0.5405094832794674,0.6942814518457828,0.3942307692307692,0.9512195121951219,0.9166666666666666,0.8303571428571429
0.8365384615384616,0.6585677749360613,0.6286425017768301,0.6585677749360613,0.641640866873065,0.8930860305141547,0.6875919006470959,0.5308265319831859,0.5384615384615384,0.9821428571428571,0.9411764705882353,0.8695652173913044
0.8942307692307693,0.855532212885154,0.8176282051282051,0.855532212885154,0.829897009308774,0.9329118901458386,0.8046360606323089,0.45682377549340003,0.5096153846153846,0.9811320754716981,0.9090909090909091,0.9336134453781513
0.8173076923076923,0.6208521870286576,0.7532051282051282,0.6208521870286576,0.6608447488584475,0.8887493968375626,0.6283942626753932,0.56330097659399,0.5961538461538461,0.9516129032258065,0.8421052631578947,0.8721405228758171
0.8173076923076923,0.6984008528784649,0.7386363636363636,0.6984008528784649,0.6868962558617732,0.8591603938840592,0.6659839361606971,0.63197067568453,0.5096153846153846,0.9056603773584906,0.7368421052631579,0.8394513916901976
0.8269230769230769,0.7455128205128205,0.7226027397260274,0.7455128205128205,0.7331273581273582,0.8814741958811683,0.6274482065864478,0.5870500268346064,0.4326923076923077,0.9555555555555556,0.8888888888888888,0.8386206896551723
0.7788461538461539,0.6482142857142857,0.6816699282452707,0.6482142857142857,0.663774755978654,0.831126712951056,0.5514895917609037,0.6703964919991079,0.5096153846153846,0.9056603773584906,0.782608695652174,0.7957983193277312
0.8076923076923077,0.7474358974358974,0.7253968253968254,0.7474358974358974,0.7246110808542998,0.8835730258877473,0.6638329559666193,0.6057948781349983,0.5096153846153846,0.9245283018867925,0.8,0.8548644338118022
0.7596153846153846,0.6742941712204007,0.5833333333333333,0.6742941712204007,0.6151689708141321,0.8676751550810436,0.6012200440657788,0.6934547491685662,0.5961538461538461,0.9193548387096774,0.8,0.8295844452916508
0.7884615384615384,0.7275309036658142,0.70625,0.7275309036658142,0.693475624545234,0.9155585572692824,0.620896090978211,0.5419013515105807,0.5096153846153846,1.0,1.0,0.8737060041407868
0.7788461538461539,0.6242559523809523,0.589968774395004,0.6242559523809523,0.6042938099389713,0.8954877451719786,0.619666703687258,0.5525766413843249,0.5288461538461539,1.0,1.0,0.886566008517228
0.7403846153846154,0.6389285714285714,0.6482142857142857,0.6389285714285714,0.6329987144585602,0.8292191183005777,0.46487337757464964,0.6822377715721886,0.4519230769230769,0.9148936170212766,0.8518518518518519,0.7687356321839081
0.8557692307692307,0.7631660190958103,0.8874705420267085,0.7631660190958103,0.8081065106571483,0.9251986225050468,0.7458190287027668,0.5489358463323405,0.5480769230769231,0.9649122807017544,0.8666666666666667,0.90284178187404
0.8269230769230769,0.8200000000000001,0.7043123543123543,0.8200000000000001,0.7411304161304161,0.9329943749896106,0.6711210669146197,0.44529790785497525,0.46153846153846156,1.0,1.0,0.920919540229885
0.8076923076923077,0.7827004219409284,0.6755508173418621,0.7827004219409284,0.7039668241612563,0.9446410799709055,0.6209496454410438,0.477848397153498,0.5096153846153846,0.9811320754716981,0.95,0.899746835443038
0.8076923076923077,0.7463675213675214,0.6500051824212272,0.7463675213675214,0.6786699507389162,0.8639033200268018,0.6206573220210898,0.614684745694103,0.5,0.9615384615384616,0.9,0.8693293885601577
0.7692307692307693,0.6188725490196079,0.5794270833333333,0.6188725490196079,0.590738284703802,0.8411126857109885,0.5814088922699067,0.6790079067212295,0.5673076923076923,0.9322033898305084,0.8333333333333334,0.8435457516339869
0.7980769230769231,0.7413003663003663,0.7393162393162394,0.7413003663003663,0.7334134615384615,0.8409670028503641,0.6421311534035801,0.7222305776953788,0.5480769230769231,0.8596491228070176,0.6190476190476191,0.8252465483234714
0.7596153846153846,0.6491312741312741,0.6463386727688787,0.6491312741312741,0.6178243978243978,0.8834901866151866,0.5239514524307133,0.5686526898798692,0.5384615384615384,0.9642857142857143,0.92,0.8536036036036037
0.8269230769230769,0.6672374429223744,0.6026119402985075,0.6672374429223744,0.6241071428571429,0.8105576476012988,0.6639747698210586,0.600379873258538,0.5865384615384616,0.9344262295081968,0.7777777777777778,0.8413610251878038
0.7884615384615384,0.6983413639733136,0.7091614906832298,0.6983413639733136,0.6979970384225703,0.8786493551001335,0.5723687850726937,0.6425614579794352,0.5384615384615384,0.9464285714285714,0.8636363636363636,0.8493384549722579
0.8173076923076923,0.7246031746031746,0.7352195945945946,0.7246031746031746,0.7284149230161863,0.8360803177895478,0.5999129747608656,0.658972231542913,0.5192307692307693,0.9074074074074074,0.7368421052631579,0.7843678160919542
0.7980769230769231,0.7396652643131516,0.6885964912280702,0.7396652643131516,0.7031627576403696,0.81803890327078,0.6358704475344632,0.683602602187844,0.5769230769230769,0.9,0.7142857142857143,0.8373879641485276
0.8076923076923077,0.7454024520255863,0.7957539682539683,0.7454024520255863,0.7494030359884019,0.9020094068712726,0.6594502804913869,0.5853462270261467,0.4326923076923077,0.9555555555555556,0.9,0.8596208148446955
0.6923076923076923,0.5303571428571429,0.542436436802634,0.5303571428571429,0.5240723220855671,0.7304455709337365,0.3255837320085967,0.7807706950348001,0.4230769230769231,0.9318181818181818,0.90625,0.6838541666666667
0.8653846153846154,0.7376984126984127,0.7175420168067227,0.7376984126984127,0.7250214248453685,0.8772752117833172,0.7275431040792213,0.5194813936122119,0.5288461538461539,0.9636363636363636,0.8571428571428571,0.8967013888888888
0.7884615384615384,0.7132575757575759,0.7018049155145929,0.7132575757575759,0.7049029435238674,0.9049246979320125,0.625069492936269,0.5888707284775715,0.5576923076923077,0.9310344827586207,0.8181818181818182,0.8616427432216907
0.7980769230769231,0.642000835421888,0.6656911928651059,0.642000835421888,0.6463825499796723,0.7901716827081708,0.6043627910294042,0.7129273234645012,0.5480769230769231,0.9122807017543859,0.7619047619047619,0.7907563025210084
0.8173076923076923,0.732638888888889,0.7001811594202898,0.732638888888889,0.7139972419227738,0.8390417421497585,0.6394635059608416,0.6439355711254949,0.5096153846153846,0.9056603773584906,0.7368421052631579,0.8394097222222222
0.8461538461538461,0.756628787878788,0.7333333333333334,0.756628787878788,0.7309788654060067,0.9037730025111218,0.6407537144985371,0.47520573596058885,0.5961538461538461,0.967741935483871,0.875,0.8911458333333334
0.7980769230769231,0.7080496230112598,0.6971719457013574,0.7080496230112598,0.695495424973037,0.9189813527224006,0.6286958236694276,0.516944281992251,0.47115384615384615,1.0,1.0,0.8857142857142857
0.7788461538461539,0.7057575757575757,0.6814685314685315,0.7057575757575757,0.6778860028860029,0.904493545016348,0.5802432017228771,0.5186122352661328,0.49038461538461536,0.9607843137254902,0.9130434782608695,0.8901149425287357
0.7692307692307693,0.5997925685425686,0.5689484126984127,0.5997925685425686,0.5784722222222222,0.8582830951602646,0.5263409840079164,0.601390731527428,0.5384615384615384,0.9642857142857143,0.9166666666666666,0.8363715277777778
0.8461538461538461,0.7539393939393939,0.854112554112554,0.7539393939393939,0.7951127819548872,0.9016263610588229,0.6466532441646969,0.50718024663277,0.5769230769230769,0.9833333333333333,0.9375,0.8809195402298851
0.7980769230769231,0.6774420024420025,0.75,0.6774420024420025,0.6781198046764438,0.8944270613439114,0.6460986375284198,0.59340560981044,0.5192307692307693,0.9259259259259259,0.8095238095238095,0.8753387533875339
0.7115384615384616,0.6242901992901992,0.6489552238805969,0.6242901992901992,0.6008924846534358,0.8519744022624852,0.44095265982835086,0.6699685503695711,0.49038461538461536,0.9607843137254902,0.9333333333333333,0.7878378378378379
0.7403846153846154,0.6768460886590105,0.7145784543325526,0.6768460886590105,0.6822875228480728,0.8496647823926529,0.5679241874197744,0.724675594567397,0.5192307692307693,0.9259259259259259,0.8518518518518519,0.8150972169271826
0.7980769230769231,0.7164205344585091,0.6410714285714285,0.7164205344585091,0.6526961351538996,0.8940583299720065,0.5767760484206889,0.5417446877623857,0.5865384615384616,0.9508196721311475,0.8571428571428571,0.8637974683544305
0.7788461538461539,0.6022175854037267,0.6168896321070234,0.6022175854037267,0.6092105755907576,0.8005989783666622,0.5971576838924,0.8326984896360334,0.5192307692307693,0.8888888888888888,0.7391304347826086,0.757421875
0.7403846153846154,0.6255175983436854,0.8278985507246377,0.6255175983436854,0.6682831661092531,0.8657495471014492,0.4750866692739606,0.6014178879264965,0.5288461538461539,0.9818181818181818,0.9629629629629629,0.8202898550724638
0.7596153846153846,0.6755252100840337,0.6460533857365103,0.6755252100840337,0.6522424280298296,0.8588637296611434,0.5875437327717359,0.6446737066527819,0.5,0.9423076923076923,0.88,0.8231209150326798
0.8173076923076923,0.6943181818181818,0.6473767885532592,0.6943181818181818,0.6636363636363636,0.8889342008797655,0.5787599049836112,0.5040399532554677,0.5769230769230769,0.9833333333333333,0.9473684210526315,0.88125
0.7307692307692307,0.5291666666666667,0.5230654761904762,0.5291666666666667,0.5162247824118327,0.7358943896537882,0.497513180843268,0.7410639631147169,0.5,0.9230769230769231,0.8571428571428571,0.8157894736842105
0.8557692307692307,0.7730769230769231,0.823076923076923,0.7730769230769231,0.7741758241758242,0.899998444796698,0.7444109077881066,0.5099233594204152,0.6057692307692307,0.9365079365079365,0.7333333333333333,0.9005917159763314
0.8269230769230769,0.6901053444896729,0.7737676056338028,0.6901053444896729,0.7156832298136646,0.9128275106225072,0.6677365079636338,0.4874083393172081,0.5673076923076923,0.9661016949152542,0.8888888888888888,0.8935054457442517
0.7788461538461539,0.6580357142857143,0.638235294117647,0.6580357142857143,0.6393472067385111,0.8401065136199408,0.5768529167125971,0.6426507021269997,0.4519230769230769,0.9148936170212766,0.8260869565217391,0.8134453781512606
0.8365384615384616,0.66359825620389,0.6253392130257802,0.66359825620389,0.6337129054520358,0.888336091911816,0.6870858199246664,0.488603856846627,0.6153846153846154,0.96875,0.8823529411764706,0.9048228766538625
0.7884615384615384,0.6465132285791029,0.6938984438984439,0.6465132285791029,0.6536796536796536,0.8372128812040305,0.5441622705952478,0.7063444229958483,0.46153846153846156,0.9166666666666666,0.8181818181818182,0.7697746354396818
0.7884615384615384,0.7718076285240464,0.7180662557781201,0.7718076285240464,0.7294695071010859,0.933235974339921,0.6451533713677079,0.5077308095472349,0.49038461538461536,0.9803921568627451,0.9545454545454546,0.8882613957240822
0.7884615384615384,0.6426587301587301,0.680952380952381,0.6426587301587301,0.6578456604371239,0.8038012952389888,0.5768528409693682,0.7607559855313633,0.5673076923076923,0.8813559322033898,0.6818181818181818,0.788235294117647
0.7403846153846154,0.7543682795698925,0.7245454545454546,0.7543682795698925,0.7318425760286225,0.9058942182447668,0.5830043231883323,0.637601311305239,0.4519230769230769,0.9361702127659575,0.8888888888888888,0.8659754224270353
0.7788461538461539,0.6064593301435406,0.5568561872909699,0.6064593301435406,0.5657071339173967,0.8054003060535256,0.5762110429646956,0.5876362337530019,0.5288461538461539,0.9636363636363636,0.9130434782608695,0.8782894736842105
0.7692307692307693,0.6468905472636816,0.6599857853589197,0.6468905472636816,0.6528909007454773,0.8518384307725644,0.5660121738372489,0.6441719493002253,0.46153846153846156,0.9375,0.875,0.8237192416296893
0.7980769230769231,0.7995854063018243,0.7484434865900383,0.7995854063018243,0.7635555555555555,0.9045813375623522,0.6642057876832393,0.5719933542471993,0.4423076923076923,0.9565217391304348,0.9047619047619048,0.8866478418717224
0.7980769230769231,0.6874176548089592,0.5772435897435898,0.6874176548089592,0.6092750533049041,0.9039305465414567,0.6408071883925498,0.5802308754679252,0.5,0.9807692307692307,0.9523809523809523,0.8865424430641822
0.7788461538461539,0.6428876678876679,0.6160714285714286,0.6428876678876679,0.607254488578767,0.8362125512475668,0.4824345275908106,0.6064227699447472,0.5576923076923077,0.9482758620689655,0.8695652173913043,0.7889546351084813
0.75,0.6126126126126126,0.5738636363636364,0.6126126126126126,0.5733044733044733,0.8702100170267871,0.5198113730831524,0.5760461579865621,0.5096153846153846,0.9811320754716981,0.9615384615384616,0.8621621621621621
0.8076923076923077,0.7461677814938685,0.7258064516129032,0.7461677814938685,0.7092359535107626,0.9138099530677656,0.6642473451230476,0.5053178827524287,0.5865384615384616,0.9344262295081968,0.8,0.8952380952380954
0.7692307692307693,0.5984015984015983,0.5916666666666667,0.5984015984015983,0.5897463105654956,0.8249437656654152,0.47410037383610976,0.7037517867030908,0.5096153846153846,0.9433962264150944,0.875,0.7869167869167869
0.8076923076923077,0.7028985507246377,0.7208064516129032,0.7028985507246377,0.6934152547632346,0.8948000041172596,0.655945009032587,0.5815012219839544,0.5,0.9615384615384616,0.9,0.8840579710144927
0.75,0.696741452991453,0.6504498106060606,0.696741452991453,0.6638275039745627,0.8443008681775765,0.5324029203564802,0.762406979351327,0.5288461538461539,0.9090909090909091,0.8076923076923077,0.7825520833333333
0.8269230769230769,0.6758658008658008,0.6419520547945206,0.6758658008658008,0.6483333333333333,0.8992717634634928,0.6216327713367665,0.5191133625821531,0.5,0.9807692307692307,0.9444444444444444,0.8927368927368927
0.7884615384615384,0.6505665902724727,0.7803326810176126,0.6505665902724727,0.6245847902097902,0.8719480258480174,0.5809526072998956,0.6331313367145899,0.5,0.9230769230769231,0.8181818181818182,0.8130252100840336
0.7788461538461539,0.6726190476190477,0.6691456903127383,0.6726190476190477,0.6574629271437782,0.8977337549603175,0.5615753912212738,0.5578938893034078,0.47115384615384615,1.0,1.0,0.87109375
0.7884615384615384,0.7542434091729866,0.7038135593220338,0.7542434091729866,0.7104830053667264,0.9200919553500903,0.639352861043845,0.5045332776789293,0.5192307692307693,0.9629629629629629,0.9090909090909091,0.8915919760990184
0.7019230769230769,0.6278907659504674,0.578015427769986,0.6278907659504674,0.5920846427823172,0.8653605176097054,0.47745772792107194,0.6558751419618033,0.4519230769230769,0.9148936170212766,0.8709677419354839,0.8015328761597419
0.7980769230769231,0.699607683982684,0.8321428571428572,0.699607683982684,0.7430241327300151,0.910083195085251,0.6201783749666815,0.5630504587787352,0.5673076923076923,0.9491525423728814,0.8571428571428571,0.8891547049441786
0.7692307692307693,0.6984941364605544,0.7547814207650273,0.6984941364605544,0.6929851398601399,0.9320363299108226,0.6003639421469774,0.5044259498621245,0.5576923076923077,0.9482758620689655,0.875,0.8709156918112142
0.7403846153846154,0.6746735074626865,0.6605519480519481,0.6746735074626865,0.6541199442693003,0.876199243184273,0.5567684896001303,0.6512650851957336,0.5096153846153846,0.9622641509433962,0.9259259259259259,0.8539733763614361
0.7884615384615384,0.734077841662981,0.7828846153846154,0.734077841662981,0.7446172248803827,0.893718978819598,0.6079382577952657,0.6069451669104493,0.46153846153846156,0.9375,0.8636363636363636,0.8545751633986928
0.7692307692307693,0.7238175675675675,0.6053571428571429,0.7238175675675675,0.6233731124242073,0.8339887933658069,0.5833616825811057,0.6872394899452255,0.4423076923076923,0.9130434782608695,0.8333333333333334,0.7972972972972974
0.8173076923076923,0.9062041934867121,0.7361453201970444,0.9062041934867121,0.7765114686751113,0.9595029852117707,0.706126971938202,0.48700794938855785,0.49038461538461536,0.9803921568627451,0.9473684210526315,0.9176269739650021
0.7692307692307693,0.6978354978354978,0.7142183817753338,0.6978354978354978,0.6681454594340257,0.9021397788475057,0.5888384561386751,0.6290616472663813,0.5192307692307693,0.9074074074074074,0.7916666666666666,0.8612440191387559
0.8365384615384616,0.7513095238095239,0.6886528326745718,0.7513095238095239,0.7080338317040444,0.950120415982485,0.6859051361367294,0.4562885578701113,0.5,0.9807692307692307,0.9411764705882353,0.9154022988505748
0.7692307692307693,0.7078223708658491,0.6865384615384615,0.7078223708658491,0.693834991708126,0.8181620132911258,0.5686002476872427,0.758655034814297,0.5480769230769231,0.9122807017543859,0.7916666666666666,0.798343685300207
0.7692307692307693,0.6488731856378915,0.6545454545454545,0.6488731856378915,0.6491150241150241,0.8297052934350714,0.5778568697448005,0.6505473258390454,0.5192307692307693,0.9259259259259259,0.8333333333333334,0.8389154704944178
0.8461538461538461,0.7061771561771562,0.7201298701298702,0.7061771561771562,0.7080286738351255,0.9213820037291607,0.635395071838872,0.4631083398967328,0.5673076923076923,0.9830508474576272,0.9375,0.8949704142011834
0.7692307692307693,0.7061011904761905,0.7784645909645909,0.7061011904761905,0.7291546508078298,0.8811019651700225,0.5910945493055446,0.6366281600153011,0.4519230769230769,0.9574468085106383,0.9166666666666666,0.8625
0.7115384615384616,0.5835489993098689,0.5985294117647059,0.5835489993098689,0.5756860612015722,0.825792402201155,0.45446476838975625,0.7317833353615026,0.4807692307692308,0.92,0.8666666666666667,0.7780538302277433
0.7980769230769231,0.7166392543859649,0.7306743421052632,0.7166392543859649,0.7182904411764706,0.9213696026440588,0.6444735979009512,0.523839495657228,0.5673076923076923,0.9661016949152542,0.9047619047619048,0.89921875
0.7115384615384616,0.6317069081153588,0.644927536231884,0.6317069081153588,0.6214599214599215,0.8639316623894333,0.4356174272324051,0.6750279977386171,0.5,0.9230769230769231,0.8666666666666667,0.7968416559965856
0.8461538461538461,0.7230769230769232,0.7,0.7230769230769232,0.6991666666666666,0.9088125549664011,0.736652020201596,0.48731261864212033,0.5,1.0,1.0,0.9230769230769231
0.8653846153846154,0.826630837657524,0.8076923076923077,0.826630837657524,0.8106283422459893,0.9391281076080273,0.7471090708452861,0.4318389854561075,0.5192307692307693,0.9814814814814815,0.9285714285714286,0.9210413999146393
0.8076923076923077,0.6074499824499825,0.6008316008316008,0.6074499824499825,0.6027902902902903,0.8397120570507668,0.5839347166535646,0.574140886551601,0.5288461538461539,0.9636363636363636,0.9,0.8081081081081081
0.7307692307692307,0.6418414918414919,0.6560235507246377,0.6418414918414919,0.6364035087719297,0.8741790311138629,0.5220083812018478,0.6762310194247539,0.4230769230769231,0.9545454545454546,0.9285714285714286,0.8221690590111642
0.7980769230769231,0.87720156555773,0.7725395114942528,0.87720156555773,0.8116788321167884,0.940886835011278,0.6102956416415606,0.5279594668877289,0.4423076923076923,0.9782608695652174,0.9523809523809523,0.9041095890410958
0.8653846153846154,0.8034523809523809,0.8620826709062003,0.8034523809523809,0.8200119169665979,0.8958576631881159,0.7084515464600418,0.48940278541946286,0.6442307692307693,0.9552238805970149,0.7857142857142857,0.8822988505747127
0.7788461538461539,0.6574754901960784,0.662855526826115,0.6574754901960784,0.6595588235294118,0.8993716032608696,0.5822123487070573,0.5574688124317227,0.5576923076923077,0.9655172413793104,0.9130434782608695,0.8749999999999999
0.8076923076923077,0.7900316455696202,0.7140269151138716,0.7900316455696202,0.7389434889434889,0.8967612455040221,0.6006497430556081,0.5766730363334353,0.47115384615384615,0.9795918367346939,0.95,0.8632911392405064
0.8173076923076923,0.7151898734177216,0.680827067669173,0.7151898734177216,0.6826415519963906,0.8669738924050633,0.572314532968892,0.5658772410550041,0.5096153846153846,0.9245283018867925,0.7894736842105263,0.8116455696202531
0.75,0.7465034965034965,0.6273561507936508,0.7465034965034965,0.6468660447533687,0.9338734152026912,0.5237909109101888,0.477787241633443,0.5288461538461539,0.9818181818181818,0.9615384615384616,0.9033530571992111
0.8269230769230769,0.6841346153846154,0.6957767722473605,0.6841346153846154,0.6883283383283383,0.9175359456248879,0.6852833877834591,0.507759716034742,0.5480769230769231,1.0,1.0,0.8859960552268245
0.8076923076923077,0.6901675202731541,0.7178571428571429,0.6901675202731541,0.6988878143133462,0.8706032177828176,0.6158620370435133,0.6053562646654697,0.46153846153846156,0.9375,0.85,0.8489116517285531
0.7980769230769231,0.7224242424242424,0.7387859253290356,0.7224242424242424,0.7162162162162162,0.9153656025141481,0.5690772291401326,0.500406434960568,0.5096153846153846,0.9811320754716981,0.9523809523809523,0.8758620689655172
0.7692307692307693,0.6820263070263071,0.6336214310285517,0.6820263070263071,0.6499281609195402,0.8801373890659605,0.5306141358223894,0.5645798534200596,0.47115384615384615,0.9795918367346939,0.9583333333333334,0.8451178451178452
0.7788461538461539,0.6524762550881954,0.5963203463203464,0.6524762550881954,0.6053540792985131,0.8603776966547129,0.6422172859799842,0.5613878468246187,0.49038461538461536,0.9607843137254902,0.9130434782608695,0.8991528842275112
0.8173076923076923,0.7442346386008358,0.7890406162464986,0.7442346386008358,0.7475920440118493,0.9100440671385572,0.6483162965415872,0.5497638859411471,0.5192307692307693,0.9629629629629629,0.8947368421052632,0.8540332906530089
0.8076923076923077,0.7516827626573017,0.7330779054916986,0.7516827626573017,0.7241527777777776,0.9131656448291928,0.6807964467706866,0.5430670944042292,0.5096153846153846,0.9622641509433962,0.9,0.9003630496167809
0.7596153846153846,0.6910758706467661,0.6995738636363636,0.6910758706467661,0.6876858175974286,0.867359307517276,0.5677240685939177,0.6636965130110257,0.5096153846153846,0.9245283018867925,0.84,0.8434852763210973
0.7211538461538461,0.6444564176245211,0.7146505376344086,0.6444564176245211,0.6630718954248366,0.8435611574498163,0.542142041059231,0.7629804430189957,0.4519230769230769,0.9574468085106383,0.9310344827586207,0.7927286356821589
0.7980769230769231,0.7232905982905983,0.7293956043956044,0.7232905982905983,0.722854698604896,0.8961436168419974,0.6366950465118851,0.5920138903546213,0.49038461538461536,0.9607843137254902,0.9047619047619048,0.8672248803827751
0.8461538461538461,0.8017353707652214,0.8044261294261295,0.8017353707652214,0.7978219696969697,0.9459924097591026,0.7218640803940595,0.44267248663019776,0.5288461538461539,0.9818181818181818,0.9375,0.9197256958450989
0.8269230769230769,0.7638157894736842,0.776095461658842,0.7638157894736842,0.7499345892203035,0.9045331184510478,0.6400306703637406,0.4828400563167202,0.5480769230769231,0.9649122807017544,0.8888888888888888,0.8886278195488722
0.7788461538461539,0.7625707625707625,0.7422131147540983,0.7625707625707625,0.7418739777093081,0.8721977078252382,0.6213482419902845,0.6461816038021113,0.5096153846153846,0.9245283018867925,0.8260869565217391,0.8536682615629985
0.8365384615384616,0.7435300207039337,0.7776515151515152,0.7435300207039337,0.7413943355119825,0.8899894015577247,0.6953415796346294,0.5153317283489544,0.5288461538461539,0.9454545454545454,0.8235294117647058,0.881159420289855
0.7307692307692307,0.6025883838383839,0.6730369373776908,0.6025883838383839,0.6212395489164999,0.8682394628768814,0.44644836108652314,0.6495249066959254,0.5096153846153846,0.9245283018867925,0.8571428571428571,0.8142361111111112
0.8269230769230769,0.7219594594594594,0.6779411764705883,0.7219594594594594,0.6952939861390566,0.9508792640955562,0.6547216928791074,0.4593744733615439,0.4519230769230769,1.0,1.0,0.9234234234234234
0.7307692307692307,0.5867312834224598,0.5866396761133603,0.5867312834224598,0.5758440572585308,0.8639581602778174,0.5096166358119916,0.6409874493740835,0.5096153846153846,0.9811320754716981,0.9642857142857143,0.8611111111111112
0.8365384615384616,0.7071078431372548,0.8789954337899543,0.7071078431372548,0.7354591790462716,0.8746859075893203,0.6790851654127417,0.5859549631380152,0.5769230769230769,0.9333333333333333,0.7647058823529411,0.8529411764705882
0.75,0.6444444444444445,0.6463585434173669,0.6444444444444445,0.6369263285024155,0.8538900106305382,0.5192304955225048,0.6517113710630184,0.5480769230769231,0.8947368421052632,0.7692307692307693,0.803781512605042
0.8173076923076923,0.7421626984126984,0.7892857142857143,0.7421626984126984,0.7607142857142858,0.8863191636877619,0.6371992574156101,0.5553171429811742,0.5,0.9615384615384616,0.8947368421052632,0.8663865546218488
0.7788461538461539,0.6633657495256167,0.6802828424497428,0.6633657495256167,0.6560239491691104,0.8642687787190795,0.6225275798169267,0.6432500964802875,0.5384615384615384,0.9107142857142857,0.782608695652174,0.8367895545314901
0.8269230769230769,0.744567384370016,0.7555412861491628,0.744567384370016,0.7352020002631926,0.8992039586227298,0.6261793481693005,0.5086386654002705,0.6153846153846154,0.96875,0.8888888888888888,0.8717105263157894
0.7884615384615384,0.6641865079365079,0.7142712550607287,0.6641865079365079,0.6799978514132926,0.8883431290387889,0.6264568998849512,0.6402484553492054,0.5865384615384616,0.9508196721311475,0.8636363636363636,0.8563685636856369
0.8173076923076923,0.7600931677018633,0.7832556935817805,0.7600931677018633,0.750921375921376,0.8811650231585239,0.674143765123282,0.5742562676866875,0.5384615384615384,0.9642857142857143,0.8947368421052632,0.8645962732919255
0.7788461538461539,0.7110739750445633,0.7338141025641025,0.7110739750445633,0.6990613553113553,0.9124351915741858,0.5997365419749122,0.5714579119201646,0.5096153846153846,0.9622641509433962,0.9130434782608695,0.9060457516339869
0.7884615384615384,0.6666666666666666,0.6483974358974359,0.6666666666666666,0.6504732195908667,0.925553941358634,0.6069358123867129,0.4915978904024004,0.5576923076923077,0.9655172413793104,0.9090909090909091,0.9046218487394958
0.7692307692307693,0.7380952380952381,0.7554112554112553,0.7380952380952381,0.7457619899480366,0.8925115310914985,0.5958222677133541,0.6216532076449643,0.5865384615384616,0.9508196721311475,0.875,0.8548199767711963
0.7692307692307693,0.638888888888889,0.6068488529014845,0.638888888888889,0.6162487245899066,0.8108482296904268,0.5663647441926823,0.699995875418258,0.5192307692307693,0.9444444444444444,0.875,0.8420138888888888
0.8461538461538461,0.7332875457875457,0.7332875457875457,0.7332875457875457,0.7332875457875457,0.8773843864863544,0.6293986636971047,0.5241202564712245,0.5384615384615384,0.9464285714285714,0.8125,0.8407297830374753
0.7788461538461539,0.6471461187214612,0.6571428571428571,0.6471461187214612,0.644133644133644,0.8791980301539302,0.5498257387029374,0.5748718053428696,0.5961538461538461,0.9193548387096774,0.782608695652174,0.8369421122403888
0.7788461538461539,0.6541666666666667,0.6710858585858586,0.6541666666666667,0.651117149758454,0.8694264303840115,0.5715553793162854,0.5670853968722689,0.47115384615384615,0.9591836734693877,0.9130434782608695,0.8628472222222222
0.8269230769230769,0.7281746031746031,0.6834137608966376,0.7281746031746031,0.7021428571428572,0.8360993121331468,0.6207056718015517,0.6276582153517023,0.4519230769230769,0.9574468085106383,0.8888888888888888,0.8167388167388168
0.7884615384615384,0.7393939393939395,0.7817857142857143,0.7393939393939395,0.7218023255813953,0.8851250265189812,0.6328309996752932,0.6239575152595154,0.49038461538461536,0.9411764705882353,0.8636363636363636,0.8504784688995215
0.7884615384615384,0.5930672268907563,0.5791353383458646,0.5930672268907563,0.5857142857142857,0.8686784597758531,0.5762624749669423,0.6309578392581288,0.5865384615384616,0.9344262295081968,0.8181818181818182,0.8390756302521009
0.7788461538461539,0.6943813131313131,0.7630707762557078,0.6943813131313131,0.7124074708253207,0.901282694729264,0.5396377615113912,0.5605688324167981,0.5384615384615384,0.9642857142857143,0.9130434782608695,0.8489583333333333
0.75,0.6221428571428571,0.5596127717391304,0.6221428571428571,0.5669888331758834,0.8594792490463804,0.5325192886807381,0.5866827221195625,0.5288461538461539,0.9454545454545454,0.8846153846153846,0.8519540229885058
0.7692307692307693,0.663978494623656,0.6833457341269842,0.663978494623656,0.6732074438970992,0.8759042329152591,0.6010603453255497,0.5938336174985875,0.4807692307692308,0.94,0.875,0.8579109062980032
0.8653846153846154,0.7260408708938121,0.804016393442623,0.7260408708938121,0.7531323317757931,0.8699357894865585,0.778911389448136,0.6406692202001328,0.5576923076923077,0.9137931034482759,0.6428571428571429,0.8667903525046383
0.7211538461538461,0.6089285714285714,0.6183229813664597,0.6089285714285714,0.6082805054785365,0.8165036221209954,0.45510750434419583,0.7356646208708132,0.46153846153846156,0.9583333333333334,0.9310344827586207,0.7478991596638656
0.8269230769230769,0.8053380443086325,0.791735197368421,0.8053380443086325,0.7812112351586036,0.9327297866849575,0.6927639574718107,0.47804368327587715,0.5673076923076923,0.9491525423728814,0.8333333333333334,0.8950163398692811
0.7596153846153846,0.6374755381604698,0.6388888888888888,0.6374755381604698,0.6372679045092838,0.8163605895152377,0.49973330258575016,0.6974344719281795,0.5192307692307693,0.9444444444444444,0.88,0.7980556783031374
0.8173076923076923,0.6486111111111111,0.742288961038961,0.6486111111111111,0.6737129106322853,0.8230021744049812,0.6019652653272098,0.6225601579816904,0.7019230769230769,0.9178082191780822,0.6842105263157895,0.806857638888889
0.7403846153846154,0.7305402930402931,0.677673611111111,0.7305402930402931,0.6816162045035286,0.8651289026056291,0.5039712314022771,0.6474321071729311,0.4807692307692308,0.96,0.9259259259259259,0.8254437869822486
0.7980769230769231,0.7224242424242424,0.711942711942712,0.7224242424242424,0.7158615918992112,0.9003317408338946,0.5608544698752642,0.5302926378735967,0.5192307692307693,0.9814814814814815,0.9523809523809523,0.8482758620689654
0.7596153846153846,0.635016095990635,0.6385788690476191,0.635016095990635,0.6311095207803223,0.8594892038474319,0.5646450390210995,0.6280028199293934,0.5865384615384616,0.9344262295081968,0.84,0.8446954417103671
0.8269230769230769,0.625,0.6159420289855072,0.625,0.6175251761768311,0.8313358775059146,0.6491697767311029,0.5233357835943658,0.5096153846153846,0.9622641509433962,0.8888888888888888,0.8910590277777777
0.7403846153846154,0.6712454212454213,0.6672140120415982,0.6712454212454213,0.6645882421897895,0.8165457616131133,0.5654594851012494,0.8394716265007484,0.47115384615384615,0.8775510204081632,0.7777777777777778,0.786295005807201
0.8076923076923077,0.7291580041580041,0.6926857585139319,0.7291580041580041,0.7054137323943661,0.8771821819898743,0.6178385927736895,0.5349612404274976,0.5673076923076923,0.9491525423728814,0.85,0.8527027027027028
0.7884615384615384,0.6155753968253967,0.5984907120743034,0.6155753968253967,0.6029701779701779,0.838196304563492,0.5833284413934349,0.5776292021521626,0.5673076923076923,0.9661016949152542,0.9090909090909091,0.8459201388888888
0.7980769230769231,0.6814347932768986,0.7028609831029186,0.6814347932768986,0.6765107860520094,0.9355365043160607,0.6438022439220147,0.47741744905879896,0.5288461538461539,0.9636363636363636,0.9047619047619048,0.9118819776714513
0.7884615384615384,0.7603926651305684,0.7512254901960785,0.7603926651305684,0.7539771725718315,0.9147513140445731,0.6473503149656967,0.5528302815058923,0.4326923076923077,0.9777777777777777,0.9545454545454546,0.8701996927803379
0.7692307692307693,0.7125190258751903,0.6566867236024845,0.7125190258751903,0.6670359749739312,0.8681680384762267,0.5746062645728502,0.6737749793545691,0.4807692307692308,0.98,0.9583333333333334,0.8501988510826336
0.8269230769230769,0.8202380952380953,0.7462993421052632,0.8202380952380953,0.7690735881034388,0.9226668416770862,0.6846079103742296,0.482336298946363,0.5480769230769231,0.9824561403508771,0.9444444444444444,0.9054621848739495
0.7980769230769231,0.6498412698412698,0.6486652616789603,0.6498412698412698,0.643955143955144,0.8610285154594203,0.5664848225031685,0.5706457184590792,0.5576923076923077,0.9655172413793104,0.9047619047619048,0.8441379310344828
0.8173076923076923,0.6675669740887132,0.6766431924882629,0.6675669740887132,0.6526226965882138,0.8762385145019302,0.6451203727690912,0.6138231640189601,0.5673076923076923,0.9491525423728814,0.8421052631578947,0.8674948240165632
0.8076923076923077,0.7105392156862744,0.6733265027322404,0.7105392156862744,0.67984496124031,0.8756448225357558,0.6648097801309861,0.5873620056605194,0.5769230769230769,0.9166666666666666,0.75,0.8590686274509804
0.7692307692307693,0.6528138528138528,0.6200980392156863,0.6528138528138528,0.6146766248212299,0.8724668211502001,0.5339307255159683,0.5795879866992535,0.5576923076923077,0.9655172413793104,0.9166666666666666,0.8571428571428571
0.8365384615384616,0.7433261183261184,0.7183409436834095,0.7433261183261184,0.7259885620915032,0.9100467709678236,0.638561598869224,0.494523952999451,0.5961538461538461,0.9838709677419355,0.9411764705882353,0.885040885040885
0.7596153846153846,0.6583468614718615,0.6891741071428572,0.6583468614718615,0.6576863996218835,0.8689580989642667,0.5718753851603594,0.6393641498424454,0.46153846153846156,0.9375,0.88,0.8417065390749602
0.75,0.6368464052287581,0.8129210042865891,0.6368464052287581,0.6589620408936009,0.8753220825479122,0.5203394604148095,0.6894872421399255,0.4807692307692308,0.98,0.9615384615384616,0.8300653594771242
0.8269230769230769,0.6745859213250518,0.6982492997198879,0.6745859213250518,0.677649648912683,0.8575289234729879,0.6621534191768724,0.6030382983742787,0.5769230769230769,0.9333333333333333,0.7777777777777778,0.8592132505175982
0.8461538461538461,0.8080618212197158,0.7460114480574838,0.8080618212197158,0.7599716625203882,0.9635725702085784,0.6920519174218328,0.37442522841799253,0.6153846153846154,0.984375,0.9375,0.9539473684210527
0.7115384615384616,0.6079545454545454,0.699025974025974,0.6079545454545454,0.6350278483486418,0.8579027215420376,0.5335183179179477,0.7883494780624473,0.47115384615384615,0.9183673469387755,0.8666666666666667,0.8077777777777778
0.7884615384615384,0.5993683543068969,0.6090225563909775,0.5993683543068969,0.6033272283272284,0.7656786918285365,0.6178717145602578,0.6858168083171209,0.5961538461538461,0.9354838709677419,0.8181818181818182,0.8188785800726098
0.7403846153846154,0.6569595410628019,0.7832341269841271,0.6569595410628019,0.6365433270082226,0.8889613542103355,0.5428976528154575,0.6004343509470533,0.4807692307692308,0.94,0.8888888888888888,0.8459627329192547
0.8269230769230769,0.7295537933483253,0.7504280821917808,0.7295537933483253,0.7391219891219891,0.9114655291084646,0.6431517647269563,0.5127601520992717,0.5865384615384616,0.9836065573770492,0.9444444444444444,0.8915919760990183
0.8076923076923077,0.765286161412922,0.7651515151515151,0.765286161412922,0.7514395782643958,0.9259604944927406,0.6390422476566966,0.5217269553899118,0.41346153846153844,0.9534883720930233,0.9,0.8979940247545881
0.7596153846153846,0.7270433546552949,0.6792853573213393,0.7270433546552949,0.6930240471869329,0.8960710173296034,0.5964417386553761,0.6226161908107455,0.4423076923076923,0.9130434782608695,0.84,0.8503428801936265
0.7788461538461539,0.6073517126148704,0.6001447876447876,0.6073517126148704,0.5957444005270093,0.7883736941150127,0.5133591054729021,0.6749790043799121,0.5961538461538461,0.9193548387096774,0.782608695652174,0.7828947368421052
0.7596153846153846,0.5970373376623377,0.5656277436347673,0.5970373376623377,0.5749646809512597,0.8806235379757839,0.5435485324523849,0.5727929360081456,0.5288461538461539,0.9272727272727272,0.84,0.8571428571428572
0.8461538461538461,0.6966474089635855,0.8080759330759331,0.6966474089635855,0.7356514566325154,0.8595049336022288,0.6948223676959269,0.5784194031931071,0.5961538461538461,0.9354838709677419,0.75,0.8447712418300654
0.75,0.645940170940171,0.6860719874804382,0.645940170940171,0.6588898717381688,0.8394273405407009,0.5288393614171183,0.7628474544978222,0.4326923076923077,0.9333333333333333,0.8846153846153846,0.7960552268244576
0.7788461538461539,0.5647950089126559,0.6257621951219512,0.5647950089126559,0.5822355289421158,0.8620339598126396,0.34575905955048303,0.5500289892565818,0.5480769230769231,0.9649122807017544,0.9130434782608695,0.7746130030959752
0.8269230769230769,0.6928088803088803,0.6935529279279279,0.6928088803088803,0.6803088803088803,0.8896678198336647,0.6280724573896607,0.5372500756765655,0.5192307692307693,0.9629629629629629,0.8888888888888888,0.850900900900901
0.7115384615384616,0.6292270531400966,0.6086309523809523,0.6292270531400966,0.6158008658008658,0.7884574996159569,0.4727841219193183,0.7410602911822188,0.49038461538461536,0.9411764705882353,0.9,0.767287784679089
0.8076923076923077,0.6611950549450549,0.7285805626598466,0.6611950549450549,0.6697572742348862,0.8189685368325832,0.6436949081608438,0.6718222976249163,0.5096153846153846,0.9245283018867925,0.8,0.8205128205128206
0.7884615384615384,0.6825487012987013,0.655072463768116,0.6825487012987013,0.6591123928542818,0.9103341800664484,0.5590117490339868,0.5397255776102781,0.5480769230769231,0.9649122807017544,0.9090909090909091,0.8682058682058682
0.8365384615384616,0.7081145357686454,0.6961538461538461,0.7081145357686454,0.6932955932955933,0.8549017817698703,0.6675827166841459,0.5305008730327164,0.5769230769230769,0.9666666666666667,0.8823529411764706,0.8678745028722934
0.7211538461538461,0.6449485199485199,0.6226708074534162,0.6449485199485199,0.6313564484296191,0.877795186956659,0.4249875562623645,0.6245551303304061,0.5096153846153846,0.9245283018867925,0.8620689655172413,0.8013513513513514
0.75,0.6829785531370038,0.677705223880597,0.6829785531370038,0.6739302967563838,0.8395603012757805,0.5186743130307457,0.6709691937487184,0.5192307692307693,0.9259259259259259,0.8461538461538461,0.802390098164746
0.7788461538461539,0.678173275999363,0.6732323232323233,0.678173275999363,0.6697729988052569,0.8975960804357868,0.5873993720260215,0.5580172155181977,0.5576923076923077,0.9827586206896551,0.9565217391304348,0.862111801242236
0.7692307692307693,0.6514957264957265,0.6088288576300085,0.6514957264957265,0.6112340040911469,0.8796955453893052,0.5238679500898158,0.580214574682947,0.5480769230769231,0.9649122807017544,0.9166666666666666,0.8348126232741618
0.7692307692307693,0.6948529411764706,0.7032930107526881,0.6948529411764706,0.6862511052166225,0.8808473998213517,0.5908897988318597,0.6082192670232872,0.4807692307692308,0.96,0.9166666666666666,0.8582516339869282
0.8461538461538461,0.6914390756302522,0.7626284246575342,0.6914390756302522,0.697478329393223,0.9033427433473389,0.6991757095869132,0.4930690805292547,0.6153846153846154,0.96875,0.875,0.9011437908496732
0.7884615384615384,0.6765432098765432,0.6414473684210527,0.6765432098765432,0.6556361398062409,0.8259347815039877,0.47618504196904116,0.6794856549576784,0.5096153846153846,0.9245283018867925,0.8181818181818182,0.7734836285560923
0.8653846153846154,0.7380850456621004,0.7820175438596492,0.7380850456621004,0.755607274301797,0.8554504232622426,0.7058208958829418,0.599200321720613,0.625,0.9230769230769231,0.6428571428571429,0.8550596553247902
0.7403846153846154,0.6242188953456559,0.6781704781704782,0.6242188953456559,0.6474730011367942,0.815333048438078,0.4630003071284522,0.7344882914594039,0.5961538461538461,0.8870967741935484,0.7407407407407407,0.7528809218950064
0.7596153846153846,0.7024268723882996,0.6969642857142857,0.7024268723882996,0.6917908480408481,0.8644794692405604,0.6129449354644855,0.6867232737227897,0.47115384615384615,0.9387755102040817,0.88,0.8600838734273732
0.7692307692307693,0.6681390977443609,0.7093167701863354,0.6681390977443609,0.6815018315018315,0.832709438563814,0.5388499898707871,0.7216103907910991,0.47115384615384615,0.9387755102040817,0.875,0.7894957983193278
0.7884615384615384,0.6965281095715878,0.6524931693989071,0.6965281095715878,0.6556416556416557,0.8584371719030203,0.6324479386735669,0.6424600388412506,0.5192307692307693,0.9259259259259259,0.8181818181818182,0.8596273291925466
0.8076923076923077,0.6821969696969697,0.7290178571428572,0.6821969696969697,0.6997205830222908,0.8945878945800405,0.638665435492139,0.5397361979252185,0.5576923076923077,0.9655172413793104,0.9,0.865231259968102
0.7788461538461539,0.665990057995029,0.6423160173160173,0.665990057995029,0.651870219676597,0.8664788761251921,0.5773098756781256,0.5779362608639069,0.5769230769230769,0.9666666666666667,0.9130434782608695,0.8779342723004695
0.8557692307692307,0.7885338345864661,0.7667080916873792,0.7885338345864661,0.7344897959183674,0.8985574287280701,0.7032162035554674,0.4891608059082258,0.5576923076923077,0.9482758620689655,0.8,0.8942669172932332
0.8173076923076923,0.6840062111801243,0.6764705882352942,0.6840062111801243,0.6766187897339297,0.8539448388050873,0.6502769338477635,0.5686923851555312,0.5769230769230769,0.9,0.6842105263157895,0.8616977225672877
0.7980769230769231,0.7210311001871104,0.7164179104477612,0.7210311001871104,0.7165091036414566,0.8393865683721529,0.6184431049659739,0.6398596618146575,0.5096153846153846,0.9245283018867925,0.8095238095238095,0.841407867494824
0.8365384615384616,0.7110008536064875,0.8401119402985076,0.7110008536064875,0.6876043545047752,0.8628538793155526,0.6908059004446053,0.5676058738502923,0.5288461538461539,0.9272727272727272,0.7647058823529411,0.8783610755441742
0.7692307692307693,0.7423611111111111,0.640639589169001,0.7423611111111111,0.6698971698971699,0.9077992507309942,0.52526887186122,0.5280576725544383,0.5384615384615384,0.9821428571428571,0.9583333333333334,0.8640625
0.6826923076923077,0.6048611111111111,0.595734126984127,0.6048611111111111,0.585916179337232,0.8174707623471065,0.4199172169900637,0.7712196438382424,0.4326923076923077,0.9333333333333333,0.9090909090909091,0.7977430555555556
0.8269230769230769,0.7571428571428572,0.7143057503506312,0.7571428571428572,0.727591706539075,0.9219311303002644,0.69216183329438,0.5043073200733784,0.5192307692307693,0.9814814814814815,0.9444444444444444,0.9281512605042016
0.7692307692307693,0.7205882352941176,0.6730519480519481,0.7205882352941176,0.6742101648351648,0.8673007159614797,0.6045881751418639,0.6344957817817934,0.4423076923076923,0.9565217391304348,0.9166666666666666,0.8571428571428571
0.75,0.6556262230919765,0.664047619047619,0.6556262230919765,0.6293706293706294,0.8623991964187028,0.49675188831900907,0.6609632425385444,0.4807692307692308,0.94,0.8846153846153846,0.790543526292532
0.6826923076923077,0.6095744105559161,0.6394230769230769,0.6095744105559161,0.6220238095238095,0.8683264669985702,0.4056133586378941,0.682746345344959,0.46153846153846156,0.9583333333333334,0.9393939393939394,0.7995159338442921
0.7692307692307693,0.629783950617284,0.6304563492063492,0.629783950617284,0.6060690943043884,0.8166196528254889,0.48427959555207395,0.6061318998650214,0.5480769230769231,0.9649122807017544,0.9166666666666666,0.81105743424584
0.7403846153846154,0.6499611801242235,0.621870925684485,0.6499611801242235,0.6200520833333334,0.8630852880513206,0.55468481134221,0.669876078556559,0.40384615384615385,0.9761904761904762,0.9629629629629629,0.8472049689440995
0.8173076923076923,0.609577922077922,0.5910714285714286,0.609577922077922,0.5890813055991627,0.9180409652668517,0.6153930884583099,0.5261177312615771,0.4807692307692308,0.98,0.9473684210526315,0.875901875901876
0.7980769230769231,0.7763888888888888,0.7188644688644689,0.7763888888888888,0.7200828157349897,0.9432340244351509,0.6242800476128891,0.4717707995086797,0.47115384615384615,0.9591836734693877,0.9047619047619048,0.9052873563218391
0.8173076923076923,0.6771010679461383,0.6797619047619048,0.6771010679461383,0.6650194463509495,0.871145640909745,0.6380318426555648,0.546119647310047,0.5480769230769231,0.9298245614035088,0.7894736842105263,0.8868971404182672
0.8173076923076923,0.677738539445629,0.7058123249299719,0.677738539445629,0.6819951338199512,0.8663663080096738,0.6513804683707937,0.5922995694853679,0.5288461538461539,0.9272727272727272,0.7894736842105263,0.8507462686567163
0.7211538461538461,0.6070480928689884,0.6266045548654244,0.6070480928689884,0.6121114437677905,0.8335601086710365,0.47043665592796813,0.7709740265022234,0.49038461538461536,0.8627450980392157,0.7586206896551724,0.773699072206535
0.8269230769230769,0.7291666666666666,0.6598767885532592,0.7291666666666666,0.6788856938584706,0.8314775687680253,0.5990268162350115,0.5265522287456388,0.5384615384615384,0.9642857142857143,0.8888888888888888,0.8572916666666667
0.7980769230769231,0.7214583067839089,0.6911950770646422,0.7214583067839089,0.7018670407943017,0.9056121065194669,0.6785056316166523,0.555832915223035,0.5096153846153846,1.0,1.0,0.9065913370998117
0.8461538461538461,0.7446784420289855,0.8230837789661319,0.7446784420289855,0.7696969696969698,0.8770239866780045,0.7161914305421779,0.5511019956479798,0.5384615384615384,0.9107142857142857,0.6875,0.8828125
0.7788461538461539,0.6905017921146954,0.6892857142857143,0.6905017921146954,0.6791243819932344,0.8404682344377314,0.6297128760568074,0.745327327422802,0.4807692307692308,0.92,0.8260869565217391,0.8302611367127496
0.7692307692307693,0.6547852841057868,0.6571969696969697,0.6547852841057868,0.6531083807078673,0.8695046166701326,0.5709379542039386,0.6581160099504478,0.5384615384615384,0.9285714285714286,0.8333333333333334,0.8398547801532875
0.8173076923076923,0.6760708849749946,0.659330985915493,0.6760708849749946,0.6647206959706959,0.8230403378524958,0.625184367360558,0.6306768531254505,0.49038461538461536,0.9215686274509803,0.7894736842105263,0.8223596995139195
0.8269230769230769,0.7382779198635976,0.7499111584932481,0.7382779198635976,0.7379643962848297,0.9053619723751569,0.6711970920171088,0.5452532576660691,0.5961538461538461,0.967741935483871,0.8888888888888888,0.8666666666666667
0.8461538461538461,0.8219326725905673,0.8063405797101448,0.8219326725905673,0.7984490189279136,0.9469436167737323,0.6918725288665674,0.44005423901111296,0.5480769230769231,0.9824561403508771,0.9375,0.9304511278195489
0.7596153846153846,0.5567835829984167,0.579225352112676,0.5567835829984167,0.5664835164835165,0.8690647314647999,0.5218923785387312,0.5864178564880865,0.5865384615384616,0.9672131147540983,0.92,0.839751552795031
0.7884615384615384,0.6521321961620469,0.7383162612035852,0.6521321961620469,0.669209255021612,0.8453530524732048,0.588380288351473,0.6720914583764254,0.4807692307692308,0.92,0.8181818181818182,0.8031464300121016
0.7980769230769231,0.6857142857142857,0.7186205468102733,0.6857142857142857,0.6943000483558994,0.9040341788284872,0.5978212333470069,0.502454407360466,0.5576923076923077,0.9827586206896551,0.9523809523809523,0.8718487394957983
0.7596153846153846,0.6812770562770563,0.649951809809381,0.6812770562770563,0.658652680087315,0.8496471637271628,0.5966897381806385,0.728070252646707,0.49038461538461536,0.9411764705882353,0.88,0.8437001594896332
0.7788461538461539,0.645557963163597,0.6981898238747555,0.645557963163597,0.6559722222222223,0.8537451081724496,0.5501622155976562,0.6729064798412286,0.5192307692307693,0.9259259259259259,0.8260869565217391,0.7994024754588135
0.8557692307692307,0.7344771241830066,0.7570346320346321,0.7344771241830066,0.740547263681592,0.895960970926094,0.7281841425122798,0.4821517110331048,0.5384615384615384,0.9821428571428571,0.9333333333333333,0.9264705882352942
0.8269230769230769,0.6526442307692308,0.6416666666666667,0.6526442307692308,0.6463974570284907,0.8282346159449524,0.6761160519492482,0.7097283773003886,0.5576923076923077,0.896551724137931,0.6666666666666666,0.8145956607495068
0.8461538461538461,0.7397887323943662,0.7547858533419858,0.7397887323943662,0.7177250190694127,0.8391294823760403,0.7069432960636308,0.6182328989379285,0.5096153846153846,0.9056603773584906,0.6875,0.8459240290226206
0.7403846153846154,0.7024122807017543,0.6575181159420289,0.7024122807017543,0.6748768472906403,0.8848726450958858,0.4623112127821317,0.5752096888296705,0.4807692307692308,0.96,0.9259259259259259,0.843984962406015
0.8173076923076923,0.7534722222222223,0.6790969899665552,0.7534722222222223,0.6966191806815379,0.8446659036782054,0.652297702443741,0.5939419533212316,0.4519230769230769,0.9574468085106383,0.8947368421052632,0.8706597222222223
0.7211538461538461,0.6502380952380953,0.6402014652014651,0.6502380952380953,0.6169098143236074,0.8096691180752076,0.4232206864035346,0.7629994468652821,0.47115384615384615,0.8775510204081632,0.7931034482758621,0.7503448275862069
0.75,0.6035714285714286,0.6619047619047619,0.6035714285714286,0.594047619047619,0.842734599128578,0.5128815898987859,0.6504681788107336,0.5576923076923077,0.9310344827586207,0.8461538461538461,0.7932773109243697
0.7980769230769231,0.6746323529411764,0.6623590225563909,0.6746323529411764,0.6623376623376623,0.9234503583630421,0.6328274843749785,0.49293856076139436,0.5673076923076923,0.9830508474576272,0.9523809523809523,0.9060457516339869
0.8173076923076923,0.7378341687552215,0.7708045977011494,0.7378341687552215,0.7156950338768522,0.9014684796883559,0.7029862374663961,0.5394561267581696,0.5673076923076923,0.9661016949152542,0.8947368421052632,0.9074719318621759
0.7596153846153846,0.6576639323118196,0.6540032679738562,0.6576639323118196,0.6533693045563549,0.8402795778144021,0.5324872099924735,0.7128425388534102,0.4807692307692308,0.92,0.84,0.7887323943661972
0.75,0.6755926251097454,0.6399374460742019,0.6755926251097454,0.6493042827468231,0.8762904033631564,0.5659822927493517,0.6119012955775847,0.5192307692307693,0.9259259259259259,0.8461538461538461,0.8422751109318273
0.7788461538461539,0.6910455486542443,0.7206699346405229,0.6910455486542443,0.7015356905867854,0.8237818437910909,0.5775503882107702,0.6772365142089397,0.5288461538461539,0.9272727272727272,0.8260869565217391,0.8103519668737059
0.75,0.6405708201417156,0.6524621212121212,0.6405708201417156,0.637531328320802,0.86165668757062,0.5378955664762868,0.6901520525129968,0.5384615384615384,0.9464285714285714,0.8846153846153846,0.8229124647035094
0.7788461538461539,0.7292889758643182,0.774891304347826,0.7292889758643182,0.7371661257183695,0.8411721588392,0.5497672673578402,0.7151169167384425,0.5,0.9423076923076923,0.8695652173913043,0.8068935041979673
0.7884615384615384,0.6597916666666667,0.6014285714285714,0.6597916666666667,0.6223296888141295,0.8390840017433305,0.558898868834081,0.5979186877266844,0.6057692307692307,0.9682539682539683,0.9090909090909091,0.8404597701149424
0.7884615384615384,0.6173913043478261,0.5737179487179488,0.6173913043478261,0.5932007400555042,0.8124161873230719,0.5823549051926024,0.707043463890387,0.5673076923076923,0.8983050847457628,0.7272727272727273,0.7867494824016562
0.7788461538461539,0.6025219298245614,0.6894796380090498,0.6025219298245614,0.6230222734254992,0.8984833503028404,0.47988758493408223,0.5570898242087565,0.49038461538461536,1.0,1.0,0.8402255639097743
0.7692307692307693,0.7258823529411764,0.65,0.7258823529411764,0.6688435776201733,0.8821387879153026,0.5879457603073207,0.5012638415916559,0.6057692307692307,0.9841269841269841,0.9583333333333334,0.9094252873563219
0.7980769230769231,0.6958333333333333,0.7039695945945946,0.6958333333333333,0.6931208053691275,0.8685240274599542,0.5608123328532135,0.6275391064896993,0.5096153846153846,0.9622641509433962,0.9047619047619048,0.8400000000000001
0.7596153846153846,0.6966666666666665,0.7258310719131614,0.6966666666666665,0.6699052878062419,0.8916434765073604,0.5359053168677796,0.5445913284036059,0.6057692307692307,0.9206349206349206,0.8,0.8519540229885058
0.8076923076923077,0.7452020202020202,0.7166666666666667,0.7452020202020202,0.726984126984127,0.8719271973096943,0.66755534928968,0.6114016246424607,0.5480769230769231,0.9122807017543859,0.75,0.867224880382775
0.8173076923076923,0.7330431392931394,0.7472222222222222,0.7330431392931394,0.7297239878989769,0.895410299782295,0.6174164066450293,0.5594910560396774,0.5,0.9230769230769231,0.7894736842105263,0.8468468468468469
0.7403846153846154,0.6683558558558558,0.6520833333333333,0.6683558558558558,0.6440491875274484,0.8479895850819764,0.5144877217634711,0.6082761819209999,0.5384615384615384,0.9642857142857143,0.9259259259259259,0.8558558558558559
0.8365384615384616,0.6947733202870189,0.8563044936284373,0.6947733202870189,0.7018288474810214,0.9136803100950467,0.6646274897649844,0.4664773772226757,0.5288461538461539,0.9818181818181818,0.9411764705882353,0.9049933716305789
0.75,0.6490121899957965,0.664863184079602,0.6490121899957965,0.6328971674876848,0.8524376775553208,0.571021448023658,0.7321220781417123,0.47115384615384615,0.8979591836734694,0.8076923076923077,0.8044224170796797
0.7307692307692307,0.5602477477477478,0.6247650375939849,0.5602477477477478,0.5866666666666667,0.8044105583726119,0.40308321547149845,0.71098600434157,0.5,0.9230769230769231,0.8571428571428571,0.7572072072072072
0.7403846153846154,0.6697382478632479,0.6578165835115228,0.6697382478632479,0.6561050061050061,0.8333696729145237,0.5529131409258657,0.704523540778754,0.5096153846153846,0.9056603773584906,0.8148148148148148,0.8035502958579883
0.7788461538461539,0.7617521367521367,0.7424731182795699,0.7617521367521367,0.7333913141061608,0.8904673301458159,0.6063851273483047,0.5946610459079821,0.46153846153846156,0.9375,0.8695652173913043,0.8658854166666666
0.7211538461538461,0.5990477530725209,0.617577030812325,0.5990477530725209,0.6070791953144894,0.7670180374717156,0.46672987450263026,0.8555573559651589,0.5192307692307693,0.9074074074074074,0.8275862068965517,0.7410130718954248
0.8269230769230769,0.6188888888888889,0.6301140174379611,0.6188888888888889,0.6226868541216053,0.7670729897269755,0.6296893718579312,0.5662230894006146,0.5576923076923077,0.9655172413793104,0.8888888888888888,0.8579310344827586
0.7980769230769231,0.7069493586908449,0.7532754010695187,0.7069493586908449,0.7250953333836744,0.916683257839988,0.6141593557277071,0.5314145296599997,0.5,1.0,1.0,0.9060457516339868
0.7403846153846154,0.6434790334044065,0.6360294117647058,0.6434790334044065,0.6364396654719235,0.8785361816692934,0.5174800817821691,0.6254138303119203,0.5769230769230769,0.9166666666666666,0.8148148148148148,0.8656716417910448
0.8461538461538461,0.7456405097250168,0.776506483600305,0.7456405097250168,0.7556567071272954,0.872635228006331,0.6955053617054924,0.6062054164259709,0.5961538461538461,0.9516129032258065,0.8125,0.8800682885189928
0.8076923076923077,0.6576704545454546,0.613677536231884,0.6576704545454546,0.6282534246575342,0.8731356115522266,0.5975110834609154,0.44770197403189577,0.5961538461538461,0.9838709677419355,0.95,0.8961038961038961
0.8461538461538461,0.676032301032301,0.7008740204942736,0.676032301032301,0.6812678062678063,0.8395334315663986,0.6290264225296783,0.5825346164044182,0.6442307692307693,0.9402985074626866,0.75,0.8417508417508417
0.8653846153846154,0.8730555555555556,0.7481809701492538,0.8730555555555556,0.7794868100332601,0.9644711550890195,0.7424742676650337,0.4167578340653192,0.5480769230769231,0.9824561403508771,0.9285714285714286,0.9342528735632185
0.7884615384615384,0.6815985946420728,0.6565692563554288,0.6815985946420728,0.6423041011276306,0.9121165298786179,0.6330759379135737,0.5005772035686478,0.5192307692307693,0.9814814814814815,0.9545454545454546,0.924223602484472
0.7692307692307693,0.7838235294117647,0.7218406593406593,0.7838235294117647,0.739605398535375,0.8727775239309208,0.6220867719633093,0.6231353871919019,0.5096153846153846,0.9433962264150944,0.875,0.866421568627451
0.8365384615384616,0.7399381868131868,0.75625,0.7399381868131868,0.738518910030538,0.9055700346441822,0.7093897594734302,0.5152151209415042,0.6057692307692307,0.9682539682539683,0.8823529411764706,0.8745562130177514
0.8269230769230769,0.8052238805970149,0.7350146198830408,0.8052238805970149,0.7616334722865523,0.9378400589718598,0.703464752189976,0.4937832980499364,0.5865384615384616,0.9836065573770492,0.9444444444444444,0.9156918112141993
0.7788461538461539,0.6279761904761905,0.6392857142857142,0.6279761904761905,0.6274481611893583,0.8652473958333333,0.5545717809929511,0.6252375437840418,0.49038461538461536,0.9803921568627451,0.9565217391304348,0.8407118055555555
0.875,0.7785714285714286,0.6902597402597402,0.7785714285714286,0.7223136645962733,0.8970248126636372,0.6843425863504595,0.3825989280654003,0.625,0.9846153846153847,0.9230769230769231,0.9071428571428571
0.7692307692307693,0.7825611888111887,0.7138135593220338,0.7825611888111887,0.7278278393183978,0.9056974624859047,0.6068183118760623,0.5402784742594504,0.4423076923076923,0.9565217391304348,0.9166666666666666,0.9001736111111112
0.7884615384615384,0.7035798122065728,0.6830771782397169,0.7035798122065728,0.6906615883763577,0.9114569976999382,0.5891156652015583,0.5445630410716528,0.5096153846153846,0.9622641509433962,0.9090909090909091,0.873666239863423
0.7788461538461539,0.6462912087912088,0.6392857142857142,0.6462912087912088,0.6372259974056589,0.8221205440206425,0.5568126935655796,0.6645107461636173,0.5769230769230769,0.9166666666666666,0.782608695652174,0.8051215277777778
0.7980769230769231,0.703781512605042,0.6471953188054883,0.703781512605042,0.6658042744656918,0.8061788048552754,0.6543656797394752,0.6053257478180375,0.5576923076923077,0.9310344827586207,0.8095238095238095,0.8803104575163399
0.7788461538461539,0.6851449275362318,0.7389910813823857,0.6851449275362318,0.7085287659200703,0.8311646333846451,0.5557981923484306,0.6953260751185213,0.5192307692307693,0.9444444444444444,0.8695652173913043,0.8182194616977225
0.8365384615384616,0.7733333333333333,0.6832667332667333,0.7733333333333333,0.6934460434460434,0.9385131967228546,0.6922662931238586,0.44774981196983615,0.5576923076923077,1.0,1.0,0.9420689655172413
0.7019230769230769,0.6300779138893893,0.6606837606837607,0.6300779138893893,0.6314217443249701,0.8934699730327902,0.493269796918428,0.7002502001755294,0.4807692307692308,0.92,0.8709677419354839,0.8265345024780786
0.75,0.6289891395154552,0.653775659824047,0.6289891395154552,0.6360065599428677,0.8618591437899906,0.5762801823149593,0.6777957007550667,0.5288461538461539,0.9272727272727272,0.8461538461538461,0.8223484848484848
0.7596153846153846,0.6182720057720058,0.6977611940298507,0.6182720057720058,0.6188644688644689,0.8219072540999278,0.5744994670517477,0.7458947736212855,0.625,0.9076923076923077,0.76,0.7905536198219126
0.7211538461538461,0.5990516332982087,0.5626865671641791,0.5990516332982087,0.5747835497835498,0.8035365923466116,0.4568370333838874,0.7463508606754226,0.5961538461538461,0.9193548387096774,0.8275862068965517,0.794078656650464
0.8076923076923077,0.7282051282051282,0.7327008928571428,0.7282051282051282,0.7236824962543156,0.8493296896182401,0.6607128509441395,0.6502396592402881,0.5288461538461539,0.9090909090909091,0.75,0.8418145956607495
0.7980769230769231,0.7083167198298777,0.7274853801169591,0.7083167198298777,0.7002282825812238,0.9070306954190522,0.5707888500115234,0.5185619818784688,0.5384615384615384,0.9642857142857143,0.9047619047619048,0.8905075187969924
0.8461538461538461,0.7512899896800825,0.7693351424694708,0.7512899896800825,0.7551490514905149,0.8966623710887864,0.7087901484526655,0.5531479074726074,0.5192307692307693,0.9444444444444444,0.8125,0.8868464052287582
0.8173076923076923,0.7163308913308913,0.7409803921568627,0.7163308913308913,0.7108523965141612,0.874327068431436,0.5838506187819419,0.5215030326951363,0.6153846153846154,0.9375,0.7894736842105263,0.8392504930966469
0.875,0.7819291819291818,0.7912337662337663,0.7819291819291818,0.776826375711575,0.902034482293755,0.7054467760878088,0.49588598595379235,0.5480769230769231,0.9473684210526315,0.7692307692307693,0.8747534516765285
0.8653846153846154,0.7998792270531401,0.7420217209690894,0.7998792270531401,0.7598903784387655,0.9606922084487808,0.7601893163047189,0.3977705378752487,0.5288461538461539,1.0,1.0,0.9383022774327122
0.7596153846153846,0.7338095238095238,0.6730769230769231,0.7338095238095238,0.693233082706767,0.8727790277388651,0.5381655415750707,0.5946636090987807,0.5288461538461539,0.9454545454545454,0.88,0.8537931034482757
0.8557692307692307,0.687232905982906,0.6406379453189727,0.687232905982906,0.6606060606060606,0.8896883758126031,0.7071818723176523,0.5300145753076918,0.5576923076923077,0.9827586206896551,0.9333333333333333,0.8815104166666666
0.7980769230769231,0.7607142857142857,0.779891304347826,0.7607142857142857,0.7210904960242333,0.8759828754196715,0.6211767249552025,0.6445450458040778,0.5,0.9230769230769231,0.8095238095238095,0.8399159663865546
0.75,0.6032969123722549,0.6227259389671361,0.6032969123722549,0.5997619047619048,0.8989626400256884,0.4917293267679032,0.5594380141753331,0.5288461538461539,0.9636363636363636,0.9230769230769231,0.856827220503756
0.7980769230769231,0.7437866187866188,0.7119758351101635,0.7437866187866188,0.7149152787137768,0.8817898838325992,0.6068272049743271,0.5791188881008396,0.5769230769230769,0.9333333333333333,0.8095238095238095,0.8509009009009009
0.7788461538461539,0.6224789915966387,0.601268115942029,0.6224789915966387,0.6108788644759868,0.8073881276648589,0.5658954613846342,0.6690488062503501,0.5769230769230769,0.9333333333333333,0.8260869565217391,0.8327731092436975
0.7403846153846154,0.6934722222222223,0.6563852813852814,0.6934722222222223,0.6620207077028103,0.8798103634586214,0.4960830935507643,0.5848899010516344,0.5480769230769231,0.9473684210526315,0.8888888888888888,0.8202298850574713
0.7884615384615384,0.7652243589743589,0.7167038690476191,0.7652243589743589,0.7316176470588236,0.9096460013677562,0.6104374164959001,0.5201402772974683,0.5865384615384616,0.9672131147540983,0.9090909090909091,0.8732638888888888
0.8173076923076923,0.6337719298245614,0.595,0.6337719298245614,0.6114001892147587,0.8202298902016947,0.5905114548778693,0.5888466887082444,0.5480769230769231,0.9649122807017544,0.8947368421052632,0.81296992481203
0.75,0.6962087391774892,0.7149677579365079,0.6962087391774892,0.6921502976190477,0.8757813335599953,0.566483192199202,0.6971421086075215,0.5576923076923077,0.9310344827586207,0.8461538461538461,0.8578125000000001
0.7884615384615384,0.7261488511488512,0.6667397660818714,0.7261488511488512,0.6864837398373983,0.9232857336675317,0.6511285351227551,0.4949706631110003,0.5096153846153846,1.0,1.0,0.9094896331738438
0.7692307692307693,0.6815025252525252,0.7943163751987281,0.6815025252525252,0.6910469667318982,0.8252805906850765,0.5229311691308651,0.7131170686730067,0.5384615384615384,0.875,0.7083333333333334,0.7573784722222222
0.8269230769230769,0.7423872180451128,0.7288732394366197,0.7423872180451128,0.7292583700146725,0.8687746829194197,0.6333092659480968,0.5581631863568018,0.6346153846153846,0.9393939393939394,0.7777777777777778,0.8524436090225564
0.8269230769230769,0.6985431235431235,0.7247512437810945,0.6985431235431235,0.7088554720133667,0.8400573167273573,0.6789057236578907,0.6030501832334973,0.5480769230769231,0.9473684210526315,0.8333333333333334,0.837719298245614
0.7403846153846154,0.7161674347158218,0.7279713114754098,0.7161674347158218,0.7074069635045246,0.8576336750720586,0.5666144479031486,0.7331218647392063,0.5096153846153846,0.8867924528301887,0.7777777777777778,0.8045314900153611
0.7788461538461539,0.6892530984996739,0.6652930402930403,0.6892530984996739,0.6611613876319758,0.8718040019392381,0.5935931475895687,0.5314416941024847,0.5096153846153846,0.9811320754716981,0.9565217391304348,0.8930623066725585
0.8365384615384616,0.7692708333333333,0.7490892531876139,0.7692708333333333,0.7576666666666666,0.8867754045087136,0.718104014796364,0.5967122385189502,0.5,0.9423076923076923,0.8235294117647058,0.87890625
0.8365384615384616,0.6102380952380952,0.6203921568627451,0.6102380952380952,0.6118963831867057,0.8852650068765713,0.634653913803441,0.5396372443712949,0.5480769230769231,0.9649122807017544,0.8823529411764706,0.8712643678160921
0.7788461538461539,0.7745015948963317,0.6754470546984572,0.7745015948963317,0.6970129188799266,0.8905167818820288,0.6028858902083679,0.5632028497338915,0.5288461538461539,0.9636363636363636,0.9130434782608695,0.8768796992481203
0.7307692307692307,0.6189290251790251,0.6245039682539683,0.6189290251790251,0.6062026074918904,0.8133500503352793,0.43560032943003024,0.7093357074230444,0.5192307692307693,0.9259259259259259,0.8571428571428571,0.7725225225225225
0.7788461538461539,0.696455223880597,0.7440429431788427,0.696455223880597,0.7013387364253998,0.8780460216459398,0.595511213019178,0.6215206187574304,0.5576923076923077,0.9310344827586207,0.8260869565217391,0.845502218636547
0.75,0.6115400581154005,0.592391304347826,0.6115400581154005,0.5535785929972639,0.8273668680228532,0.515699537910541,0.6829063269738923,0.5865384615384616,0.9836065573770492,0.9615384615384616,0.8210340256296951
0.8173076923076923,0.7191416040100251,0.679519071310116,0.7191416040100251,0.6702797202797203,0.8788994877658063,0.6460991115578314,0.5154540777774904,0.6057692307692307,0.9523809523809523,0.8421052631578947,0.9008458646616542
0.7692307692307693,0.6594444444444445,0.6214285714285714,0.6594444444444445,0.6196828277590528,0.8519160735048676,0.5306619542547989,0.6307391922937289,0.5480769230769231,0.9298245614035088,0.8333333333333334,0.847816091954023
0.7884615384615384,0.716072190720078,0.7046474358974358,0.716072190720078,0.6976540616246498,0.8699879694273374,0.6054116876280056,0.6365582308773454,0.5,0.9230769230769231,0.8181818181818182,0.8399487836107554
0.7884615384615384,0.6409670998712095,0.6520833333333333,0.6409670998712095,0.632836617405583,0.8641276849519464,0.5649588937942052,0.6272230869548274,0.5,0.9423076923076923,0.8636363636363636,0.8475475033141848
0.8173076923076923,0.7331168831168832,0.694983552631579,0.7331168831168832,0.6997512437810945,0.8826631110466377,0.6682220225832463,0.5654579658082072,0.4807692307692308,0.94,0.8421052631578947,0.8827731092436975
0.75,0.6705527281335069,0.6415384615384615,0.6705527281335069,0.6486344537815126,0.8335539795190823,0.5276371155996892,0.6609849555136613,0.5192307692307693,0.8888888888888888,0.7692307692307693,0.8053777208706786
0.7788461538461539,0.6400641025641026,0.6790890269151139,0.6400641025641026,0.6558046707300438,0.8298467325384812,0.5917156772012861,0.6816612722498139,0.5192307692307693,0.9259259259259259,0.8260869565217391,0.8035502958579881
0.7596153846153846,0.6696428571428572,0.651747311827957,0.6696428571428572,0.6452555853170607,0.8892629644394479,0.6007508210453222,0.622041748875868,0.5192307692307693,0.9259259259259259,0.84,0.8424242424242425
0.7692307692307693,0.7404925356870438,0.7074481074481074,0.7404925356870438,0.7214552238805969,0.8548938856488123,0.5703288883229877,0.7633964116443368,0.4519230769230769,0.8936170212765957,0.7916666666666666,0.8128364389233955
0.7788461538461539,0.7420731707317074,0.6160270078180525,0.7420731707317074,0.6328393148563839,0.8880170681755741,0.5529861050780008,0.5033384568651591,0.5288461538461539,1.0,1.0,0.8630820399113082
0.8557692307692307,0.8001690090731186,0.7975746268656716,0.8001690090731186,0.7726539589442815,0.9314564470445041,0.7261498981815654,0.42542741730196576,0.6153846153846154,0.984375,0.9333333333333333,0.9279717189571366
0.8557692307692307,0.6921052631578948,0.6431086519114688,0.6921052631578948,0.6619897959183674,0.8788655815069589,0.6961839535169633,0.4661777689584422,0.6346153846153846,0.9393939393939394,0.7333333333333333,0.8843984962406013
0.7596153846153846,0.6869772588522588,0.689016393442623,0.6869772588522588,0.6730868499161182,0.8682867613156076,0.5877357213777498,0.6495140194137107,0.4423076923076923,0.9347826086956522,0.88,0.8173570019723866
0.7980769230769231,0.7088089802130898,0.7658514492753623,0.7088089802130898,0.7044208664898319,0.8738845405264355,0.579049278444459,0.6288885965011138,0.5480769230769231,0.9298245614035088,0.8095238095238095,0.8334069818824569
0.7403846153846154,0.5225,0.5122377622377623,0.5225,0.51454909506969,0.8250124437507124,0.4132926799102872,0.65064619691962,0.5288461538461539,0.9272727272727272,0.8518518518518519,0.7880459770114943
0.7692307692307693,0.7315462315462316,0.6561853002070394,0.7315462315462316,0.6759578831532613,0.9155349354040094,0.5221032114692249,0.507976160124935,0.6057692307692307,0.9523809523809523,0.875,0.8634122287968442
0.7884615384615384,0.6454944178628389,0.6858552631578947,0.6454944178628389,0.6400635107156846,0.8562736400401105,0.5471237579272468,0.5686499004467366,0.5673076923076923,0.9661016949152542,0.9090909090909091,0.8364661654135338
0.8269230769230769,0.6910173160173161,0.6691666666666667,0.6910173160173161,0.6742408906882591,0.8756356077784648,0.6077586139509669,0.517070721448057,0.5288461538461539,0.9454545454545454,0.8333333333333334,0.8590668590668591
0.8076923076923077,0.669890873015873,0.6996336996336996,0.669890873015873,0.6829697100614439,0.8836937913397332,0.6553769690052957,0.653764111697413,0.5480769230769231,0.9473684210526315,0.85,0.875725900116144
0.7596153846153846,0.6186011904761904,0.8113682092555332,0.6186011904761904,0.63785438669805,0.8143170676126181,0.5186814821394755,0.6955781102814487,0.5,0.9230769230769231,0.84,0.7705882352941177
0.7307692307692307,0.6693085748792271,0.6263440860215054,0.6693085748792271,0.6403850471486304,0.8704574863542256,0.5188404002766644,0.639939046753969,0.4807692307692308,0.94,0.8928571428571429,0.822360248447205
0.7692307692307693,0.6377717391304348,0.6444805194805194,0.6377717391304348,0.6191570881226054,0.880868593811792,0.5737080045820587,0.6089977230436315,0.5480769230769231,0.9473684210526315,0.875,0.8670807453416148
0.7980769230769231,0.7389610389610389,0.7492857142857143,0.7389610389610389,0.7405599568390266,0.9036176297229453,0.6383620508625273,0.5650278933378317,0.5,0.9423076923076923,0.8571428571428571,0.8548644338118022
0.7403846153846154,0.6467436461388074,0.7152014652014652,0.6467436461388074,0.6618153938527954,0.8793889548461234,0.5506920195559754,0.6707210700908924,0.46153846153846156,0.9583333333333334,0.9259259259259259,0.8467741935483871
0.7692307692307693,0.6974206349206349,0.6950710108604845,0.6974206349206349,0.6868117262854105,0.8889813096500531,0.6044596231720188,0.642665432228826,0.47115384615384615,0.9183673469387755,0.8333333333333334,0.870305845915602
0.7596153846153846,0.6634067924828795,0.7922885572139302,0.6634067924828795,0.6859279065161418,0.8078347915990317,0.549511470222885,0.7698520258037868,0.5192307692307693,0.8888888888888888,0.76,0.7656314699792961
0.7596153846153846,0.6627798507462687,0.632815734989648,0.6627798507462687,0.6359341906586001,0.8389401883386536,0.5877972108608979,0.6497013513445018,0.5576923076923077,0.9310344827586207,0.84,0.8511496571198064
0.8461538461538461,0.7644596651445967,0.7071153846153846,0.7644596651445967,0.7284895758101015,0.9396898622232301,0.707132490736101,0.4620237925388955,0.5384615384615384,0.9642857142857143,0.875,0.9279717189571365
0.8365384615384616,0.7646609730848861,0.7703598484848485,0.7646609730848861,0.7375575934786461,0.9152342957927793,0.6978057395323498,0.4669311372084556,0.5673076923076923,0.9491525423728814,0.8235294117647058,0.8997929606625258
0.7980769230769231,0.6331730769230769,0.615990990990991,0.6331730769230769,0.6235205384079833,0.831825335946667,0.6186886714896138,0.6861941252784722,0.6057692307692307,0.9047619047619048,0.7142857142857143,0.7984220907297831
0.7980769230769231,0.6808823529411765,0.682518115942029,0.6808823529411765,0.6669508148637006,0.8954084395930657,0.6342907033867314,0.5755559848426751,0.5384615384615384,0.9285714285714286,0.8095238095238095,0.872140522875817
0.7692307692307693,0.6357655502392344,0.5714285714285714,0.6357655502392344,0.5913610251878038,0.8452703131536401,0.5225374845705061,0.6399246645213221,0.5480769230769231,0.9473684210526315,0.875,0.8284774436090225
0.7596153846153846,0.7479296066252588,0.6971014492753623,0.7479296066252588,0.7121740350491912,0.8863055535949558,0.5823277883772571,0.6177225845349253,0.5673076923076923,0.9322033898305084,0.84,0.84472049689441
0.7403846153846154,0.5791666666666667,0.5494634473507714,0.5791666666666667,0.5590899079335712,0.7809781895094994,0.4858298243102743,0.8150478383044664,0.5288461538461539,0.8909090909090909,0.7777777777777778,0.7592436974789916
