accuracy,balanced_accuracy,macro_f1,macro_auc,MCC,log_loss
0.11538461538461542,0.12206331045003815,0.13469350366409188,0.06255604242768253,0.20534688974576293,-0.16077596605208333
0.028846153846153855,0.2780448717948718,0.18453708092394217,0.08531900703896678,0.05682301712183191,-0.07289479856807723
0.06730769230769229,0.16720882765658884,0.15721119965155295,0.06786272751228051,0.15567913861243848,-0.18813528561087778
0.019230769230769273,0.0625,0.06650557297109017,0.08799256121049348,0.041044569560279076,-0.1634044790459922
0.125,0.12632433356117567,0.1148765480795676,0.0728476641734912,0.19614008758131196,-0.18399837847009481
-0.009615384615384581,0.0515650912106137,0.11172673446828985,0.06359576500465125,-0.014257935905611419,-0.11834991977948262
0.09615384615384615,0.14500572956455315,0.1429009998159848,0.03485859597629071,0.17965889887958064,-0.11801274242753879
0.06730769230769229,0.1181143417985524,0.13131400932339288,0.12886434742598663,0.0989580459981868,-0.24756228642532196
0.028846153846153855,0.1586585968379446,0.14630198233139402,0.0724627162699677,0.11003061629331717,-0.15832773323242488
0.06730769230769229,0.19696969696969702,0.2176986025670236,0.09001385181402832,0.17051703258927736,-0.13645542410128597
0.11538461538461542,0.2192028985507246,0.256050260126347,0.12400760390190158,0.22851279652515571,-0.25920757001974093
0.009615384615384692,0.01388888888888895,0.0300284795275908,0.026378208138875814,0.020735093743178834,-0.04879922161243777
0.04807692307692302,0.16402142161635835,0.1252365371986114,0.0935133777174888,0.1170083480139239,-0.14663781464567938
0.08653846153846156,0.11695075757575757,0.08123759643951767,0.055855043622313305,0.17298062570033224,-0.12965085089045247
0.06730769230769229,0.19105392156862744,0.19679878944584828,0.05974151524331217,0.17242834316369388,-0.12145442672085993
0.04807692307692313,0.1129734848484848,0.15014429819829544,0.07486560336808923,0.11669501638461272,-0.10918248909148542
-0.019230769230769273,0.05284891165172867,0.05901010826284436,0.04949487875589831,0.006230246378588211,-0.12270304405861088
0.05769230769230771,0.2213046757164404,0.16642584629427215,0.07942997907269234,0.10941407343138798,-0.0934788358783557
-0.019230769230769162,-0.001695541230190778,0.008156451131620779,0.0536924374624832,-0.0223706878634371,-0.014921080921645569
0.028846153846153855,0.15639610389610392,0.10812814004204885,0.12217594966830236,0.12894436365378703,-0.15951009513645975
0.13461538461538458,0.07333333333333336,0.10163002190447967,0.10736883507066419,0.20868072441617347,-0.19467520457647314
0.028846153846153855,0.09672235413839891,0.08945618866818783,0.12196688652503562,0.0936423242211546,-0.23902448754160077
0.08653846153846156,0.15559523809523812,0.1717666994128506,0.11381439208833832,0.17047269859134717,-0.20781667096967543
0.009615384615384581,0.04505494505494512,0.12191483876525933,0.06295621785856753,0.007262167856101898,-0.12086613793364143
0.09615384615384615,0.19047619047619035,0.2056823938472876,0.10206648610874414,0.18870813018322696,-0.16115959704239335
0.07692307692307698,0.12896128600694012,0.13802586378006454,0.11620138796130397,0.1337284402780634,-0.18561075251534997
0.125,0.20805481283422456,0.22792369077115449,0.15041320445868223,0.23324173151448646,-0.28590118984378665
0.028846153846153855,0.04238351254480288,0.1236399050915179,-0.004659510179000681,0.024573880275491677,-0.009420334281881604
0.07692307692307698,0.06907242063492058,0.11285536623916725,0.045257860947426565,0.11988184843315097,-0.08920466354047507
0.038461538461538436,0.04232026143790846,0.07864613631036987,0.04438444052242152,0.0627826733197121,-0.0659287921727395
0.038461538461538436,0.16785714285714282,0.1542732750995135,0.06358615283092162,0.09165802616212015,-0.1211827656757245
0.125,0.18412999306175037,0.19237421828387258,0.08475601390104126,0.20146163167304798,-0.2307861884632313
0.08653846153846156,0.24069264069264074,0.2818119594935957,0.1611850660749966,0.20643781479585122,-0.25795292099803957
0.03846153846153855,0.10962092944369062,0.11279674005156781,0.06137816021647313,0.09881508183139354,-0.1414401501502276
0.125,0.21448133243907908,0.25190637372416547,0.12855014331580894,0.2607830802808571,-0.2880949684010483
0.16346153846153844,0.20210622710622717,0.2261133933229003,0.10431270207704124,0.28075429850549055,-0.23979889210391458
0.11538461538461542,0.11559139784946237,0.15308725655793953,0.015478350298213539,0.17200910121623436,-0.09185814246274504
0.06730769230769229,0.09686147186147187,0.12315914286538532,0.045280969217072586,0.1148082951595677,-0.11112487401770166
0.15384615384615385,0.2301056338028168,0.24484049176873857,0.14205233916944426,0.3076906562686807,-0.3329047202838219
0.09615384615384615,0.19682971014492756,0.19598289625500132,0.09133704557534306,0.19477436403163706,-0.2178556147809234
0.13461538461538458,0.19742063492063489,0.17068759243211945,0.10113667043625307,0.2223727380149108,-0.25290385153278183
0.06730769230769229,0.0589224820362928,0.09575182346824374,0.032194617852138396,0.08951864547302224,-0.060391069310581025
0.11538461538461542,0.22756410256410253,0.2520404157246262,0.028012598208170703,0.23008577197204166,-0.09910690356431617
0.038461538461538436,0.04249175482052192,0.08408818155376352,0.09951124180847382,0.038263492260882326,-0.176041113449379
0.14423076923076916,0.16801948051948046,0.19715257070570158,0.17193158974614553,0.24126520947490637,-0.35018609405458734
0.09615384615384615,0.20545141133376432,0.23530859856813724,0.07734419963125339,0.16614717856493444,-0.1753887490991869
0.04807692307692313,0.07352941176470595,0.07814685314685321,0.04469158613097568,0.09289155259646953,-0.09478864772721762
0.17307692307692302,0.2305283757338552,0.3094705430285113,0.06870893040346981,0.27277664588881995,-0.22309525092681282
0.07692307692307687,0.17866161616161624,0.19884529420566333,0.10117647878465064,0.1480815832744794,-0.21139943825980445
0.04807692307692313,0.07117140850017567,0.09817322612498236,0.07415584305353784,0.0734631751722325,-0.14835637232846666
0.14423076923076927,0.2393572181243414,0.21614812997380617,0.1265256139600569,0.28147799038142285,-0.20427067417571543
0.04807692307692302,0.07369123931623933,0.09592710601455157,0.03801294843473957,0.0776741443216088,-0.09000155440431468
0.019230769230769162,0.07500000000000007,0.08678898038038918,0.04580711704821827,0.025834817575287827,-0.11598207539516603
0.019230769230769162,0.11565934065934058,0.147017966912792,0.09019066458616798,0.045081631974931646,-0.11819000154484882
0.15384615384615385,0.21140174379610988,0.2770758279645287,0.10064571642403985,0.25233889880718974,-0.23534377720778243
0.08653846153846156,0.19790825612743423,0.20286671130652412,0.06233964864608221,0.1849771813468578,-0.19154647354221
0.09615384615384615,0.1419437340153452,0.1563725134091266,0.04804064501731142,0.1702185676862012,-0.16245432799882398
0.03846153846153855,0.1527777777777778,0.1691256574875586,0.1020141965777539,0.07111037898689127,-0.19086205288420238
0.06730769230769229,0.12338389310220299,0.11385844512978893,0.12514194402516565,0.11480354744839744,-0.15123443785055646
0.1346153846153847,0.11423650975889788,0.19387418725566458,0.12578506807014134,0.21116571788200333,-0.29018343872085073
0.08653846153846156,0.1845238095238096,0.15445302950633233,0.11620224054448347,0.1804537736361278,-0.21671732332048277
0.07692307692307687,0.17360831656606301,0.16344396432535324,0.08602513275088053,0.13912232462838853,-0.17022708331004788
0.08653846153846156,0.24224624060150368,0.26248060627759884,0.11617793087629791,0.23159980652815487,-0.23669831390523488
0.019230769230769273,0.045454545454545414,0.043846399449847695,0.11562183891994804,0.042488028954447254,-0.06496185426106027
-0.019230769230769273,-0.055288461538461564,-0.0324286596068063,0.00979468487372448,-0.0646927560194882,0.02835526003248956
0.09615384615384615,0.1762605042016806,0.19045343094330386,0.04886405530739868,0.19775780673069215,-0.12431147127681863
0.019230769230769273,0.026280362891425102,0.03102590630577673,0.09599951198760814,0.027111394921736642,-0.09192365320277684
0.11538461538461542,0.33266590389016015,0.2658629496267815,0.09808580354338525,0.25662303517931473,-0.19487446422851135
0.07692307692307698,0.061449579831932666,0.0770727834044066,0.09886573968171775,0.1070679466210196,-0.18987710079345288
0.009615384615384692,0.11143390922802687,0.09344099462986188,0.13155461657055612,0.06612871618584704,-0.24261557185419513
0.07692307692307687,0.15927128427128423,0.1436223723723724,0.0945097196415029,0.18602843597786262,-0.1352665764305938
0.08653846153846156,0.1233333333333333,0.18720355973661895,0.11330050543278902,0.1216808586360204,-0.18325723348465195
0.09615384615384615,0.18603425559947295,0.1695953730807085,0.0648704127237042,0.1848496603386457,-0.1995671617724729
0.028846153846153855,0.11586850649350644,0.14463019157456047,0.008120576672000168,0.04617478762716942,0.016825876523338446
0.07692307692307698,0.03925120772946855,0.03931168490570536,-0.0022737694749399573,0.08033085447675015,-0.07117026654953662
0.0673076923076924,0.1394736842105263,0.1494334999005844,0.1683392601472472,0.1264395575572963,-0.3176346176213707
0.04807692307692313,0.07164634146341453,0.05749300146718839,0.0018089996029312383,0.08587047864691105,-0.10249492103310709
0.125,0.1849972943722945,0.21484246446753763,0.08367239716825026,0.20605851246083967,-0.2238157901245934
0.125,0.018724696356275272,0.10047028348605425,0.09539696907215522,0.10958536074670283,-0.26800816621704027
0.11538461538461542,0.14605957767722466,0.16034083585907521,0.039629824995204066,0.16261765378242732,-0.16579884159896263
0.05769230769230771,0.1923076923076923,0.1982300331699216,0.07554637208005732,0.12429288162103846,-0.12368002313875553
0.13461538461538458,0.17907890720390718,0.1969095719095718,0.09990293090147584,0.24419091279747862,-0.274053078439896
0.05769230769230771,0.07076648841354716,0.1116789283265256,0.11044940684910065,0.0888791143548967,-0.2592346818722374
-0.019230769230769273,0.088095238095238,0.11359380298532895,0.1406244144744928,0.011791792069545615,-0.193367769046224
0.028846153846153855,-0.012867647058823595,0.011019839952797095,0.033638751401990796,0.016762692329831408,-0.09044216385677017
0.11538461538461542,0.18039215686274512,0.21659622346962515,0.12116651974942483,0.18517419033049792,-0.23579910546212612
0.028846153846153855,0.07585851648351638,0.08112429966151669,0.08533316290138981,0.01838978657862178,-0.13198666843381013
0.04807692307692313,0.12057421227197351,0.1441393949617633,0.08053952359173788,0.11283980255632226,-0.1738191302110118
0.08653846153846156,0.19776570048309183,0.19777549042995257,0.1285482728560533,0.18799736896056946,-0.3413819920727694
0.10576923076923073,0.19791666666666663,0.2380964523712381,0.03960401312573969,0.205468130327653,-0.14679391184912938
0.0673076923076924,0.18014705882352955,0.16308868738536253,0.039321457749766586,0.15320290079431598,-0.08529968263270349
0.019230769230769273,0.15480072463768124,0.13725735834345432,0.05190251467740248,0.09039173697153569,-0.0592869947157435
-0.028846153846153855,-0.0029838119626852677,0.010169285105346537,-0.011101198824996272,-0.05720208603195476,0.017411197331722805
-0.07692307692307687,-0.0400082918739636,-0.03876743200871835,0.034772111851072096,-0.11945438565385852,-0.04661707209684973
-0.028846153846153855,0.0357142857142857,0.030976310717288014,0.05485518679325918,-0.0211733657060601,-0.05243660881324819
0.09615384615384615,0.13344017094017102,0.1386854424645122,0.0698367985548527,0.15007218242145165,-0.18233188869014239
0.038461538461538436,0.10460199004975124,0.10000576765282654,0.03355587888840572,0.09169233391497011,-0.07762117826496717
0.09615384615384615,0.2276160776160776,0.23669502117109242,0.09630418631254745,0.18606431357213332,-0.16802068015855087
0.08653846153846156,0.14268018018018025,0.16113341895025513,0.07655376982307027,0.15382766404854586,-0.1377589685908609
0.09615384615384615,0.09843911248710013,0.13257464757464743,0.07092487756145371,0.1465944781948395,-0.15750136697307227
0.0,-0.008031705948372547,0.01408684695221174,0.028611056079042685,-0.04135148025413382,-0.03755957145817579
0.15384615384615374,0.1929563492063492,0.20549835897807694,0.08295113222322448,0.2526231157877563,-0.1911711367704788
0.028846153846153855,0.12832137421178524,0.16001171572700323,0.07842371002865267,0.07865030885948376,-0.12596807742168636
0.009615384615384692,0.12783101045296164,0.09168175968557168,0.1773025932662594,0.07032024558418826,-0.19746246146279828
0.09615384615384615,0.18556005398110653,0.21611434271493368,0.09204918757915581,0.1815801612400797,-0.1872118348650441
0.0,0.0936147186147186,0.05789794952147986,0.11687652589475872,0.05549545354165897,-0.17095466582947016
0.08653846153846145,0.13367706237424537,0.16309101814230187,0.1257430939341646,0.15506842209835148,-0.17757735132025765
0.11538461538461542,0.09474206349206349,0.1911506981715151,0.05474383126477533,0.15741878784581276,-0.160378171760457
0.09615384615384615,0.18685897435897425,0.19487095321616077,0.08094671126434316,0.16639366815655593,-0.16348927763244991
-0.06730769230769229,0.061892916370528295,0.04885939224174507,0.0919357882388191,-0.06792146460282461,-0.0268221050553209
0.09615384615384615,0.08022806614355915,0.13472310526401576,0.06057145978271261,0.10502082245911509,-0.1995145520392858
0.09615384615384615,0.18198529411764708,0.1569990289705666,0.03908317313006948,0.1582820643887578,-0.11143491139810535
0.04807692307692302,0.1483100233100233,0.14738949465683254,0.11036990401735247,0.1367956158392456,-0.2703867974450209
0.04807692307692302,0.14695550351288045,0.1838837717264692,0.044769787261890515,0.08402589061511978,-0.06583977347138581
0.03846153846153855,0.04870892018779349,0.06015888159816196,0.04507673826570524,0.06466249425183607,-0.08646034446916306
0.009615384615384581,0.08303571428571432,0.07698547044717163,0.061963404021028734,0.03506001166622341,-0.12889843134299372
0.125,0.34313186813186813,0.2883841594674793,0.12081674441671186,0.29326161574964743,-0.2894027997336649
0.03846153846153855,0.10745614035087725,0.082164412270046,0.09695011986487945,0.08806684754351612,-0.14856026619030815
0.04807692307692313,0.12142857142857144,0.13994397003351533,0.15025813516896114,0.09920607475174192,-0.16323514328318378
0.009615384615384692,0.10069444444444442,0.12067452397606471,0.08932464356409742,0.028797692182458978,-0.1284303145549942
0.08653846153846156,0.1460700757575758,0.15156563212829188,0.08256066926176986,0.16192822779256172,-0.1788507545275041
0.09615384615384615,0.15798122065727704,0.14292128049855424,0.13947121257582706,0.16847911280391803,-0.20767778197107956
0.11538461538461542,0.175958110516934,0.16012911362673343,0.07830311262021805,0.20232907967675878,-0.25518042869757085
0.07692307692307698,0.14821428571428563,0.1444842137253043,0.0776944286841913,0.14478641898236955,-0.20626304054550704
0.07692307692307698,0.01962347354138394,0.028102819237147636,0.041566156381910635,0.10392397695099076,-0.08252245979243056
0.125,0.2162058371735791,0.21567905752726624,0.14171401507020998,0.23564839744156552,-0.309531025820719
0.0,0.17426801801801806,0.20090291863871979,0.08161150660518302,0.05442682087744477,-0.1865768643821581
0.08653846153846156,0.18884540117416815,0.21485013561960709,0.04707215952437449,0.1755219085658728,-0.1458728669783138
0.15384615384615385,0.20028747294372296,0.23409242160632598,0.11298836327772166,0.26116559142223394,-0.30752146523604285
0.14423076923076927,0.1671717171717172,0.25117941342773553,0.062456643006376544,0.2297112740987371,-0.24384636358412481
0.009615384615384692,0.044545454545454555,0.08313304026794543,0.08556504736224324,-0.013214808897679453,-0.02977756260946185
0.11538461538461542,0.1879528985507246,0.2182611393302813,0.11733581655415082,0.22938708375286831,-0.25987511182363077
0.07692307692307698,0.09583333333333333,0.12261972866949988,0.059689277896403437,0.11635802772655024,-0.1387083158804291
0.009615384615384581,-0.00694444444444442,0.06900101203792486,0.11892256309390614,-0.01720318419391853,-0.1854050711318569
0.09615384615384615,0.14763513513513515,0.14158264352820338,0.1263358748584955,0.2158276217171196,-0.21130525033213643
0.0,0.03541666666666676,0.07503344000172896,-0.0016347374499443568,-0.018609105537665205,0.00042974711052179426
0.17307692307692313,0.24572829131652668,0.23698533966117585,0.04104756389866748,0.29683404792709345,-0.17625437766387275
-0.05769230769230771,0.02635135135135136,0.029362793629427952,0.06140077171035796,-0.08564044469871651,-0.035908675193049744
0.05769230769230771,0.060317460317460325,0.11666698127453945,0.1252674575436974,0.1301628197240467,-0.14566360938064693
0.019230769230769273,0.15416666666666667,0.13911292194429292,0.13297615241748872,0.07441452178565522,-0.20090287007065422
0.0673076923076924,0.12077922077922087,0.09533528246214806,0.1320995920930832,0.1252503411277321,-0.21652263560514395
0.019230769230769162,0.05798814959773857,0.09561965811965811,0.12409717538432907,0.03781837802298238,-0.1956959861531028
-0.009615384615384692,0.07310924369747895,0.07780187731294275,0.15596586578448457,0.03014671594462115,-0.242176560844361
0.09615384615384615,0.16616161616161618,0.1799964101234519,0.11182801916542795,0.16785056614830896,-0.17355042888301248
0.028846153846153855,0.09558823529411753,0.09985125554773067,0.06897265652887852,0.06675333473140554,-0.09600023868226737
0.14423076923076916,0.19346153846153852,0.22964029391660967,0.07173136738372154,0.2823116555640942,-0.27173944720928844
0.09615384615384615,0.14459325396825395,0.15774415186341623,0.07221606719841045,0.1739546672560875,-0.16934454712587532
0.04807692307692313,0.1158709294436907,0.13237872422783103,0.15624173294489463,0.08602896776052671,-0.30664686058476676
0.07692307692307687,0.08169090445209837,0.07404780644382813,0.09590323596687766,0.13250124990353762,-0.19750330650831593
-0.028846153846153855,0.10910087719298234,0.10784661063185841,0.06828073495559561,0.038921190899482705,-0.16397528570921016
0.09615384615384615,0.08833568738229758,0.09700871709187764,0.19275309559742437,0.16342260610213732,-0.3416334941894974
-0.009615384615384581,0.012286324786324854,0.02148390090668939,0.02418643954052213,-0.004465053824339926,-0.07190208149288257
0.08653846153846156,0.24196218980549955,0.1813246730487188,0.024893344779648996,0.17097965032776485,-0.12254948459293802
0.17307692307692313,0.1379387347625053,0.19216468058795422,0.13003285045713253,0.2658394732750552,-0.29187666125593126
0.09615384615384615,0.18896103896103889,0.22982295482295478,0.0739940538245134,0.1853973919152181,-0.18954102004273066
0.019230769230769273,0.016369047619047672,0.05626871158381397,0.07194659340185361,0.008940650909075476,-0.12977068181343498
0.09615384615384615,0.10111642743221694,0.09299364184693937,0.10684685806476779,0.15968742846976142,-0.20624045552413128
0.019230769230769162,0.15809523809523807,0.1333439617478135,0.056540647525154863,0.08374911142531832,-0.08778499106775994
0.028846153846153855,0.008467023172905597,0.060038142652546256,0.05093442951451399,0.008288826613475964,-0.14196878698840187
-0.04807692307692302,0.0705195539754363,0.07263416530156708,0.05458608124441078,-0.0577785907315409,-0.031841758082925664
0.028846153846153855,0.12655166119021544,0.15752901971967848,0.07065318143121302,0.10558240326670293,-0.15070943746471666
0.11538461538461531,0.1942028985507246,0.2295920256754319,0.03561648634325487,0.236869733239289,-0.10281378405669128
0.1826923076923077,0.2659904970760234,0.27132936507936517,0.1154989328267193,0.31517954575203405,-0.29050150700626565
0.0,0.13421375921375922,0.13589265341629087,-0.010638437548221358,0.030054024853924055,-0.04810247102780285
0.07692307692307698,0.1525989290844978,0.1736844365595147,0.11924560934612405,0.1360715249380201,-0.23462225349361632
0.07692307692307687,0.23842592592592582,0.21967741935483875,0.07150914366798988,0.18468248549537258,-0.13640180550687908
0.125,0.1955042506513095,0.2196314623333938,0.12325166843033175,0.22660873414558963,-0.2520076654202681
-0.009615384615384581,0.07777777777777783,0.12219080076635003,0.08447906878960665,0.019826471135764634,-0.1512944706064554
0.028846153846153855,0.1093706061303269,0.1278348626089304,0.1152754202267986,0.06545306916952087,-0.2018217822212819
0.019230769230769273,0.04058441558441561,0.05219907407407409,0.10266044741851188,0.0415015987666702,-0.1825136739437767
0.09615384615384626,0.10507246376811596,0.13300552104899932,0.08288557302578847,0.1620933055259665,-0.22409536836897337
-0.019230769230769273,0.0009750812567713707,0.009800766720004406,0.053639673330593274,-0.022111626920130578,-0.04474720067093019
0.10576923076923073,0.13862893642305407,0.14531034891508776,0.07649756997732493,0.1857531718186019,-0.18391131778994108
0.08653846153846145,0.08836654213366546,0.11655156383782006,0.04847166507573053,0.1501033104098392,-0.10481065381452292
0.009615384615384581,0.15989116517285518,0.14113586044532334,0.06801287803278189,0.04464872865123792,-0.04192371205503498
0.07692307692307698,0.14806547619047628,0.1438159702139965,0.06459494435311841,0.14833614260775763,-0.14414736056939992
0.07692307692307687,0.10310421286031046,0.09558959851681381,0.117949699368457,0.17890160553105905,-0.14804003656449888
0.16346153846153844,0.25262445887445895,0.2433000474243946,0.07288887469991379,0.28584590009164407,-0.21547088666776126
-0.10576923076923084,-0.01041666666666663,-0.009331198836446175,0.0011784873833253773,-0.1411127768557387,0.05399552428906329
0.125,0.2742757242757242,0.30053312629399576,0.0744761666059458,0.25314353353583896,-0.15409142432271328
0.15384615384615385,0.21458978328173373,0.16542682387775087,0.16194436966243408,0.33405689331873667,-0.30449493458781285
0.13461538461538458,0.15208333333333335,0.2322653747141853,0.08209448716466239,0.2515107192831825,-0.20402104623124984
0.05769230769230771,0.07480566427484237,0.10381586326286796,0.05999062591772275,0.12083519064580783,-0.154301142494212
0.009615384615384692,0.12899616368286448,0.11052561142815087,0.1301336539113397,0.07074679136992501,-0.2175862587043632
0.08653846153846156,0.15524649479873354,0.18022605177336637,0.07092410963838525,0.16735587639790306,-0.17423574323247581
0.125,0.21490240240240233,0.27665489272632127,0.08471304550663106,0.2651116595748252,-0.18872367660876888
0.04807692307692313,0.22796052631578956,0.1328738480430276,0.12869679019806013,0.13838573230893259,-0.13251973380463955
0.009615384615384581,0.13611111111111107,0.13029470959037526,0.07272635921791837,0.06825316803708531,-0.1038384057582391
0.06730769230769229,0.0507352941176471,0.09062022310539408,0.059691990091916836,0.060146072788225535,-0.16324241480814072
0.09615384615384626,0.1564484126984127,0.21234011679663856,0.11284362426650063,0.16033558489563843,-0.2577531249959222
-0.019230769230769162,-0.062152777777777724,-0.007867615160742747,0.026278674650872635,-0.08219764024648546,-0.062412918260701944
0.13461538461538458,0.17917035072207482,0.18755096615724587,0.11728924520297879,0.22829488508242457,-0.3188517011147456
0.0673076923076924,0.05949754901960791,0.06394368989788846,0.0928889413592302,0.11919988005586657,-0.15825039411619668
0.14423076923076927,0.10825163398692816,0.14360591462246175,0.14280497434410022,0.271610905845877,-0.28709944079381555
0.04807692307692302,0.10386497064579248,0.08763435106447814,0.08557062467419474,0.1381937267629545,-0.11500935737053941
0.06730769230769229,0.10595238095238091,0.1296713254258428,0.0889410213813786,0.10420964946720801,-0.12493318986239765
0.04807692307692313,0.07589743589743592,0.07581782812197557,0.018867138158818686,0.09658231504646309,-0.07333606941013715
0.0576923076923076,0.1322977821265493,0.18707721699280055,0.03803950863378214,0.087128218192007,-0.054181719001367146
0.09615384615384615,0.07961711711711716,0.13132939555750622,0.07639719602794992,0.10246373217293742,-0.1758209688565735
0.1826923076923077,0.24868421052631579,0.24994727975522357,0.16957214588936986,0.36520032007174336,-0.35404678110904153
0.125,0.14687499999999998,0.18282050288974244,0.12907737941041986,0.2383973981531992,-0.2795619352854132
0.04807692307692313,0.21562812187812175,0.21738328664799256,0.13421301284283949,0.17967504645144988,-0.23606515009690315
0.028846153846153855,0.10228825136612019,0.09862926047176523,0.06096651441020973,0.051584039504347534,-0.12785462134434422
0.15384615384615385,0.12837301587301586,0.18097172575843934,0.09634425129189184,0.2150911869953998,-0.3091598899478438
0.019230769230769273,0.07162162162162156,0.09686763490651495,0.09090676503709783,0.05002815836869845,-0.21563355071997214
0.09615384615384615,0.10322580645161294,0.11897069402103,0.08286812095104512,0.1482061187241699,-0.17754100728546296
0.009615384615384581,-0.010714285714285787,0.010070453173901428,0.08536575508650857,-0.004767474295609864,-0.09976818433145362
0.09615384615384615,0.12127192982456136,0.16581894479941006,0.10740112033649174,0.19909227534826407,-0.21930414902075612
0.06730769230769229,0.20460199004975121,0.17373561639266222,0.037013718155657016,0.15366365203705512,-0.13853484094589796
0.06730769230769229,0.11676587301587305,0.1525935364688794,0.10721635818488207,0.10264216849780394,-0.16247679148267857
0.08653846153846156,0.1072378716744915,0.2028271640321866,0.10230982419680124,0.12008716389896795,-0.21370295022470454
0.07692307692307698,0.13949275362318847,0.17807616293811146,0.08642338183389442,0.13886179342980737,-0.19053781665341452
0.11538461538461542,0.12189440993788825,0.17813310664560555,0.04604081734292398,0.1753560923958179,-0.19439228538052988
0.028846153846153855,0.1775882507903056,0.19758963973780908,0.10363947741735291,0.12489248100559563,-0.17028163038840205
-0.09615384615384626,-0.032868492224476076,0.02424762857793039,0.017612486648832304,-0.15803910790232267,0.06531487390092183
0.09615384615384615,0.1762501594591147,0.19504721327551078,0.004012634474003018,0.16570940730689654,-0.04593979663283454
0.06730769230769229,0.07580357142857141,0.15123759070906717,0.0814037190646627,0.08888250306398265,-0.18472170202194071
0.06730769230769229,0.1696428571428572,0.1990128562508301,0.12003598436984642,0.13882362757465888,-0.1875311950464279
0.0673076923076924,0.07390873015873023,0.09379169489970252,0.02373438732377009,0.10053784620641937,-0.02343931901795182
0.06730769230769229,0.12242965367965353,0.13145015638077617,0.10122327191639413,0.12609115173990737,-0.19147954293005354
0.019230769230769273,0.044191919191919116,0.0877728174603174,0.09794314556985884,0.0192341333939543,-0.18844286468533222
0.05769230769230771,0.09873252783700537,0.15483195574881248,0.06818056132667294,0.10019959037929071,-0.1795564737936648
0.07692307692307687,0.13704819277108427,0.1824286901135419,0.10311654137605031,0.15530062156156782,-0.17919787674626886
0.04807692307692313,0.0960768398268399,0.10834335396261263,0.044783721569435886,0.11501834182439624,-0.08524087027936178
0.06730769230769229,0.09255533199195165,0.16498579737734353,0.09605684629238387,0.11317154148231579,-0.16382363249742948
0.07692307692307698,0.14270315091210606,0.18208558796245367,0.10441940800323302,0.13775302204041195,-0.17731925427781048
0.0673076923076924,0.1335470085470084,0.1393577834684524,0.11091899964172003,0.14310754325042163,-0.1846004908195541
0.125,0.1697781385281385,0.20129860436367292,0.08639150265137774,0.23848105565745392,-0.18673186885620574
0.04807692307692313,0.09479096803040465,0.12577255886752448,0.04693726340533266,0.08127106585440275,-0.12091727608807679
0.09615384615384615,0.21364252186169985,0.19828684188933487,0.11310637296158266,0.20958850634696619,-0.18607052419111286
0.16346153846153844,0.11739130434782608,0.19199678647600232,0.05554716195742515,0.2512680243041814,-0.26109826002243175
0.0576923076923076,0.10980514096185745,0.11776070077153666,0.11239871717713767,0.1019959981246743,-0.1523588426753908
0.028846153846153855,0.1287087912087912,0.13881313194814338,0.09691479864874952,0.08945062868691406,-0.15461146468775278
0.09615384615384615,0.22009132420091315,0.2155305651154833,0.08779151046127875,0.21898077231260854,-0.17333179895899598
0.06730769230769229,0.11899038461538469,0.11681609583797681,0.10478744800105788,0.11302066643691444,-0.23775080577785257
0.03846153846153855,0.19358974358974357,0.19069713033456837,0.06307550780604321,0.12889115680084234,-0.0985486352595828
0.07692307692307698,0.061833688699360345,0.10046934905444249,0.11972400034660247,0.1011275430202162,-0.24352800918726292
0.028846153846153855,0.10267857142857151,0.0890760927455887,0.10761399624102364,0.0672182279111806,-0.21135877591940055
0.009615384615384581,0.13634453781512612,0.0896313344082108,0.06708927693334388,0.029957362604498772,-0.1219301970569393
0.10576923076923073,0.19841269841269837,0.24134927572427567,0.09299819174412016,0.20111579320198625,-0.20733260780337176
0.08653846153846145,0.14009009009009,0.14846369853622077,0.10201537328300425,0.20889124650212182,-0.20659592846024477
0.10576923076923073,0.09097222222222223,0.11073500104051326,0.025709606599704893,0.1947319072261613,-0.1457558384002936
0.04807692307692313,0.12510504201680672,0.14081024966804112,0.0022830283883908953,0.09536718387164789,-0.03756204826118359
0.06730769230769229,0.10053418803418801,0.08092303802194223,0.13036526636222112,0.14146063724683633,-0.13532100037570516
0.08653846153846156,0.14129129129129125,0.1744785148101794,0.1074479014288644,0.17242311790582815,-0.22790549794806136
0.17307692307692313,0.17596541104003793,0.207684822069364,0.11660545491063945,0.2830307541245624,-0.2886166877759784
0.0,0.15261194029850744,0.13495369525156975,0.06970191443929985,0.0267876527959936,-0.08070860801224011
0.10576923076923073,0.17769607843137258,0.1840434419381788,0.10800546095631236,0.20304632335515121,-0.2543309236975071
0.1346153846153847,0.16547888386123677,0.19733339594358523,0.11587888500660459,0.2452358624363017,-0.25760657200712167
0.019230769230769162,0.10193661971830992,0.0827325307934269,0.08732874713144922,0.054738841797706606,-0.19548140243655776
0.14423076923076916,0.1632444132444133,0.2309440802969155,0.11106858684381593,0.2396154402866238,-0.2620808504176008
0.11538461538461531,0.07798295454545456,0.11224141081871342,0.08672175842247709,0.19272329031942093,-0.23179421698764135
0.11538461538461531,0.21408450704225346,0.24165753257824873,0.0985982588480484,0.20877853576912736,-0.25015964995854845
0.09615384615384615,0.09138655462184875,0.10769154569359896,0.07208126691086059,0.15352468708799932,-0.18122991496515528
0.019230769230769162,0.011942918192918262,0.09823705334056798,0.06281206829878971,-0.009507871365692255,-0.15513754301786264
0.08653846153846156,0.20129399585921326,0.20112421490960508,0.09284994245214784,0.174481261636535,-0.18181207300068136
0.028846153846153855,0.12352430555555549,0.11696635355103657,0.06812202250763122,0.08280958601739963,-0.16462212133941934
-0.028846153846153855,-0.010661095039108504,-0.010992494209604131,0.08661895004938891,-0.045753526330134076,-0.07082416413251036
0.09615384615384615,0.18626933895921238,0.21999621704777528,0.09925083798301138,0.21607194122001705,-0.2700556823322612
0.09615384615384615,0.21291866028708128,0.19817450982004514,0.0069127327522277016,0.16326221766921944,-0.15046399985047176
0.06730769230769229,0.07167379275653918,0.12416546086439118,0.11829122538109405,0.10892218921289865,-0.19940110989566984
0.0673076923076924,0.06746031746031755,0.08978870761051305,0.08815717610182372,0.11084547747581958,-0.19155406023048915
0.09615384615384615,0.23051808266360507,0.22157679399689922,0.12706166181652334,0.22465716465515734,-0.29114729488155167
0.04807692307692313,0.16130514705882348,0.19813424982203132,0.03928696448310043,0.10073594181216527,-0.06569335494645934
0.125,0.2967844202898552,0.2582977262865096,0.12640198949550285,0.2477055699219543,-0.24690426673903026
0.0,0.07845098741837864,0.14364287673111198,0.07226807756241815,0.0019485173911405473,-0.09983779324442976
0.15384615384615385,0.23120555799267495,0.2595320837102355,0.08768798137192291,0.2933244726405423,-0.21653308997783816
0.028846153846153855,0.07904812082894275,0.06980409184950576,0.16972837696905807,0.09226069334888043,-0.10947317993499439
0.05769230769230771,0.11738095238095236,0.15598826484555917,0.061089241116753956,0.12049599415156115,-0.10648295972617738
0.125,0.1819240196078431,0.17282666289647508,0.10384853523253024,0.23839433494944834,-0.23053456765362645
0.05769230769230771,0.12689393939393945,0.17553973589234728,0.09399623335826912,0.1488191603364391,-0.23063703227405452
0.03846153846153855,0.19407894736842124,0.1550205303550144,0.08547226541186193,0.12833988953958536,-0.11585696578012983
0.08653846153846145,0.1004385964912281,0.09901523748236374,0.07316455568093516,0.15702272214654495,-0.14542614108516294
0.09615384615384626,0.19817578772802658,0.2124701128698323,0.07549582143246225,0.20168490146482965,-0.1911095532928654
0.028846153846153855,0.1037644787644788,0.13121890665289226,0.04487027916219455,0.07581166248727778,-0.0982906931111941
0.038461538461538436,0.2148247322297956,0.12273608695737037,0.1031410696333348,0.13142208579962378,-0.09725792830196589
-0.009615384615384581,0.016865079365079416,0.037773807819964866,0.03859791312358296,-0.010672673687310286,-0.0571724177816032
0.15384615384615385,0.2428426769768941,0.2795936821798891,0.14776767036387628,0.33773504734692955,-0.31278725565471815
0.09615384615384615,0.17142857142857149,0.18139904527126727,0.13482781926176268,0.19092159319340535,-0.2585108253161188
0.13461538461538458,0.1831824279007377,0.24129633091510527,0.15048734439259293,0.29845824612187827,-0.299182280251882
0.06730769230769229,0.15254086709310588,0.18407018502438355,0.012161310628220123,0.12805755265867086,-0.11842671679075012
0.028846153846153855,0.08566252587991718,0.09623128715785623,0.09414464650345433,0.061932638781321936,-0.14813270944608004
0.028846153846153855,0.1459239130434783,0.15108050225899194,0.1011365990735571,0.08978923315199172,-0.17108111157486772
0.038461538461538436,0.015384615384615441,0.03318713531799633,0.15688542773674097,0.03680526082755964,-0.1187944451718912
0.07692307692307687,0.0713736631016042,0.09377182731490685,0.08097816523211587,0.11296717441811255,-0.17359400736540676
-0.019230769230769273,0.02083333333333337,0.023828878101741724,0.024206483997584516,-0.03329502850763977,-0.03494782628254023
0.028846153846153855,0.07613921404682278,0.12113734028862955,0.04805207514704213,0.03533986541632167,-0.12729975256796844
0.11538461538461542,0.19248459873459878,0.2542769973691027,0.051975431114736015,0.18770964471730067,-0.16154370297849968
0.13461538461538458,0.19861111111111107,0.22844130221474634,0.09237242856033512,0.2344779029866178,-0.2702625587543932
0.10576923076923073,0.08514718076285244,0.08893777837733374,0.0366356795736259,0.16628400756921852,-0.13087130362253907
0.08653846153846156,0.0626984126984127,0.07282309704184708,0.0852507567055063,0.1469260897966228,-0.19314081641339675
0.1826923076923077,0.2528273809523809,0.27594834511047717,0.1418177831903512,0.3318072510143243,-0.33509509752988365
0.14423076923076927,0.2203947368421053,0.2651040262219359,0.10318656696088047,0.2593665960513155,-0.2076790202586858
0.07692307692307698,0.20049019607843133,0.16878250533141836,0.07328431770236599,0.1598053293258524,-0.12487350416997078
-0.028846153846153855,0.12424242424242427,0.07913747610234678,0.09773621483126216,0.016521459621348322,-0.11389096795637577
0.08653846153846156,0.1252955904854639,0.1773216893865628,0.13568638964226143,0.21487972843685843,-0.20039789613994252
0.028846153846153855,0.2034181096681097,0.2040647320602667,0.10993929131614377,0.11367477199404818,-0.07581192959834804
0.05769230769230771,0.11458333333333337,0.12741660579337433,0.08467213289046693,0.13696039903254392,-0.19818628331901822
-0.009615384615384581,0.0865655471289275,0.1128210697191514,0.06090571129845235,0.026110427691843408,-0.10798282127630021
0.125,0.14811291649526948,0.2120283269143718,0.07063943300828346,0.20451787549708483,-0.1716819488447665
0.10576923076923073,0.22349561715233346,0.2255254457740422,0.09847090429724048,0.20356343694811252,-0.19524084736199498
0.04807692307692313,0.1511904761904761,0.14466532177298008,0.05215809409888361,0.12963312404326316,-0.13744261999261365
-0.009615384615384581,0.07209702062643242,0.09024756551592106,0.07465227293263343,-0.002061977805177473,-0.05870750837393335
0.009615384615384581,-0.010714285714285787,0.006488189949994672,0.04360077364279047,-0.0031816260731535317,-0.046792410644231563
0.06730769230769229,0.12984237984237978,0.14597927356715812,0.041700542875989566,0.12255063716837472,-0.11552314380696127
0.05769230769230771,0.14222222222222214,0.15679164858431638,0.13718631192198316,0.13593737193225908,-0.2674404117428222
0.019230769230769273,0.10964052287581705,0.09695065469971886,0.0634882513017242,0.09122664680230624,-0.15008983492590855
0.0,0.23555555555555552,0.16318067897015254,0.11306025239445583,0.09399180378674837,-0.1678235085884543
0.07692307692307698,0.11836468616129625,0.10246033223049356,0.06788730970608425,0.13721180690299628,-0.1509690948737895
0.009615384615384692,0.12872023809523803,0.1282178214862556,0.09070666124170923,0.07037719375772267,-0.14262324614238997
0.009615384615384581,0.06833964646464641,0.0625306573075336,0.06734265538449002,0.042077390384546776,-0.12412717809435436
-0.009615384615384581,0.10980861244019141,0.11304843135506754,0.16133001191086005,0.058534658064186895,-0.16692339415218005
-0.028846153846153855,0.12101449275362319,0.11211802077900657,0.033450810803955955,-0.009000989018533523,-0.04619070161296579
0.05769230769230771,0.15183348767813964,0.1784753133576663,0.09169074168854341,0.12196423785809918,-0.1705070029736614
0.05769230769230771,0.1734453781512605,0.13480953097674153,0.05037132490803464,0.1274330629625431,-0.11695120906163214
0.11538461538461542,0.2057224025974026,0.2094534211163751,0.05128981269851707,0.23343334319833248,-0.1807044048855596
0.08653846153846156,0.17499999999999993,0.21502067527237434,0.08766716074583303,0.15559908611976325,-0.2025559345698259
-0.009615384615384581,0.025412087912087822,0.06718035471511552,0.06140713887588789,-0.023534994596238312,-0.06898450767847442
0.05769230769230771,0.1811561561561561,0.15994662904792417,0.04582154008000938,0.13509907730682397,-0.11566173433326099
0.13461538461538458,0.2194819819819821,0.25607840379352664,0.15281350365600332,0.23200906936355864,-0.36892661016979683
0.028846153846153855,-0.005658953722334048,0.04123950833046941,0.06346955024709633,0.0013591029222973505,-0.16442550058578287
0.038461538461538436,0.08333333333333337,0.09809282921155715,0.05049818840579712,0.07816282576119082,-0.10079923533843327
0.23076923076923073,0.27204816709292406,0.31291138334933954,0.12769282686259453,0.3822890351379328,-0.37789917415518426
0.019230769230769273,0.1635021097046413,0.09372204631486458,0.06081945952182599,0.06910432221905838,-0.08571739343299034
0.06730769230769229,0.0793133802816901,0.11679661125974605,0.14183442669908342,0.11594275550746841,-0.20132994935630388
0.11538461538461542,0.11001082251082261,0.1912029617443779,0.11662040581245892,0.17994520899535787,-0.27676583393325416
0.07692307692307698,0.20359848484848486,0.17221315812681892,0.14628648944020262,0.17857008241434075,-0.2765954587145149
0.11538461538461531,0.17811355311355315,0.21009582767978285,0.06096089909104141,0.21506788675138544,-0.1592478970786756
-0.009615384615384692,0.09726438962681849,0.12507537343419983,0.041355007075584704,0.01842369444564307,-0.06437033932624348
0.09615384615384615,0.06389831573655103,0.0817026400875549,0.08746994693698062,0.14983007466049675,-0.1999941699079817
0.08653846153846156,0.23770998023715417,0.2196973057999384,0.15974363703150518,0.2317709795556806,-0.30449141314952677
0.09615384615384626,0.1183035714285714,0.14838925306192863,0.11699856555272281,0.15385552562389138,-0.1843768440968523
0.08653846153846156,0.14640070074852685,0.16884331116038442,0.1015779282148278,0.15963728519265852,-0.22005328695857773
0.10576923076923084,0.17539018952062424,0.17225357909280653,0.050441589323411806,0.1995095508118982,-0.1658877141765438
0.009615384615384692,0.003472222222222099,0.025407682031499568,0.10413159513439219,0.0011104118201272217,-0.24818816166039026
0.06730769230769229,0.06811594202898552,0.13696065280572323,0.05973567466463148,0.10044550933698793,-0.14531119426583206
0.09615384615384615,0.14268018018018025,0.22919015850050334,0.07564884586396048,0.17477831862814147,-0.22456943146021802
0.08653846153846156,0.19748348057171583,0.19614004096955262,0.08182400815096103,0.2209299987806712,-0.21327158398860846
0.125,0.17673992673992678,0.18521869944959146,0.12028718361820445,0.24048438084603097,-0.2458218133921587
0.125,0.27574143692564745,0.21503214240938406,0.1936878009026003,0.3081509329807564,-0.36935273140886715
0.11538461538461542,0.186797552994736,0.18375610772669593,0.09247177591912314,0.2168527916598586,-0.23316562691592135
0.08653846153846156,0.13854166666666679,0.1499035741161725,0.15248871797360242,0.14752517255105324,-0.2849378948059621
0.009615384615384581,-0.017059178743961456,0.036677875044663355,0.10043774303338182,-0.030739090519916745,-0.15429741901732563
0.08653846153846156,0.29507839721254353,0.24086462027638494,0.13332979182064553,0.1620709519853068,-0.21964652654890615
0.13461538461538458,0.09823717948717947,0.15050754518621323,0.05509699794016776,0.2102918346713446,-0.1866558249450665
-0.019230769230769162,0.1782749858836814,0.13238753999623554,0.08331438024076276,0.07541920088990328,-0.13741230038517083
0.08653846153846145,0.05291375291375289,0.069808544198669,0.09285769438546487,0.12121206979225435,-0.1755615075477419
0.08653846153846156,0.14603174603174607,0.1689873963015619,0.15068516201981386,0.17974070429980482,-0.27350084004513653
0.038461538461538436,0.14037385189437424,0.16332781682467035,0.05724808295376427,0.09147439579179584,-0.09732044060326295
0.038461538461538436,0.08426255117431591,0.1305354222912235,0.08179686802573194,0.06845977895918487,-0.17039940958943922
0.09615384615384615,0.1672888386123681,0.1907339967611661,0.15970130538551375,0.19853742245650013,-0.2929298579440309
0.11538461538461542,0.17041047188106007,0.2058496007859335,0.02877431123206531,0.20821548814474988,-0.10636540665743943
0.06730769230769229,0.23745529832486356,0.1954055943913956,0.10503694152160326,0.18524592272578072,-0.23928271503212095
0.07692307692307687,0.1239801864801865,0.1333044718018338,0.06622496610089657,0.12899368517860021,-0.18270360030886346
0.03846153846153855,0.1266869095816464,0.1541753744339951,0.08960709117726773,0.08974381459341807,-0.18478274238097436
0.05769230769230771,0.1896853146853147,0.19009430543913308,0.0527874162844032,0.1333154146063673,-0.0930062610000637
0.10576923076923073,0.15447402411021816,0.17479474548440055,0.06747686220252769,0.18029665456899313,-0.1649801966336173
0.009615384615384692,0.046875,0.08392804091333506,0.10282203193708928,0.036957383362097196,-0.14894650207303806
0.0673076923076924,0.11731117141564895,0.1260624718071527,0.054151695505095465,0.11530370836895432,-0.08044800494296755
0.019230769230769162,0.09305835010060348,0.06483655731386317,0.13757062577485113,0.07337579113976589,-0.1978460903035863
0.08653846153846156,0.09006410256410258,0.10070928194850903,0.10595720504974748,0.1497296147988258,-0.22370821472642222
0.028846153846153855,0.06047996121525523,0.0848622433297388,0.11299287465367869,0.019759799699304414,-0.24756455029522684
0.05769230769230771,0.22466090672612415,0.17482803638269673,0.04294983856895662,0.09831203055158633,-0.17912814939422161
0.038461538461538436,0.09375,0.14405102552314197,0.06644570707070707,0.0751110028581986,-0.06773028051974572
0.019230769230769273,0.03205931495405179,0.06711330997045284,-0.033729064602714076,0.029361731125375823,-0.018234924240916883
0.07692307692307687,0.24826388888888884,0.2249810694947234,0.11880693826855504,0.17132172908543164,-0.20690374108430376
0.05769230769230771,0.10570652173913042,0.10871737750521171,0.12889979365127835,0.12692323748511775,-0.27209919581613806
0.10576923076923073,0.22166666666666657,0.24336947327543024,0.09425101744567288,0.19558111435764813,-0.24709910917349198
0.06730769230769229,0.04301948051948046,0.1134746206174777,0.0994861221579314,0.09159275666745725,-0.1908742194322186
0.06730769230769229,0.10702736318407957,0.12162844584719579,0.11822136355476076,0.1012573196707795,-0.2305891914091388
0.10576923076923073,0.16054292929292924,0.1933815747776264,0.07196526786611823,0.20175561047635665,-0.1896363134788156
0.06730769230769229,0.13566832983193278,0.14784113352694894,0.10472575394930494,0.151135025674018,-0.14866030590611212
-0.009615384615384692,0.09730919765166335,0.09179872559244906,0.050856775890606,0.03849471403205368,-0.05657827650631775
0.08653846153846156,0.11193693693693685,0.1401199407175685,0.11542029980479829,0.1267281975351356,-0.2326629501504861
0.09615384615384615,0.19039975144987575,0.16803943306812746,0.15276845909825676,0.1674306553019071,-0.3334104186509027
0.04807692307692302,0.2070238095238095,0.20529561338206315,0.09674262661465305,0.14006394912666975,-0.19741896130984066
0.038461538461538436,0.07467948717948714,0.11244062374240393,0.07446890543367979,0.04425297033024145,-0.14677491910997953
0.08653846153846156,0.18778133143804787,0.21964605603125537,0.07986195963175147,0.1523015980068425,-0.18350347482894747
0.125,0.20996534764140395,0.27130105783935665,0.08497083374612835,0.22060701015422923,-0.19716205250915508
0.04807692307692302,0.12672499644330637,0.20692934413040076,-0.0035282237386065063,0.07219741776537159,-0.13529257502190084
0.09615384615384626,0.07663968451639691,0.06006523710722422,0.07526327320879012,0.1608597398180001,-0.21072604150777596
-0.03846153846153855,0.03249999999999997,0.04988717954418609,0.07146434312295247,-0.05243570699158051,-0.09571085399839852
0.019230769230769273,0.06396588486140731,0.06483225831431849,0.016040991730160492,0.062125793679555064,-0.05725964764096858
-0.10576923076923073,-0.08889253862079949,-0.035628213801361164,0.013181435096281557,-0.21557203071598946,0.09317404865811163
0.09615384615384615,0.11719457013574663,0.1393541327193858,0.08552540540370146,0.16354675315906197,-0.1919262967282942
-0.009615384615384581,0.1032608695652174,0.09508084508084502,0.02425677502436807,0.013833734092752015,-0.049349845846679785
0.09615384615384615,0.1502525252525252,0.18985402605552792,0.09436576319994738,0.18216767183833504,-0.19241494533460624
-0.028846153846153855,-0.0025066844919785503,0.023888981795039732,0.036783930328649794,-0.050186716034500534,-0.04351396245354211
0.17307692307692302,0.23390191897654578,0.24213637979581526,0.08936840137768187,0.23472690066736263,-0.26802280487761654
0.13461538461538458,0.15988805970149256,0.17544997603137147,0.1351138583962238,0.23047822244794197,-0.1832464368611617
0.14423076923076927,0.2650058275058276,0.31075454346977516,0.038908665775911566,0.2511839812682203,-0.16714517203889823
0.08653846153846145,0.17293233082706772,0.18028603207229532,0.07458058998142003,0.16331570263042283,-0.13446287716226868
0.16346153846153844,0.20724538619275462,0.2125416616661237,0.16714691851397878,0.3012135801012402,-0.3700311455408196
0.20192307692307687,0.17799086506713624,0.23193005108336529,0.14928771034566546,0.31901440394331304,-0.38290600563390886
-0.06730769230769229,-0.03229166666666661,-0.01393371302741997,0.05418949540043294,-0.09936933404881515,0.02660502271834364
0.05769230769230771,0.0690040318186772,0.0722381929492596,0.08134682934958881,0.09636641759724596,-0.03857429679297564
-0.019230769230769162,0.05936771561771559,0.07926586989702156,0.02418669578664545,-0.027338520646070563,-0.0024715755165709563
0.08653846153846156,0.13888888888888884,0.13140660373622243,0.08806844867307384,0.15519300587644053,-0.17404089020107294
0.05769230769230771,0.1964285714285715,0.21243738134149104,0.0851577791378969,0.15391430353357227,-0.17798755491690166
0.03846153846153855,0.1020833333333333,0.1293408903308053,-0.0018732142495103687,0.061837652916321706,0.025990879034470615
-0.009615384615384581,0.07139525586353945,0.10079056992560842,0.06566048837960858,-0.006025032540315278,-0.030587356367202667
0.009615384615384692,0.14384057971014508,0.1009011300035142,0.06508703802861027,0.06126588668046329,-0.09576253065223561
0.019230769230769162,0.06493506493506496,0.056129287844891906,0.0535472045011518,0.06591302752238215,-0.056944989410853575
0.04807692307692313,0.1422619047619047,0.11592844536098601,0.08030367765083557,0.11929653850808702,-0.10790389920940224
0.03846153846153855,-0.006475903614457934,0.09991063588134286,0.08286698412320481,0.04052667234606783,-0.1617847533847374
0.08653846153846156,0.09226190476190477,0.12499772570424739,0.08167195433426988,0.13099659398242297,-0.2181714337745284
0.17307692307692302,0.31192106979778217,0.25525385831709024,0.23911869969090505,0.33932043636608905,-0.3319646560990663
0.08653846153846156,0.1303418803418802,0.18325386047160241,0.054719284033555304,0.11243050701803714,-0.08903675888267826
-0.028846153846153855,0.03970588235294126,0.03713272340130591,0.09816874100070239,-0.025946969938611453,-0.11481600806959713
0.07692307692307687,0.21825396825396837,0.21931245915503783,0.09696994589842733,0.16594155002239108,-0.19094252639279025
-0.028846153846153855,0.013636363636363558,0.05225419603683967,0.06621869405122605,-0.041605336473951704,-0.1274799605734258
0.21153846153846156,0.24347826086956526,0.2973303868981464,0.13266392399891858,0.36004767979940344,-0.39977934447420993
0.11538461538461531,0.1945273631840796,0.2192133898143026,0.11475179270006541,0.2205902694280632,-0.21741618990869727
0.09615384615384615,0.14189189189189189,0.2013477745538691,0.07063563326021782,0.18978223147924567,-0.16481386506654117
0.1346153846153847,0.18424703406046694,0.19715679665457153,0.13146697024938558,0.249389129472546,-0.32626619151087943
0.028846153846153855,0.0632210255497927,0.10589848978154837,0.04160129741719665,0.02605773249852089,-0.0943011151011589
0.10576923076923073,0.18333333333333324,0.2094740009025723,0.10310925542527893,0.2211052677217702,-0.23041376035153693
0.125,0.11389481165600568,0.1943490648986006,0.05743551492873644,0.2090851697075986,-0.18437680627889064
0.028846153846153855,0.1777330650570088,0.14376260510393546,0.05345498132024984,0.13819876877068854,-0.1627537298965892
0.10576923076923084,0.17651098901098894,0.16259220824079934,0.18325483259004471,0.20066064484043833,-0.303713006418613
0.08653846153846156,0.1740196078431373,0.1998923967064159,0.0340000653819581,0.1741225075017775,-0.13397262084591088
0.019230769230769162,0.06450320512820507,0.08544061302681993,0.04654986539280925,0.04004059767722579,-0.05005656408164216
0.019230769230769273,0.042986425339366474,0.03437499999999993,0.06844434409577183,0.04099477673690555,-0.07908073537944926
0.07692307692307687,0.12404761904761896,0.11142926222713445,0.048746407414692716,0.1338285184180636,-0.09129630735145222
0.13461538461538458,0.14035087719298245,0.17879234867057986,0.09996717336820315,0.20408466916686752,-0.2245813260697488
-0.019230769230769162,0.1647727272727273,0.11692616846069537,0.11469230926774243,0.059513710454309365,-0.12888433724831283
0.07692307692307687,0.1955770944741534,0.1689630886679615,0.0736635355210401,0.16252969743757817,-0.2277217810866718
0.13461538461538458,0.15760869565217395,0.16763480235640094,0.14211955712165614,0.21704612869958184,-0.25604850703547216
0.13461538461538458,0.15059722885809845,0.15396707935938603,0.13005744626154303,0.23574460029044064,-0.2268711448434242
0.14423076923076916,0.13523119392684624,0.1930091944681337,0.12147183242962245,0.2737338692500704,-0.23586891415830236
0.0,0.029677134011499406,0.043569893112227254,0.10920566273172305,0.0023957698274481576,-0.1347924359820205
-0.04807692307692313,-0.0051470588235295045,0.003553046169842644,0.023256397647878457,-0.08517595698043301,-0.03102491312815958
0.06730769230769229,0.05022522522522521,0.08924014980504602,0.029156737529914656,0.09078948292002925,-0.0584487189849604
0.08653846153846156,0.11458333333333326,0.18693214340371933,0.08230487620772942,0.13352341785489513,-0.2005469324575625
0.15384615384615374,0.23923925339366525,0.2706158915905431,0.14582590368254844,0.26773435510716903,-0.31476189205929894
0.10576923076923073,0.12907608695652173,0.09163731149025278,0.06358979382905394,0.20534697118713102,-0.21729889016128212
0.1346153846153847,0.23225108225108226,0.26005798270455405,0.12236669781487186,0.27218149158071986,-0.2552252936949194
-0.028846153846153855,0.035570263873060504,0.03394261441317503,0.04445744831216625,-0.03128464067877723,-0.08498108636486146
0.019230769230769273,0.12017543859649127,0.11292480694637197,0.09141048271000973,0.10081088543646993,-0.11667149063536897
0.17307692307692302,0.21973981900452477,0.25462408800729586,0.0982663069648726,0.2801998929464828,-0.29851942126074094
-0.019230769230769273,-0.038461538461538436,-0.0288016385689589,0.09534085285108274,-0.07092605003874108,-0.0760749804331553
-0.028846153846153855,0.0744949494949495,0.0642934674479354,-0.003833084903502648,-0.02929841542936029,-0.049115557509194496
0.08653846153846156,0.18487318840579703,0.18734315109527333,0.11706149442709424,0.1714706100064804,-0.22895005413336722
0.0,0.08209843638948122,0.07468540359140508,0.059132483086547394,0.021193752096963947,-0.13971747403225632
0.1346153846153847,0.210309652029826,0.3118887727669668,0.11650443321037851,0.22698463173512,-0.2948370148092472
-0.14423076923076927,-0.07181631455399062,-0.07941748034943008,0.02053659103280192,-0.23637255980508565,0.076886270824435
0.17307692307692302,0.20319237147595348,0.2428120653526441,0.11161142485037356,0.25385155431915624,-0.19823590662241874
0.14423076923076927,0.1982323232323232,0.297546023537417,0.1298795826765664,0.2389731459945056,-0.299140428767416
0.11538461538461542,0.2641402714932126,0.26114041044587244,0.038905082205568764,0.20165040219652913,-0.07898149864208792
0.009615384615384581,0.01984126984126977,0.09058085876971322,0.06163419227088107,0.00041655839728582666,-0.1488503731867511
0.08653846153846156,0.07661126187245593,0.12393353174603183,0.0767964814497204,0.13560673047603566,-0.25007423348412616
0.09615384615384615,0.07214912280701746,0.09416752710376874,0.07438027824450777,0.17979907002349876,-0.16824268076635351
0.038461538461538436,0.16046785283028175,0.1851607585519991,0.09482399829517552,0.09969702189712337,-0.20093897077156164
0.04807692307692313,0.07679738562091498,0.13652649051359,0.06746751025991782,0.07005808036473526,-0.11574826848339659
0.14423076923076927,0.1540890269151139,0.22813013136289,0.10237779335277175,0.2311445443838367,-0.27046369703475015
0.038461538461538436,-0.028921568627450878,0.01424698517904821,0.09361087134780544,0.014137601012988221,-0.08680220233069746
0.05769230769230771,0.019736842105263053,0.07498204915769113,0.027381390943760797,0.05490510783512703,-0.14015794588223063
0.028846153846153855,0.1036231884057972,0.08861919734012746,0.03597711037292439,0.051599763688631395,-0.10034397131552564
0.038461538461538436,0.11949200913242009,0.14056536005065412,0.03980816808245502,0.1000342964682831,-0.05294778408033829
0.04807692307692302,0.054274891774891754,0.08079059471184213,0.02729832942576582,0.06997917165734291,-0.06328183694146627
0.028846153846153855,0.13024267399267397,0.12428481395872693,0.057962631986069435,0.09243069068093457,-0.0601363799705984
0.05769230769230771,0.14803921568627443,0.147461828963377,0.07927449622636162,0.11601815018387995,-0.1365706610929267
-0.009615384615384581,0.031170886075949422,0.017645213642742852,0.09615798183543844,-0.004953739644206312,-0.12861017164558985
0.04807692307692313,0.11356658047834522,0.15067464041912282,0.033821515044473616,0.08372219582710039,-0.10388110420882524
0.09615384615384615,0.11042568542568554,0.13934908231168064,0.09761242355121724,0.13977402430620578,-0.21777881861308435
0.09615384615384615,0.06418269230769225,0.11712480491501576,0.07897435139533138,0.14621202483137535,-0.20440462877687215
0.125,0.2015556906861254,0.2074774959083469,0.10467843912120534,0.2447299495563408,-0.25211936183143024
0.019230769230769273,0.13435897435897437,0.08991946741114576,0.12749032445437114,0.07686770879839633,-0.16965107297569904
0.14423076923076916,0.1623498498498498,0.19210332880409603,0.14884771785515483,0.259053360363374,-0.3281192541006178
0.07692307692307698,0.11745749721293208,0.14936875166170838,0.12103361991269601,0.13202557908866303,-0.21097735051158317
0.04807692307692302,0.18172268907563027,0.17188901741533325,0.04718682409965369,0.13869953992055245,-0.05709351687539521
0.07692307692307687,0.1551340592436482,0.21185470032505715,0.11738194042335115,0.18292999783199393,-0.2468748578543667
0.11538461538461542,0.13187380215243993,0.10062607643252808,0.07530020403835336,0.19770823208721394,-0.15769250088972064
0.10576923076923073,0.14142628205128205,0.15632062737343122,0.09200625219727698,0.19969560124535984,-0.1205356101733559
0.0,-0.01749999999999996,0.02734362189054884,0.058799037981009605,-0.027971357825106513,-0.14320745870522855
0.09615384615384615,0.3606601731601732,0.25166098001306203,0.08482873067327446,0.2455402052404777,-0.17876399828438005
0.05769230769230771,0.19116632160110414,0.15807916568026348,0.08600596382361347,0.14320015669727493,-0.17818995328739862
0.17307692307692302,0.2091074681238616,0.2541492980897563,0.051093476439304175,0.28563591808349,-0.17109264123154844
0.09615384615384615,0.1777306290755658,0.15627656657068417,0.13580080934813232,0.26348348343385264,-0.2554066306395827
0.11538461538461531,0.1936936936936937,0.1857197191555512,0.0896818868557997,0.19172564587531177,-0.21009121768846128
0.04807692307692313,0.12858851674641159,0.16704811625278215,0.11443877102758826,0.08280620896254598,-0.23868834356889335
0.019230769230769273,0.06967671194114322,0.08279441390051245,0.04887806178554621,0.04536969520367384,-0.08792838320092555
0.0576923076923076,0.0980392156862745,0.13138511378705753,0.11644017536092444,0.09200760086224702,-0.15472692981233827
-0.028846153846153855,0.08026315789473693,0.05329297668297339,0.08960834899956382,0.013447725655644782,-0.10116732800487027
-0.009615384615384581,0.07719780219780237,0.10960887376315631,0.007861541169435715,0.006524247464569588,0.02127228757831534
0.13461538461538458,0.11527446799615382,0.17596534581728007,0.08202843189549403,0.19291539622154574,-0.25902385517897575
0.04807692307692302,0.22152777777777777,0.15753585436067175,0.11170484650750445,0.11647278973283393,-0.1597869247754073
-0.019230769230769273,-0.005882352941176561,-0.023217539317222924,0.04161718706066253,-0.021747050103711696,-0.07840229901821288
0.11538461538461531,0.14845938375350154,0.1844946679742696,0.06540877241047927,0.18677965797185841,-0.2148935799930871
0.08653846153846156,0.1641087516087516,0.12741445137646235,0.06921151871229869,0.18941684369369027,-0.1837876370666096
0.11538461538461542,0.14791427477994634,0.20060734307103484,0.045750725795957514,0.18295432949956336,-0.14375965959687143
0.20192307692307687,0.37673611111111105,0.34953539860483873,0.10209379803469476,0.40047961440778174,-0.2699419000394145
0.09615384615384626,0.07261345852895151,0.14471734840181127,0.05706578953678343,0.14546646449927564,-0.17125423179266608
0.05769230769230771,0.12862318840579712,0.16812347630773872,0.12678642576110066,0.12082994446415973,-0.21923033350328414
0.06730769230769229,0.16133817163228925,0.20043473745134388,0.0485905849851318,0.12097480849666631,-0.07609963209626991
0.05769230769230771,0.09054586965545863,0.07698467721368829,0.07150696407894375,0.13348468564012672,-0.15284219058488546
0.17307692307692313,0.2503623188405797,0.2760031228426276,0.12153693546143829,0.3338594331147676,-0.298723533930097
0.16346153846153844,0.2343653930610452,0.24786801433653471,0.13217845123151073,0.3302699173615146,-0.32481138989617275
0.09615384615384626,0.17433832507361913,0.20586425859457247,0.07901524463205822,0.17467382925532482,-0.17672203603758363
0.03846153846153855,0.03766233766233773,0.10724056706875007,0.1214745502877922,0.06285783503477499,-0.11658784812522605
0.04807692307692313,0.14460397897897903,0.16076943935468935,0.03723649075211577,0.10240151634900596,-0.045413383128110385
0.04807692307692313,0.07526106934001675,0.10711237114689798,0.10771382074470348,0.0792516357069537,-0.20234476500861387
0.10576923076923073,0.12411924119241191,0.1281570495342339,0.16609303652895535,0.20475869416785064,-0.220761433244132
0.16346153846153844,0.18429487179487192,0.23523084104029846,0.06392869985671112,0.2707717057581437,-0.2595621465122778
0.028846153846153855,0.10347222222222219,0.1324794737803242,0.04245429687692748,0.047593634016722675,-0.11036412015173858
0.07692307692307687,0.13711314749780512,0.13816819186494156,0.09480598730655965,0.1405894206649041,-0.14409646931739123
0.028846153846153855,0.08712121212121204,0.14050083440052974,0.11695388018043062,0.08043548186013266,-0.2470915190345222
0.04807692307692313,0.18591269841269842,0.1514091690095991,0.14904137523159022,0.11529713029400579,-0.24587907557038963
0.05769230769230771,0.04653679653679654,0.08593651403330682,0.1085308962852014,0.06467948018288988,-0.2344330595087658
0.05769230769230771,0.24435618729096986,0.17869345966938188,0.1469523921229705,0.14133061605904518,-0.23859151190473904
0.08653846153846145,0.1158088235294118,0.1742794549569069,0.048194516485801864,0.12280876426890008,-0.16748484553239074
0.20192307692307687,0.33456670956670964,0.3419468044107554,0.18644181736965248,0.44036575134208167,-0.3946286111342585
0.0,0.047124413145539834,0.09940078700642074,0.04973312363540239,0.005124981344812651,-0.06772636676205224
0.08653846153846156,0.0866385630498534,0.13741658764507497,0.11104126741741716,0.14705072133214508,-0.20460748114192984
0.10576923076923084,0.22972684592402903,0.2190833360188199,0.14640982623765897,0.19965802262211624,-0.28798396391871695
0.15384615384615374,0.16014350945857792,0.23447397595375757,0.07678596365232293,0.25021242247023584,-0.21579404145393655
0.009615384615384581,0.0728691019786909,0.07012189652470702,0.0844458559289546,-0.0035946898465136767,-0.10536647329032711
0.09615384615384615,0.23888055972013988,0.20823583662714085,0.09099583262266342,0.1957150696460267,-0.22136640762094795
0.019230769230769273,0.05103957075788068,0.10084408345277918,0.06866942219620908,-0.01057733571948749,-0.1084770894510958
0.08653846153846156,0.17515991471215342,0.18035528679619772,0.1637391903710318,0.17274404257826864,-0.3087598795299502
0.04807692307692302,0.19345238095238093,0.15678063362813427,0.0071816378066377196,0.15263854353370482,-0.15371754712541386
-0.009615384615384692,-0.012237762237762184,0.01946165955635215,0.098892597376816,-0.021153432306011022,-0.14308517135793208
0.05769230769230771,0.10877766599597583,0.11616144558921138,0.07731116054515708,0.08677553694089157,-0.17043349316701928
0.05769230769230771,0.16055107526881718,0.2005743916812619,0.1001144413668007,0.11643524919640735,-0.13174775024521412
0.07692307692307687,0.04197252023338971,0.09423421236006735,0.06533482395588464,0.0727553234615832,-0.16364561765774566
0.05769230769230771,0.06536458333333328,0.1059662927655256,0.1052134197586434,0.07216509854987219,-0.2426540937082864
0.028846153846153855,0.10595238095238091,0.10157774704961631,0.0697895824996666,0.08626413118177695,-0.12788173402229885
0.04807692307692302,0.06614518472395181,0.10487432340167935,0.03951859838732963,0.0835809844836381,-0.0982571989487836
-0.009615384615384581,0.05680720245937643,0.07951388888888888,0.056867095523359334,-0.015902519743153487,-0.06853744295474828
0.009615384615384581,-0.0049479166666667185,0.04861188643413983,0.08162267193850126,-0.0012334857394605825,-0.14657301572402825
0.07692307692307698,0.20045908039329097,0.24004243131759906,0.07607580027252381,0.16067147125342707,-0.1274627473502411
0.028846153846153855,0.05769230769230771,0.05688877246303803,0.11962154885387821,0.033597711370814576,-0.19048471714771187
0.0,0.018939393939393923,0.07411032638031423,0.0030580569596645457,-0.00864542413635433,-0.04275853877224167
0.10576923076923073,0.2194416498993963,0.22844898257941737,0.1351413040278442,0.20603308988889923,-0.25298355587776455
-0.028846153846153855,-0.03880952380952374,-0.014525991250129211,0.08263655049605179,-0.07877507755307445,-0.15442404963287204
0.09615384615384615,0.15423728813559312,0.19082054309327035,0.09649982376391486,0.1598275662789984,-0.25330302080879585
0.028846153846153855,0.12289915966386555,0.13084451960767518,0.1468421743697479,0.09278123336707123,-0.2343138021142277
0.04807692307692302,0.12724358974358962,0.17164157595664453,-0.017663410197735208,0.08585024077818965,-0.11554262252053427
0.11538461538461531,0.1886160714285714,0.19896185866608995,0.00905338083157503,0.18599066674545472,-0.12470904438256802
0.04807692307692313,0.08432539682539686,0.11142128302306531,0.05543103538795624,0.07314094434058438,-0.14258571801920783
-0.009615384615384692,0.11294642857142856,0.120621576440195,-0.005053730117530519,0.021411004121414834,-0.025460041526414234
0.0,0.10165319237147585,0.06364576985364179,0.1317436195565319,0.016505495816986238,-0.09305408263298975
0.1923076923076923,0.2588330786860198,0.29104463495518745,0.09059689597986698,0.3003811017255237,-0.2723340290187254
0.14423076923076916,0.3248376623376623,0.2841104798629348,0.17069777011183251,0.3497445651366354,-0.27211976143215594
0.019230769230769162,0.06339869281045751,0.10173386554965491,0.08520535904861692,0.018810172976036488,-0.10721685323553487
0.09615384615384615,0.17467225756699445,0.16473908605056142,0.13760592838817243,0.18422251966781883,-0.2465778374264639
0.16346153846153844,0.1872294372294373,0.20948844852423,0.11219211995517864,0.2869019174022971,-0.22942893130634168
0.038461538461538436,0.16616833508956796,0.16834028040924598,0.05771634880364784,0.1129890518466326,-0.06675971404966707
0.09615384615384615,0.09104437229437223,0.12242971781027523,0.09215197488825555,0.15458105153170054,-0.18389887160060625
0.06730769230769229,0.14510489510489522,0.20860358511220578,0.07613613942085995,0.1448184778149484,-0.2131720824190385
0.10576923076923084,0.16681338028169013,0.19240799589152485,0.1265924993658789,0.2050676230290251,-0.23485182809738547
0.009615384615384581,0.044642857142857095,0.07103851097033076,0.08338861773277895,0.013452933397258282,-0.13697949405131515
0.028846153846153855,0.07857142857142863,0.10405370461761432,0.06862135398635771,0.06673858283032452,-0.10597592775106224
0.0,-0.011637667887667846,0.013185354950060901,0.04512971170122604,-0.02734357914754898,-0.08510823558783787
0.125,0.2178450772200773,0.1534309496396069,0.07144130329536258,0.25707816598088296,-0.22096272702178488
0.08653846153846156,0.13184931506849318,0.11427124406346612,0.08010150295569218,0.1936693005711403,-0.05385150447164733
0.13461538461538458,0.2682224025974026,0.256670790770311,0.12955196796266732,0.27291226806190955,-0.23316914664549893
0.038461538461538436,0.0576298701298702,0.10692803437164333,0.07338986671223513,0.04962246209146748,-0.1401387647315412
0.038461538461538436,0.11102092352092341,0.11807523528206365,0.10675566106043899,0.09726336699129834,-0.140140958359267
-0.06730769230769229,-0.03990137721755371,-0.003745856178343998,0.031682518056943,-0.12699168287578766,0.019530971781260842
0.04807692307692302,0.11038466860384677,0.16818540100134605,0.0062515049793232524,0.08521671046305623,-0.041902872111327705
0.10576923076923084,0.1481611893583724,0.15790218492577424,0.07791419660360921,0.19035804613196028,-0.13426093921532956
0.009615384615384692,0.06892620232172464,0.09158081242223526,0.10140488872098985,0.022863389976875648,-0.15484042706626733
0.14423076923076927,0.22622863247863234,0.276433521871478,0.1582778258540123,0.2400107727953092,-0.35413378998772316
-0.009615384615384581,0.0367791723202171,0.06759395575185057,0.07918046565332992,-0.01335482462971782,-0.1093957991815292
0.11538461538461542,0.10827702702702713,0.19240934990934988,0.09152553466249547,0.18147427771950442,-0.30925113460528475
0.10576923076923084,0.23646444879321593,0.28613509717233115,0.09866663761598327,0.2109791871149858,-0.212757436629478
-0.07692307692307687,-0.019937489317021995,-0.015910167418788146,-0.07853599178925319,-0.16108696924171995,0.13670492763015296
0.0673076923076924,0.14935446009389675,0.14686984164510086,0.0979902768120251,0.1517936886093773,-0.15718050571439057
0.1923076923076923,0.27323874755381605,0.29643651628486833,0.16606017535223572,0.3525887861459242,-0.2871889036432591
0.08653846153846156,0.17214052287581694,0.20714767688451907,0.07173737586254847,0.15662585795048434,-0.15418422495367312
0.09615384615384615,0.14560439560439553,0.1794896400159558,0.16600415019095338,0.1760023408992193,-0.3141409460670739
0.028846153846153855,0.08680555555555558,0.10869823873856133,0.11545999631266624,0.0572799563794697,-0.18242499063167605
0.019230769230769273,0.0414309954751132,0.06239919223503343,0.08386199971360653,0.02871622619300207,-0.18942416165551967
0.08653846153846145,0.1719134176325957,0.18506773399014775,0.15905516459742142,0.1764565531399856,-0.273315676462239
0.05769230769230771,0.15098752598752607,0.17097512988041474,0.06216700313651746,0.10358099758953321,-0.13283796151641658
0.03846153846153855,0.16249999999999998,0.17303669684817224,0.08917072510822499,0.08639896982047923,-0.13066075788749099
0.1923076923076923,0.23930905695611582,0.24942203994835566,0.11243062165629336,0.33943666278968815,-0.31425466399598256
0.028846153846153855,0.07874313186813187,0.0863053395323391,0.029582764001132467,0.06958676385132834,-0.08686170576902219
0.0576923076923076,0.14871794871794863,0.19669704785218856,0.07502473901188422,0.0951255088576185,-0.08978064775131717
0.10576923076923084,0.10294361525704798,0.11652141570746227,0.1261409707062443,0.1778264261075766,-0.30467495920323384
0.09615384615384615,0.17619047619047623,0.19344188476305857,0.050063667178507076,0.17560532505334847,-0.17388244994736501
0.05769230769230771,0.12211152622111532,0.1480143280894115,0.07671600532148959,0.12392533687711255,-0.17656331074651044
0.028846153846153855,0.10367647058823526,0.11692777409584831,0.05712817003988202,0.03772839827955243,-0.12657364478844046
0.09615384615384615,0.11968954248366015,0.1645224683440627,0.041292629286294846,0.13500263153395198,-0.15852632517003445
0.019230769230769273,0.13214285714285712,0.11834499860943726,0.07592656261332076,0.07133877953467749,-0.07957206570640685
0.10576923076923073,0.13059732664995816,0.12871418466717155,0.15303007167779403,0.22842435973748892,-0.27890974499711313
0.10576923076923084,0.14715189873417733,0.18582718651211794,0.0838935998642999,0.1624187667860133,-0.2769953946876035
0.07692307692307687,0.21547619047619038,0.21669313701734993,0.12169792196311846,0.15890076438412437,-0.14776173796636072
0.04807692307692313,0.1261011904761904,0.19886363636363624,0.06800436041494762,0.10012649268745066,-0.14725031551898815
0.09615384615384615,0.18861102133160967,0.2127097913355519,0.09460372740875644,0.16184656133065656,-0.16610539106298616
0.14423076923076927,0.25082417582417577,0.2705550534299973,0.06894896182787646,0.2812257317590686,-0.25005878284956684
0.10576923076923084,0.13029331779331776,0.1689043866322939,0.10831165357035777,0.16935913059797525,-0.27554851143002057
-0.05769230769230771,-0.016391912078531745,0.01202857068882035,0.08496817346703445,-0.09684989494029012,-0.0798675831596849
0.009615384615384581,0.024621212121212155,0.04777906627201012,0.045851070250872206,0.014307009425230888,-0.12243589774036889
0.08653846153846156,0.11510617760617758,0.18705926205926215,0.07095384815264327,0.1392260665988208,-0.08283150699260078
0.13461538461538458,0.15912087912087913,0.22291570847258757,0.13287064820320627,0.23844174343152297,-0.25155381297544166
-0.009615384615384581,0.0066425120772947155,0.01048793388179714,0.04840375340783998,-0.009520093374388305,-0.010145653411237743
0.0576923076923076,0.1333333333333333,0.15259289903407336,0.05365436549991065,0.10288078883633311,-0.05394974312774481
0.028846153846153855,0.16995614035087725,0.20715092875137842,0.04993100958919039,0.052980153626109305,-0.05702777715645002
0.09615384615384615,0.06446608946608956,0.12002327812090574,0.06325590765194278,0.1582973984006409,-0.15928033731825397
0.10576923076923073,0.10069444444444453,0.11073205389177032,0.11429133421985804,0.16824713564460786,-0.2228613277461421
0.07692307692307698,0.059523809523809534,0.06834040008261733,0.06473265847026588,0.11073730792488673,-0.1389418892253187
0.009615384615384581,0.18314393939393936,0.1318745710965773,0.08751378430138823,0.05064900937227779,-0.07151425018198282
0.04807692307692313,0.1149855212355213,0.1130411914479702,0.10203331121299863,0.11227586296888126,-0.28240862837345626
-0.019230769230769273,0.03703917050691252,0.08987718498252018,0.05239265312980046,-0.040152516028250984,-0.11027301520092037
0.13461538461538458,0.2179570895522387,0.2807609140692412,0.09707149846065466,0.22696343395063379,-0.21755371559438508
0.0,0.05907534246575341,0.06323979526056578,0.02787910556939499,-0.0017141553133456222,-0.049113498444035675
0.10576923076923084,0.18083688699360334,0.2012265388487725,0.12267669941351655,0.19757386682286243,-0.2623727978316447
0.11538461538461531,0.24308236808236805,0.24123410842500492,0.09088343536932797,0.23413672522991175,-0.23096013517141356
0.0,0.04647887323943656,0.0700385283095013,0.03330371913825969,-0.011530636399462613,-0.05566676159870254
-0.009615384615384581,0.039785214785214906,0.07349753351633048,-0.020389781386099037,-0.053204159494164904,0.03748161838309694
0.05769230769230771,0.07467477375565612,0.10036901298768486,0.08415502100242012,0.09802723351419029,-0.1713273790815274
0.07692307692307687,0.08513513513513515,0.11462369866975142,0.006957306392520346,0.15182431658218953,-0.13879976414682793
0.09615384615384615,0.19055451127819545,0.19215005203947022,0.10222016180643201,0.18878693949020336,-0.18375056629768594
0.038461538461538436,0.03192284688995206,0.045742811805130956,-0.020592764699264077,0.05451427101147355,0.05476240743025762
0.038461538461538436,0.12283868092691619,0.1384483445493263,0.0886149907594248,0.09608851131977675,-0.16758462894581905
0.09615384615384626,0.1097579656862745,0.08333624380752769,0.10532094112173429,0.17663517837095277,-0.16894604874556685
0.125,0.1965530022238695,0.24457285037371873,0.12900868009445166,0.23554991725467217,-0.2729915533642635
0.019230769230769162,0.212998112998113,0.19528130856624715,0.07526347546590462,0.1366850056497963,-0.09714750586816767
0.07692307692307687,0.1165966386554621,0.1451886960734281,0.1509095849327462,0.1269426913153413,-0.2001169779484573
0.11538461538461542,0.17778822055137833,0.1831063654526922,0.05036131715812764,0.22801638925691592,-0.16121628895041673
0.07692307692307698,0.0922650878533231,0.17512671420323755,0.11181090597832821,0.147132745255597,-0.30462059570388245
0.08653846153846156,0.11760563380281686,0.1151314308229201,0.12438532880525766,0.13632325334279588,-0.2737652980425507
0.0673076923076924,0.12049424005945752,0.15613641040926252,0.09265414415035955,0.14056177834117184,-0.2138822196711483
0.04807692307692302,0.021648174549060872,0.03513585186712198,0.08424785757276942,0.0670653078497968,-0.12300419514871702
0.08653846153846156,0.15724637681159415,0.1399095508405731,0.1303034565682648,0.1799401917439712,-0.2732205422474422
0.08653846153846156,0.220021645021645,0.21039209051006713,0.09347785646433093,0.191947656943097,-0.15958084405586326
0.028846153846153855,0.1475746268656717,0.1560085885218263,0.07340354593514131,0.078781894862611,-0.13496659014863877
0.09615384615384615,0.22977543290043279,0.23010818120351584,0.08272857140624779,0.19018051748986142,-0.15123952720226508
0.019230769230769273,0.07289924749163879,0.06611660403343811,0.11375269082376849,0.04497294856733203,-0.17505561137938708
0.04807692307692313,0.1361627527723418,0.15661401418274823,0.0807225254489492,0.08227423582826532,-0.13994139779482762
0.11538461538461542,0.09816542288557206,0.14237286572998487,0.05471917620361677,0.18606364833778716,-0.22511249493073016
-0.009615384615384692,0.0319079471253384,0.07795717197339791,0.1194386182907129,-0.023760626558453013,-0.1560465371137596
0.14423076923076927,0.20688795853269537,0.23817567567567566,0.13204610166821018,0.27448734937877756,-0.3013103716739307
0.15384615384615385,0.15651709401709402,0.19111163227016892,0.12891805196533468,0.23667726582973853,-0.28982759661548596
0.04807692307692302,0.109375,0.10870604820875718,0.04592449766587425,0.09887481014600752,-0.142292326186358
0.05769230769230771,0.16622023809523823,0.1718700971468099,0.03277701871918337,0.132193059386707,-0.06835528538602498
0.05769230769230771,0.15000000000000002,0.150510109014366,0.09193361741859873,0.1290809845833789,-0.19891255959746368
-0.019230769230769162,0.05180761267717782,0.09252998291045522,0.08910176101425593,-0.02697836031762124,-0.13052309316247024
0.07692307692307698,0.18712121212121224,0.18498425831274679,0.09960445015111985,0.15086840140620594,-0.18847058136668626
0.038461538461538436,0.13526995305164313,0.15385720044170748,0.08948063806746942,0.10630893347490455,-0.14027570084803376
0.028846153846153855,0.03664350355526824,0.10066348195573449,0.045367721208695255,0.03213491660660028,-0.16961415424429382
0.10576923076923084,0.23034951159951156,0.21701966695843,0.14270530406209658,0.23428426546024572,-0.25984920098449804
0.14423076923076927,0.20625000000000004,0.22261115845135404,0.12617712906579326,0.306282833613035,-0.317848810325545
0.04807692307692302,0.1575757575757576,0.15185168111131597,0.11116338859958164,0.09007615135310076,-0.1762712463484838
0.07692307692307687,0.15773809523809523,0.1951557551540497,0.05324273917666367,0.15943105729032336,-0.2019954383392838
0.019230769230769162,0.15995147222768713,0.17608907765597193,0.09425412056087668,0.04756502558260867,-0.13590389859095026
0.08653846153846145,0.14542901919811935,0.1683961379827521,0.10695384716947398,0.15770503084550008,-0.22576887713663585
0.10576923076923073,0.15201914098972924,0.18001317411524442,0.09954637862897109,0.18155832032824049,-0.11727147422309359
0.11538461538461531,0.1579205422164539,0.18689490857401303,0.05158307078511537,0.22252641444949994,-0.1713409188351196
0.009615384615384581,0.04629416282642096,0.07401588734504194,0.04739450856419736,0.004518682748868352,-0.04204650138727173
0.0576923076923076,0.06567284448025779,0.08966704466704467,0.13058536456813852,0.1179640404722565,-0.1468841595365314
0.09615384615384615,0.22139093782929398,0.20181846097959588,0.08995161996453682,0.17985045394484017,-0.18327539893869182
-0.019230769230769273,0.06055936073059354,0.06669513177663489,0.04426003540635115,-0.020792412893462564,-0.02011581982107291
0.07692307692307698,0.11225961538461537,0.1025744031016863,0.15419395649508005,0.11760731009214676,-0.20254734266717556
0.028846153846153855,0.11595471521942102,0.13935702088851376,0.08922545027242823,0.087082725152757,-0.10441087053534148
0.019230769230769273,0.11579009713338073,0.10711529586040835,0.06529078060105242,0.06629042207605973,-0.10661125115303716
0.019230769230769273,0.11031746031746037,0.11367565619942566,0.0734014123278719,0.03225686916069881,-0.06630094204461778
-0.009615384615384581,0.012566844919786102,0.058053800583438786,0.10229373952930387,-0.03512353998171891,-0.12017464706637748
0.0,-0.011477009832272955,0.06047386657756848,0.11289871197038448,-0.03505263732964592,-0.1517078748973809
0.125,0.11081349206349211,0.14602816259599072,0.11713862240374884,0.23004137515034723,-0.24748131771194215
0.05769230769230771,0.10138888888888897,0.11763344229056838,0.06830841414482747,0.0948000565443598,-0.10771096460723506
0.14423076923076927,0.17628205128205143,0.14370780363427416,0.1637388974555407,0.2149653771333233,-0.4254103198550042
0.08653846153846145,0.16676035407378687,0.2056790006229689,0.07188328393031662,0.14670010728470528,-0.12144801721291143
0.04807692307692313,0.13316128316128317,0.1531425139506899,0.06241327273715935,0.11281249883293909,-0.11598533127045241
0.019230769230769162,0.1791666666666667,0.14313829428266045,0.040129251932672805,0.03882108434044551,-0.0867819428760484
-0.009615384615384581,0.09531553005817706,0.06445220984758349,0.06688290538332942,0.02799003127220534,-0.0896097196628125
-0.009615384615384581,0.06889269406392684,0.09463274195482563,0.10023680266211255,6.928346019052789e-05,-0.07734899096487391
0.07692307692307698,0.13999044433827035,0.16036033111570913,0.06528022014846901,0.13512777291410066,-0.14439954912068664
0.028846153846153855,0.10032865418894832,0.11210273935457771,0.12653845338594671,0.06404789118806214,-0.16392339896078445
-0.038461538461538436,0.06781045751633985,0.06285368317872675,0.02763090395276835,-0.024722048635099192,-0.024324602526346828
0.04807692307692313,0.14437229437229449,0.17242866308882931,0.04696242452100052,0.1230538345786118,-0.17023365081509567
0.125,0.18552631578947376,0.29168017901108345,0.003241393385339908,0.2550334954220225,-0.16276785115280923
0.028846153846153855,0.129927138079312,0.1173402388522522,0.08873502668770739,0.08843993673330797,-0.12595430878576697
0.16346153846153844,0.1964285714285714,0.2562890309344671,0.16969804264913324,0.2689658803887061,-0.33632542292017364
0.019230769230769162,0.08938276397515532,0.08789574214000073,0.08370811613121665,0.05740922349641864,-0.12616533399657515
0.10576923076923073,0.17500000000000004,0.2057370738786234,0.10038419293526057,0.21361000945215086,-0.2523786216446069
0.028846153846153855,0.06388888888888888,0.1053726505072975,0.14619936648461362,0.06852368998707464,-0.17179718279112421
0.07692307692307698,0.10079365079365088,0.09874348279457767,0.08982104276387415,0.15287064684221335,-0.17430071846564732
0.028846153846153855,0.030902777777777835,0.05147909885813107,0.027755039430573558,0.07557646213057967,-0.10735191569768854
0.05769230769230771,0.14576923076923076,0.11320702906256885,0.08790018919696096,0.11640924964684207,-0.21755790834326838
0.08653846153846156,0.26538461538461544,0.2538624353796213,0.07699174073478676,0.18759279749312796,-0.14607206384458488
0.14423076923076927,0.2694250194250194,0.26822770804339535,0.11629000515482046,0.274963241434703,-0.2769348414973617
0.13461538461538458,0.18193966111034576,0.18792815456521927,0.06911115646630306,0.23713129043369796,-0.14896478945663927
0.06730769230769229,0.2550356506238859,0.2640932744008513,0.06354142572031851,0.1350621943059459,-0.13964009588050785
0.028846153846153855,0.08387826961770628,0.11022716728465437,0.06854840611596025,0.04677718696015892,-0.12492422211385334
0.019230769230769162,0.06003787878787881,0.08812679739228824,0.05670913456396687,0.007193467507182749,-0.12111303589574751
0.08653846153846156,0.18229166666666674,0.18559952372724753,0.10821101641414144,0.16081452775745203,-0.22926017954299727
0.07692307692307687,0.11391223155929031,0.13787880948815412,0.03552083064446654,0.1315184867794078,-0.049531808240414366
0.07692307692307687,0.16423541247484907,0.12411502928744311,0.1218163844674025,0.17441755130479714,-0.2058343481823487
0.16346153846153844,0.20138888888888884,0.21128314603065546,0.11991536561329974,0.2807918773486561,-0.24604033547727788
0.06730769230769229,0.27683080808080807,0.2429758837653574,0.09737518223009423,0.18356078673104348,-0.21069511544235275
0.07692307692307687,0.12924107142857155,0.15396644994581976,0.10478915892396612,0.122753447759395,-0.2639670041974206
0.009615384615384581,-0.02021198830409343,0.030278418478349778,0.042512927575508286,0.002057553361650588,-0.010046754680719694
0.10576923076923073,0.1724767080745342,0.15077970275338703,0.10347031063743017,0.2082519777249725,-0.22993936114256008
0.07692307692307698,0.17565177359953477,0.18272366915829374,0.10667966338312884,0.15545519203141506,-0.26509025005656095
0.13461538461538458,0.17828947368421055,0.1944742704922071,0.10297039363084837,0.23099313136156863,-0.33039958479470444
0.10576923076923073,0.1651785714285714,0.19145280752949356,0.08778392882613029,0.18847592136833924,-0.18670068147973762
0.04807692307692302,-0.003851540616246485,0.056384815363180074,0.16940272150047975,0.07681604159081246,-0.2717664250705214
0.038461538461538436,0.13216991341991335,0.1432083869583869,0.0791416299421398,0.09120676045527315,-0.15289152188665878
0.10576923076923084,0.14198190789473686,0.1490610383390557,0.11341121774053331,0.18817563644595708,-0.26978960205928926
0.05769230769230771,0.18921356421356428,0.1743774260565305,0.07096081099787277,0.1347864619491992,-0.17047527631406378
0.09615384615384615,0.16711956521739135,0.18470954690119779,0.07116259907037203,0.18572379866150934,-0.20417468953789764
0.13461538461538458,0.20329670329670346,0.19288232752165774,0.11809464701718753,0.2546340814325646,-0.3182255193217124
0.08653846153846156,0.12638888888888888,0.1775551315601378,0.14799255094372166,0.16268439648770766,-0.2997127698964901
0.009615384615384581,0.05870357712462981,0.08720445252735598,0.10663540535831562,0.006566250795973616,-0.15322007689022887
-0.009615384615384581,0.06963141025641029,0.06457702389942921,0.05796051162806504,0.014232423406217554,-0.057910775451785135
0.05769230769230771,0.08333333333333337,0.07915027605245006,0.12282698518479618,0.12948586524245348,-0.08810267165763008
0.04807692307692302,0.13128654970760234,0.14825963290639943,0.12360671110857424,0.09454787370617512,-0.2059185226692306
0.05769230769230771,0.14874551971326166,0.15524550035573115,0.0891457137823417,0.12295013025609514,-0.18565608667076083
0.04807692307692302,0.1287878787878789,0.15752375045868627,0.04099417520217019,0.07513586918364024,-0.10281874588305673
0.09615384615384615,0.1384569377990431,0.11604984579478206,0.06874408510366803,0.167508839518276,-0.1889979615453068
0.05769230769230771,0.12429971988795507,0.13280426224122666,0.03271409083605403,0.08952521846025341,-0.143617821839354
0.0,0.06736250838363511,0.061818267354935674,0.03880277915836794,0.014402073647475921,-0.03294670852943571
0.05769230769230771,0.07618838028169028,0.08844228964654377,0.08951705238079499,0.10930143367663203,-0.16107290013028908
0.05769230769230771,0.3531468531468531,0.16962643678160916,0.12977062999381483,0.16366553496536468,-0.10160043461973745
0.05769230769230771,0.2653399403239557,0.21703566348303205,0.09299121690258383,0.18257143687269162,-0.2188438914599009
0.009615384615384581,0.0969516594516594,0.08558214961507682,0.11797329497987408,0.033142485719259485,-0.09043771624387764
0.038461538461538436,0.12990620490620497,0.13657989031398943,0.05806720794154274,0.1038776862429091,-0.11401577429656218
0.08653846153846156,0.09220519193592935,0.11984168772093251,0.027290656159862037,0.13079423518324024,-0.07953801323953891
0.07692307692307698,0.1480549492009594,0.15778026085540242,0.07344190647396476,0.1521102472013779,-0.18564822592727537
0.05769230769230771,0.19373015873015875,0.21741510175693246,0.11939573893683297,0.15582867867644956,-0.1757839874588648
0.09615384615384615,0.09624094202898559,0.08587487781036174,0.14557033246026463,0.15955316852422957,-0.18956135864162216
0.03846153846153855,0.06061368209255524,0.09613397939410295,0.07090125110623735,0.06222057654976254,-0.14116689484539324
0.019230769230769273,0.08786867215313221,0.06398111692229347,-0.0384661012462687,0.062370293564400714,0.07141519184815603
0.11538461538461542,0.11616161616161624,0.14698191593352894,0.16298096186994326,0.20557308486960768,-0.30906242802672046
0.05769230769230771,0.018650793650793585,0.02162538006458159,0.19904047229309263,0.06065978022051299,-0.14199390835596593
0.009615384615384692,0.07064055735930741,0.07356108221175883,0.04444942954387898,0.0361608760328368,-0.11891413147377217
0.04807692307692313,0.03457278481012649,0.057896355678167755,0.06947195277624885,0.06520734824073637,-0.19462366362287042
0.028846153846153855,0.14136904761904756,0.12097356848801238,0.13014198908730157,0.09316458834603147,-0.12694674924400362
0.17307692307692302,0.17433831990794024,0.1670348011055947,0.15875973202615656,0.2969980340470175,-0.3011786801696361
0.019230769230769273,0.12454710144927539,0.10664915911143735,0.10386174163119077,0.0677530442247431,-0.23230743371306828
0.16346153846153844,0.25647759103641454,0.273912247019597,0.08333335766833083,0.3309804026631802,-0.24937927892574863
0.009615384615384581,0.03819444444444442,0.00983373447308833,0.1250533094516858,0.03518530915432094,-0.15489414616368657
0.10576923076923073,0.14607843137254894,0.19370401975615115,0.08969274413144923,0.18545663716993138,-0.269566489149894
0.06730769230769229,0.09170751633986929,0.10045555418637708,0.022714311820684063,0.13979803051871142,-0.02475604821443056
0.10576923076923084,0.13323492275698157,0.17413203511859765,0.11241433957824531,0.18142627222793228,-0.31141398492478045
0.11538461538461542,0.25115546218487395,0.2193120566836706,0.14524128747632814,0.265341310964706,-0.26574864893824207
0.019230769230769162,0.14682539682539675,0.1831291421037936,0.05377711953544284,0.0893063113314449,-0.09792665309262405
0.09615384615384615,0.11677631578947367,0.17094074471894016,0.12020023671212599,0.140955434526003,-0.2716345075911112
0.14423076923076927,0.2236201298701299,0.2587740605152158,0.10622190057824121,0.2568958447616236,-0.2124440058633853
-0.028846153846153855,0.13963585434173675,0.08297827717766149,0.08869737594377392,-0.01292108535026304,-0.08779590648680757
0.05769230769230771,0.061777836134453756,0.11252563226247436,0.07571680796663227,0.08268664099406653,-0.12527063482093226
0.0,0.1014705882352942,0.11694370730748438,0.012791766266623927,0.008428547888485016,-0.012330500093139407
0.05769230769230771,0.13594145792288204,0.15861310985333854,0.09487849198947984,0.1096104017839985,-0.15865068772654267
0.125,0.23165466974785343,0.25368857352905205,0.06897830898655477,0.21404645428574992,-0.1754326504388436
0.0673076923076924,0.13645833333333335,0.13282059099354093,0.10333897965214456,0.14190718066160624,-0.21884577592849264
0.06730769230769229,0.11950051759834368,0.13425323799839778,0.10506329619553079,0.12977247979928336,-0.22298678489029544
0.019230769230769162,0.04010989010989019,0.07616890959282252,0.011177158494297235,0.022744842292169887,-0.07425693587638937
0.06730769230769229,0.12142857142857144,0.16854384881919648,0.07633345609949194,0.11223637795050223,-0.10592849347777977
0.038461538461538436,0.07852564102564108,0.06929831374023743,0.10707486242603292,0.11017678097668204,-0.13965526653006488
0.08653846153846156,0.10010211069533104,0.15912636270850822,0.09487545600255298,0.1377454080114897,-0.10276598160713901
0.009615384615384581,-0.046186656480774135,-0.0006864159728501296,0.024008963134872885,-0.03179621311261438,-0.013930145964769824
0.04807692307692313,0.12045454545454537,0.1356417775772616,0.08275323857454375,0.11267836845606899,-0.16035328989677167
0.1826923076923077,0.21057118499573746,0.26589423172692483,0.08089610653348767,0.32886764164032356,-0.22031548557848835
0.06730769230769229,0.12087775408670931,0.19017380507150328,0.05535564617480615,0.11756243717372583,-0.1412966767281011
0.07692307692307698,0.16468702865761686,0.1470734938820044,0.15135227644074034,0.17901224913717734,-0.22581454837988713
0.05769230769230771,0.07712053571428568,0.07396603761403853,0.09685817035147382,0.11630362261850707,-0.15798010037346344
0.03846153846153855,0.008995202558635396,0.04303970342734176,0.11489061489668573,0.024231293253038022,-0.21206362541178891
0.11538461538461531,0.18810386473429963,0.2115500600717004,0.08464720937955672,0.22673545851206223,-0.17020337702994526
0.10576923076923073,0.14826478765219053,0.17651561854575737,0.06174157856691109,0.18587785464180323,-0.13275837927785472
0.13461538461538458,0.20991412958626077,0.2587927620715258,0.09577493151125493,0.24970735874064787,-0.23734396238780997
0.125,0.13169014084507036,0.1516338819644356,0.10560346536198895,0.19370857280846276,-0.21183560608549334
0.13461538461538458,0.2149184149184148,0.24045660222130805,0.10606045797586772,0.24920656289380716,-0.2824502615100939
0.06730769230769229,0.16726598173515994,0.17414312393315767,0.14820100224373767,0.14044864434838988,-0.2200083087101361
0.028846153846153855,0.16531954887218048,0.15988868464052292,0.07109692540031487,0.15133678770605596,-0.14022838102152735
0.11538461538461531,0.22924242424242425,0.2689398683619315,0.0716840998413506,0.24831975483466917,-0.20555237738207544
0.0,0.1820175438596492,0.1785996610006474,0.10575307950727886,0.09388876583653694,-0.14892163569337424
0.05769230769230771,0.15927128427128423,0.17224395553577831,0.074031067163014,0.12307920800225791,-0.11908218910819246
0.07692307692307698,0.14913101604278078,0.15504958004958003,0.09530784943498416,0.148045130108786,-0.18480274359875082
0.07692307692307698,0.14335317460317465,0.16617940025852096,0.07799008283540809,0.14101353442786907,-0.15449049503561352
0.07692307692307687,0.14624325446243258,0.14069097046985646,0.14027839151568722,0.1792566618289051,-0.22396454167582047
0.07692307692307698,0.19116950757575757,0.19354127986300107,0.09711662634086671,0.15872199372009987,-0.21090326289634642
0.09615384615384615,0.1550913439062107,0.17327528310649087,0.16512663803267658,0.1755191956289538,-0.32001820798309366
0.08653846153846156,0.19886363636363646,0.1971978925467298,0.05545514848399469,0.14924933757284553,-0.10325452630512211
0.07692307692307687,0.17303928947764569,0.201144648788658,0.06712014017628587,0.14939481492726747,-0.12212571728340899
0.04807692307692313,0.101547619047619,0.06066366583607974,0.04722148932782322,0.11967187373086619,-0.10401318006335891
0.05769230769230771,0.08392857142857135,0.12931272678850814,0.08720998257833157,0.11895949862816835,-0.20994188156507965
0.07692307692307698,0.15263508371385082,0.17423185967176835,0.09120971144469747,0.1596082832754121,-0.16150623848411993
0.0,0.08182189542483664,0.08666554092085998,0.046228375818982315,0.005653474669768288,-0.04859377865941494
0.028846153846153855,0.049738455988456054,0.13843303539285967,0.05368754731123182,0.016516183199716705,-0.15391313786914929
0.05769230769230771,0.115007215007215,0.13818103682734018,0.17199147953527727,0.10397197266000657,-0.25783848374240725
0.019230769230769162,0.0443047918303221,0.0711056048136981,0.04343051711543844,0.016128193931697843,-0.06427534157620562
0.16346153846153855,0.31845238095238093,0.34217529116909917,0.09107833445764202,0.30263244323126487,-0.2149267999351937
0.0673076923076924,0.19025443510737627,0.2118257273952333,0.10850954090612352,0.13796109151770453,-0.19904407810956637
0.07692307692307698,0.23816695352839934,0.2170303896310088,0.1259579751720431,0.19061661883223652,-0.30938063811690586
0.05769230769230771,0.12043650793650784,0.15268078828749454,0.0857297377935371,0.09714916884231561,-0.10903129474215756
-0.028846153846153855,0.015000000000000013,0.040109756559792986,0.0372358820359554,-0.033271454256479926,-0.06892513774079001
0.08653846153846156,0.08063150633387695,0.08407243878412607,0.03962995128826374,0.15434990787922315,-0.13692833200103693
0.07692307692307698,0.19362745098039214,0.20143167050870991,0.04519365307186096,0.14530244658682356,-0.08354992476462653
0.125,0.12934523809523812,0.21139521323717098,0.08952338345317101,0.21015329354980478,-0.25178576731972435
0.08653846153846156,0.12524865018471165,0.15915829611564103,0.12908113980751035,0.16751186980228389,-0.2820542911820668
0.038461538461538436,0.11350967872707007,0.14362269033927721,0.027882002199620004,0.07369332866375172,-0.1006136940192025
0.028846153846153855,0.2675865800865802,0.1603822387043452,0.05559266136240959,0.06825159327805036,-0.14745317829606097
0.028846153846153855,0.0535714285714286,0.07601431230118116,0.07184469532493842,0.05952162672412925,-0.14001799977898366
0.13461538461538458,0.1770270270270271,0.21803440394349805,0.08146444316657075,0.24118122149360693,-0.24461436689481042
0.09615384615384615,0.14095982142857144,0.1621806592256143,0.06942894854580683,0.16746366339213659,-0.17953055433622656
0.08653846153846145,0.12689393939393934,0.16048580584285332,0.016623867355679667,0.13096907228456622,-0.09635932472496977
0.14423076923076927,0.20199275362318847,0.2422812969501077,0.06248961767545225,0.2847826052769008,-0.11610365253192123
0.08653846153846156,0.067124542124542,0.11842873310264623,0.1064441798934781,0.14239788664390945,-0.16044214797705025
0.0,0.09988143631436319,0.09840522565529486,0.0847800554485808,0.033434853859975466,-0.1280422308438821
0.009615384615384692,0.09919028340080971,0.11330858640967478,-0.0012888444393633902,0.05865899940341346,-0.05348372722065731
0.07692307692307687,0.14243589743589735,0.2037243203419674,0.04668537786337079,0.10704754344988876,-0.18160233036394668
0.08653846153846156,0.15665849673202614,0.2091058699059083,0.11937805677740765,0.16423138129560438,-0.22519164662344582
0.0,0.02913533834586468,0.020181901772447386,0.06888065974315116,0.011971799825828966,-0.06067233199060029
0.019230769230769273,0.1037644787644787,0.11331789922428404,0.06396530459030458,0.06374054721011513,-0.13969976121494243
0.10576923076923084,0.3435363247863248,0.197625638514638,0.11339914170796539,0.2040412558277352,-0.1696317710329286
0.04807692307692313,0.14743589743589736,0.11736207971534451,0.1554806781287218,0.1183254308735815,-0.20244924386146024
0.13461538461538458,0.17184755883386016,0.20713890699366716,0.10242188676497088,0.21017250896391487,-0.22795614106650097
0.019230769230769273,0.12152777777777779,0.1284714061199057,0.1848708502742693,0.03668246426820565,-0.21184393466565932
0.07692307692307698,0.16840277777777768,0.13967407256880937,0.07102843864749087,0.16691430017290487,-0.12749137343711558
0.05769230769230771,0.1702380952380953,0.19396836162839404,0.018380319642679166,0.1209147961754028,-0.10611257235494226
0.038461538461538436,0.1248834498834499,0.1386737726631102,0.09131053393194,0.08624126877694122,-0.2204545176248729
0.125,0.15699786324786325,0.15011296435115773,0.09533426837767756,0.25413427973116737,-0.22481202139524148
0.07692307692307687,0.11136363636363644,0.1743476108027191,0.06864459561070113,0.13538049568480687,-0.20839938679179226
0.08653846153846156,0.21363636363636362,0.18209340110410743,0.15290907740961457,0.18381133207495365,-0.3363667085572696
0.028846153846153855,0.14276693455797929,0.14353710462287106,0.029057193293601125,0.08654885274333107,-0.05720759940097442
0.16346153846153844,0.19778726708074523,0.2269276483955011,0.08131351282159482,0.2769848005598153,-0.18851721111363506
0.028846153846153855,0.15791316526610633,0.15218346173885222,0.1045493027320199,0.08931325648925947,-0.2059889329154796
0.10576923076923084,0.1445512820512821,0.1041131604615857,0.10900212348564686,0.20547138470385712,-0.24775722696506175
0.07692307692307698,0.1317025440313111,0.12002437863909265,0.023679103705672833,0.13853069769856513,-0.12412344871472969
-0.038461538461538436,0.022683520395190837,0.033064035209286136,0.006820538968376977,-0.05485727841187482,0.03485184440098765
0.08653846153846156,0.12473958333333335,0.16439563158895654,0.12467569228778475,0.15762559341504456,-0.27406370110119105
0.009615384615384581,0.0674358974358974,0.13054406545226782,0.025933494506649057,0.001801938417973492,-0.04275862768752925
0.05769230769230771,0.0943627450980391,0.14434999870288057,0.0031544774510392504,0.07731410801285138,-0.041328112560337305
-0.028846153846153855,0.024861111111111,0.03772734795752708,0.03214509546462807,-0.022023103085479778,-0.08111199689574056
0.05769230769230771,0.22569444444444453,0.20988073817021186,0.11517304498792269,0.18873790423361492,-0.2147497456473645
0.03846153846153855,0.11898496240601508,0.11851857074544325,0.08602689144171605,0.0663800379195848,-0.13549546965951542
0.05769230769230771,0.022449066940592344,0.03628246286739112,0.07477705178922289,0.04533128750386112,-0.1483642457086185
0.14423076923076927,0.14930555555555558,0.2420718788071402,0.12541123154037048,0.2286338914604431,-0.3179037275427685
0.13461538461538458,0.19206730769230773,0.17700916636067426,0.10114151801383287,0.2302427852266255,-0.23845189136384504
0.07692307692307698,0.08378623188405798,0.09863283678624257,0.08089886124272805,0.14418485327038305,-0.14321215494009398
0.038461538461538436,0.18833333333333335,0.17936921831820907,0.05320267896354858,0.11092551481875684,-0.15588466870997653
0.06730769230769229,0.06282679738562091,0.10102652331051687,-0.0013553703734513478,0.10839598657939126,-0.0392479022914074
0.16346153846153844,0.2102564102564103,0.27584669247987864,0.11582570062951658,0.2885306778345108,-0.283297078160784
0.10576923076923084,0.10759671614934774,0.15530732860520097,0.046903503563784255,0.15808281359217857,-0.15879325305639058
0.019230769230769273,0.07372705419580416,0.13922312458496666,0.08289635431772513,0.04254854177641443,-0.22880393062542714
0.10576923076923084,0.23354341736694684,0.2018665175652471,0.06995456322063709,0.2089028999529966,-0.1555449085447016
0.028846153846153855,0.005180180180180183,0.004513556332081392,0.06250794918318237,0.011846643511306931,-0.13575612557362216
0.10576923076923073,0.13377192982456143,0.15114752718177327,0.10502670183802876,0.1616442017022544,-0.24001770690476987
-0.009615384615384581,-0.004349816849816834,0.018963691705030317,0.041223593330541264,-0.036420026365189984,-0.0929946685749119
0.16346153846153855,0.28964544721998386,0.3033728320626192,0.1415104239230749,0.29425030994728146,-0.26554915343348146
0.07692307692307698,0.20307971014492754,0.17039390594561288,0.038470817190414786,0.14420354453267126,-0.11681327561555643
0.028846153846153855,0.06249999999999989,0.03727079112773368,0.09938388130669285,0.06462828791397934,-0.1460287580742965
0.07692307692307698,0.18486842105263146,0.19948443009308547,0.04024119421628891,0.177595797998143,-0.08866613119629407
0.08653846153846156,0.20833333333333326,0.2047740014480255,0.11374327511728843,0.2040401724783803,-0.19791623855774554
-0.04807692307692302,0.17673076923076925,0.09908181147389783,0.03853759933220202,-0.030223684471918477,0.002315149453370524
0.009615384615384581,0.05504385964912273,0.06536451232249307,0.07019744025220975,0.02762745057996835,-0.13157954093673407
0.038461538461538436,0.11249999999999993,0.10787545787545783,0.03360724072471566,0.0860919750887193,-0.10371700417961183
0.04807692307692302,0.09777241611491405,0.09552945334679086,0.06046697340565632,0.1018706553333148,-0.08304894359296655
0.09615384615384615,0.032017543859649056,0.10695369032948632,0.04719453065563339,0.11489722582002171,-0.14036293936873256
0.06730769230769229,0.042668269230769273,0.09036730396445541,0.055529506551141194,0.08156619350713651,-0.14186181369003348
0.06730769230769229,0.12152777777777779,0.09171413484793778,0.050091543063837674,0.13588843577099818,-0.07610172166981177
0.06730769230769229,0.160135135135135,0.1685536277448041,0.05837484768344403,0.13673517117341294,-0.1307714249588804
0.07692307692307687,0.26602564102564097,0.2785704501223927,0.12053421142670706,0.185235339730064,-0.2804099753225199
0.09615384615384626,0.11736111111111114,0.14964875307341063,0.12291729614907454,0.17857523410860215,-0.26194687696245944
0.07692307692307698,0.08610829959514177,0.11692566645802249,0.09323282779435926,0.12310563120375206,-0.21042225089097977
0.038461538461538436,0.0924242424242423,0.06784845336607959,0.07200887287085822,0.09825899730779397,-0.11419534748123106
0.07692307692307687,0.20329670329670324,0.25267220168522964,0.1189960865825812,0.19563600860862485,-0.21102418238538423
0.1923076923076923,0.32421875,0.2928010387380001,0.14677053679261576,0.37464154112853026,-0.4096869543840156
-0.05769230769230771,-0.04725829725829733,-0.0028712421327022897,0.015357191428182926,-0.11525004897627822,0.03615030013429121
0.028846153846153855,0.12279411764705883,0.1338134605482162,0.08718024957807113,0.07711227059816628,-0.18879180597740963
0.019230769230769273,0.05970480668756539,0.10639982801493952,0.09919901738501535,0.032436442795618525,-0.2143022155447427
0.05769230769230771,0.07321428571428568,0.054856500145475495,-0.010560901475452633,0.11663553836113116,-0.03988503200706983
0.11538461538461542,0.10102327051479598,0.14224116305970647,0.13630264036300865,0.2075508217532257,-0.2728541717764178
0.009615384615384581,0.1077027591973243,0.11377695544029842,0.07052088188428085,0.039772945998120535,-0.16557194581243617
0.125,0.15450612833453503,0.16150069061649275,0.06772094472561163,0.23032117887185333,-0.1732644283450523
0.04807692307692313,0.10405219780219777,0.1050582075562213,0.08444524697072264,0.11051320566991202,-0.23433759737745175
0.05769230769230771,0.1327256944444445,0.13595232181297756,0.08475010875778022,0.10932691047863746,-0.2197799762990873
0.05769230769230771,0.10456287008011145,0.113520131059627,0.062325589205464604,0.09999987413375933,-0.08329232369598993
0.04807692307692302,0.1219421101774043,0.10845008412059842,0.1459730107257663,0.12589690336804843,-0.2495869123432125
0.13461538461538458,0.13327620521892958,0.180757657720598,0.0418341009983918,0.22329681420797748,-0.20942973368732953
0.019230769230769162,0.0513392857142857,0.07101552063931837,0.12335120478582995,0.03935086908211616,-0.1736856367941535
0.07692307692307687,0.11111111111111116,0.12589659795542152,0.13001628150463063,0.10601677146870808,-0.292988198982013
0.11538461538461531,0.28658976207642395,0.2322371039338741,0.07639585793618464,0.24288902292131254,-0.12416641439938869
0.05769230769230771,0.1203316953316953,0.12025449231353402,0.010993873746229621,0.09183455594805917,-0.06397084045862778
0.06730769230769229,0.101010101010101,0.12426173645685834,0.14638767519249285,0.13730715274323346,-0.30583824322235986
0.125,0.10521119505494503,0.12051117984469717,0.09033828177020953,0.17392106740630564,-0.22632733272547012
0.10576923076923073,0.21712662337662336,0.1902512777816322,0.11713793169173325,0.19385760481280556,-0.2252221990956343
0.13461538461538458,0.1063560852293246,0.16197537389397854,0.09391193897178118,0.16643304602765452,-0.2735426102882109
0.028846153846153855,0.052657224532224434,0.03262349625840677,-0.049696405730818016,0.060952923824458716,-0.07150120378663605
0.07692307692307687,0.06469298245614041,0.1869210198014546,0.060926171977830346,0.08587114237067134,-0.23762188765858383
0.07692307692307687,0.12466577540106949,0.13807429975464858,0.06796013982328031,0.13866551675694472,-0.1484588838001818
0.14423076923076927,0.19197570332480818,0.22988648339278706,0.05581083070409576,0.26567666351677466,-0.19106956705228917
-0.028846153846153855,0.029019953051643177,0.05389604055326436,-0.006947269019806135,-0.0418569390615211,0.043519394041478976
0.125,0.22478991596638653,0.21895001765557248,0.10159081754970811,0.23065450257229453,-0.2180517097598264
0.09615384615384615,0.17416286149162863,0.1227867442541356,0.06028922686167104,0.2084793944278578,-0.19915818519306094
0.11538461538461531,0.4041666666666667,0.21106837606837614,0.19764890584065342,0.24787569194137,-0.305262108037912
0.038461538461538436,0.13660714285714293,0.15460273551431136,0.08844070141741256,0.1043613778730626,-0.18672972919007835
0.038461538461538436,0.06066176470588236,0.04013901178522428,0.1270149349251195,0.07955115628899623,-0.19473019423028515
0.10576923076923073,0.12519282360831652,0.15435083393926552,0.14236530506955025,0.15998003027480373,-0.21712096853450902
0.04807692307692302,0.11322686322686326,0.11479951461052695,0.03726725361783856,0.10772387275770223,-0.1204708804596838
0.05769230769230771,0.18928571428571428,0.19021459186627832,0.09240015793309364,0.1279269371566104,-0.17921819135819383
0.019230769230769273,0.14214046822742477,0.16694626230006904,0.08366013008681561,0.06973309693586321,-0.18161943833240168
0.15384615384615374,0.19819094304388418,0.1968754224114626,0.059686944433323896,0.23715130857824768,-0.16547754781564994
-0.028846153846153855,-0.06071428571428572,-0.03948384948384942,-0.022440109582466783,-0.08171831160280807,0.024850018643353233
0.1923076923076923,0.18081550802139046,0.2565488218430064,0.12226049607134282,0.3092698073580098,-0.3846708432345215
0.10576923076923073,0.22381549609810492,0.24688730278025361,0.0811140481651228,0.22623097838957096,-0.22323110388270895
0.05769230769230771,0.09494863013698629,0.1120052979991909,0.09889152455990324,0.10651669711361245,-0.16495647316522022
0.038461538461538436,0.078095238095238,0.03729447379050088,0.007179474293502519,0.07509796966045013,-0.06895809443919299
0.06730769230769229,0.14420289855072455,0.1563740636818255,0.15546793216553856,0.12137030221882439,-0.2233622837858913
0.14423076923076927,0.21131655877046573,0.23750347625121626,0.09796288149003374,0.2535274893468368,-0.251827448502453
0.028846153846153855,0.005069930069929951,0.04795241308399201,0.025563883464733483,0.03107644723531916,-0.06793076809251664
0.09615384615384626,0.1810966810966812,0.1868149824032177,0.14816284071608887,0.18346087067250932,-0.285116617186974
0.04807692307692313,0.07162975912975922,0.11061093657461352,0.08425534634969722,0.07924250154167878,-0.20874714894411173
-0.019230769230769162,0.0373106060606061,0.05050120203536079,0.024222314827594515,-0.012801732426704071,-0.051633394736660065
0.07692307692307687,0.11974637681159428,0.13655661970879363,0.09395731746907177,0.1430790754563327,-0.18302285942572272
0.125,0.21977124183006547,0.20839327103065952,0.12298799491147994,0.23438238161366898,-0.23274943347768084
-0.019230769230769273,-0.024456521739130488,0.04711150618914273,0.06990087540712986,-0.04834485722568077,-0.017558278764213564
0.10576923076923073,0.24476495726495717,0.2368844426296448,0.14096529943046854,0.2799528168146399,-0.29281998033010714
0.09615384615384615,0.23080147551978525,0.21605749323140622,0.08493444314718113,0.19767231962814313,-0.20067967623067595
0.028846153846153855,0.131438127090301,0.16995927291949486,0.053591597670931246,0.0745307532910997,-0.0768917181741845
0.05769230769230771,0.08891978922716637,0.09528326272090648,0.10619790694352482,0.10302568966369441,-0.1529248835867184
0.04807692307692313,0.13260475423045925,0.14265379814907098,0.17549554311932003,0.12016474871503752,-0.25771549628141255
0.06730769230769229,0.16323459645377458,0.17462634964492163,0.18508160391327477,0.1278022239823664,-0.30154939725715335
0.019230769230769273,0.07670354759395859,0.08923403488620874,-0.01658080824776076,0.03952324158858522,0.013682028085442277
0.009615384615384581,0.042256542256542184,0.07168955293955293,0.1058987064345176,0.01214218323955335,-0.21012182372686028
0.10576923076923073,0.1144261144261145,0.13336036201529822,0.08226783025170126,0.20894151522123994,-0.213812288807117
0.05769230769230771,0.1461904761904762,0.10880805717404529,0.13795507858315736,0.13192091078251733,-0.1883140155857898
0.04807692307692313,0.1785714285714286,0.16425414157362628,0.08901642085192041,0.10078129575090522,-0.2078068569824204
0.08653846153846156,0.148972602739726,0.1716096091197511,0.019715583876906417,0.11945628663045832,-0.07999511160397521
0.038461538461538436,0.17655812324929976,0.15687516796907297,0.09353791232402053,0.12113268842687608,-0.17205827196739099
0.08653846153846156,0.17127755285650015,0.1670964749536178,0.028688192550974545,0.16160947382687835,-0.1763968371060246
0.09615384615384615,0.09943181818181812,0.19075186118933352,0.08324793392837737,0.13378871434108303,-0.24018076265831778
0.09615384615384615,0.1609848484848484,0.17776988543547134,0.0866336778431468,0.1653435957500925,-0.2044332631873672
0.019230769230769162,0.1166666666666667,0.0820086841213602,0.10734627184207013,0.09137725495410981,-0.1139668856352627
0.07692307692307687,0.12546052980835598,0.1681662175948937,0.04710670142561346,0.12985711723124582,-0.10164917780661153
0.08653846153846156,0.13799342105263146,0.18898450803293,0.05906732354355115,0.1973615361994983,-0.17473826205023102
0.038461538461538436,0.15421696847753186,0.16202026609876796,0.09103851511994066,0.09386230860923189,-0.12868629607571513
0.0,0.057034632034631993,0.0797385314976945,0.07637937670770589,0.008064783131857767,-0.08287474917323157
0.08653846153846156,0.07611940298507458,0.10948490389549048,0.038396472908996726,0.12028312335719243,-0.14668653466019588
0.038461538461538436,0.07079490557751433,0.10443600517129936,0.0819400329621508,0.07219459240368226,-0.14961519183506422
0.04807692307692313,0.08444444444444443,0.12359237007124335,0.12132072355013246,0.10091980679836743,-0.28272423353688125
0.10576923076923084,0.2731331168831169,0.2931481458500092,0.07745962408260787,0.2584475467106104,-0.24498496234678058
0.1923076923076923,0.2759132420091324,0.2667276210379659,0.08704960858512556,0.38556486161184583,-0.2834106027214732
0.05769230769230771,0.16292900939640087,0.18445109068682375,0.04606243057852599,0.12058868064193584,-0.08245222237525596
0.11538461538461542,0.10326140873015865,0.16261611105912355,0.058488810623374854,0.19142707445758522,-0.1299414581639532
0.05769230769230771,0.07894736842105265,0.08467356717278507,0.06193510545665637,0.11276491430407914,-0.14549731645011255
0.038461538461538436,0.07784346846846846,0.10685881289499377,0.10614961298555059,0.05755084200365407,-0.20427118055737847
0.09615384615384615,0.179284323271665,0.23689128222907163,0.12330364180725839,0.20297968350183027,-0.253382839907094
0.04807692307692313,0.26487070544282465,0.21810421381560674,0.04972284107286806,0.07602684380399294,-0.10332042610846415
0.019230769230769273,0.14744630369630352,0.13358636236911503,0.08533651615014459,0.1008681991649002,-0.11159955667911736
0.06730769230769229,0.21567815745897934,0.19420925923890509,0.10144256069525992,0.18192668662143158,-0.16511859841077925
-0.05769230769230771,0.050000000000000044,0.04167619318179949,0.06493831982553788,-0.05143738143408272,-0.05338790701375862
0.1826923076923076,0.238206289978678,0.27491219394204464,0.1884283448182047,0.31734000714962524,-0.444303762960253
0.0,-0.02430555555555547,0.026820332621859344,0.04446110622255606,-0.018496123145508414,-0.14239151137068806
0.10576923076923084,0.15023395721925137,0.16052936990782818,0.06864975095083192,0.14837024866233373,-0.168537426207387
0.20192307692307687,0.30858208955223876,0.34851230742677064,0.12229819618871218,0.3920033221318254,-0.3480531184238497
0.06730769230769229,0.12696078431372554,0.12015881337002032,0.04602201656524674,0.12457612138410934,-0.0951690125016077
0.028846153846153855,0.09844667449556965,0.1084031219739583,0.10462135582956178,0.0652123849246698,-0.21052057929088475
0.07692307692307698,0.14764492753623193,0.1644371812035661,0.10854348025818472,0.13849174049108903,-0.21587829143661252
0.05769230769230771,0.11269841269841263,0.11930557643447448,0.07017288589034132,0.08938817705652469,-0.21006725069705168
0.14423076923076927,0.25746404330963146,0.2899403120576284,0.13512884826547011,0.2511538951329193,-0.3500526074788762
0.09615384615384615,0.1293706293706295,0.18119209744825504,0.07700923918211777,0.1730979136896238,-0.214052934070445
0.04807692307692313,0.18273273273273272,0.13570817181036476,0.03747634644504616,0.11618429233423305,-0.1094963004660715
0.05769230769230771,0.0991300366300365,0.14250188804711017,0.11841341481206169,0.09804106366497611,-0.2164181549655556
0.09615384615384615,0.09679908906882584,0.08794705614202591,0.1088040134604421,0.15526492914870116,-0.17572669397908447
0.0673076923076924,0.13268779342723003,0.12252437578524533,0.09325509007270505,0.13949991793956257,-0.1761542608441321
0.0,0.08342963533641512,0.11806620077044394,0.03129841483763096,0.0025761122660507008,-0.007378216352673106
0.1346153846153847,0.24402215431627194,0.22148779139004493,0.11787277505804639,0.22626174683841194,-0.3127313309063023
0.08653846153846156,0.24766573295985062,0.24387375997829963,0.1498080689462411,0.21497176478951513,-0.2625177161170599
-0.07692307692307698,0.03183779119930985,0.05713850697220979,0.04664640059928704,-0.12358208790034908,0.052264835487654704
0.17307692307692313,0.2366666666666667,0.26381507999155057,0.08077149169388353,0.32198993133106396,-0.28575280041637374
0.05769230769230771,0.09684684684684675,0.18837529743986703,0.026296497019088427,0.08299182315830195,-0.12478509562623996
0.06730769230769229,0.114217032967033,0.15125035200936543,0.06415005205275826,0.1142856800731909,-0.10908813924878324
0.03846153846153855,0.08730158730158732,0.10843574217124763,0.1430212813766334,0.08394470777895624,-0.20295677991168848
0.14423076923076916,0.1994542886492039,0.21341822294386148,0.11328881797359636,0.25291544215290374,-0.21872862217207112
0.06730769230769229,0.19539154539154546,0.13419539397776414,0.11239082488383423,0.11559678797117667,-0.1853083142065436
0.17307692307692313,0.15498665141113666,0.14292787158640818,0.12127897669365229,0.2897411567780889,-0.2646112361776862
0.04807692307692313,0.26761904761904765,0.2058788209964021,0.07582069690016335,0.14369948894102136,-0.10296026110191625
0.028846153846153855,0.02907452907452912,0.04941267128673432,-0.005868793807467965,0.024087177839286156,-0.0549948526375722
0.04807692307692302,0.11317640692640685,0.11814337559610089,0.028548446150521656,0.10136026822623234,-0.07897916658932302
0.0576923076923076,0.19117647058823528,0.14833886554095776,0.11269087707546788,0.11440296107208936,-0.21660719343226265
-0.028846153846153855,0.04935446009389677,0.011474031423407416,0.05546579058195744,-0.08742176669138624,0.004386945596189462
0.04807692307692302,0.09809027777777779,0.09194044259833745,0.09590368620801026,0.08100229172921602,-0.13888563844877044
0.08653846153846156,0.1659524804905239,0.22654061624649857,0.06526890912976968,0.1440432174318781,-0.19397323702715208
0.125,0.16779513888888886,0.18917069639825368,0.05984789800914214,0.20319671420944468,-0.1995235446001825
0.07692307692307698,0.1585638626079804,0.19643308080808075,0.045355820365471144,0.13719846612127812,-0.11487062139646143
0.11538461538461542,0.03703703703703709,0.09459440337225289,0.009168697217136645,0.13453173434515098,-0.13913234347233305
0.09615384615384615,0.08327759197324403,0.0973797873952672,0.08301267961671155,0.1502689597742362,-0.25152449829332335
0.08653846153846156,0.17203947368421046,0.21281900446141044,0.06093711811154923,0.1971301484436419,-0.22067028219675544
0.038461538461538436,0.1216216216216216,0.1281785355336844,0.08222984139746148,0.11686649729381365,-0.19128844748335438
0.11538461538461542,0.262987012987013,0.25208998718850933,0.15723454446981244,0.2668592958550847,-0.3370576777593094
0.125,0.1204504906333631,0.1276036377751576,0.13676126610722872,0.17168754234649775,-0.3666500046701634
0.09615384615384615,0.09172658876793505,0.13824532123701921,0.061164164161068624,0.13852318796602664,-0.13452106356781734
0.038461538461538436,0.11309523809523792,0.11607842685752578,0.09634642131598248,0.1066718713441766,-0.19084905377319872
0.009615384615384692,0.04198762838468717,0.06131725509715935,0.023222623202949988,0.017076011671528946,-0.018750041645214988
0.05769230769230771,0.10875350140056017,0.1501588470584534,0.10127497034374966,0.06385796490409901,-0.17659932488276875
0.11538461538461542,0.19821428571428568,0.21027377239241674,0.0958134009164594,0.24137451063789045,-0.19876709494574452
0.0,0.05495169082125595,0.05781852696546197,0.07204428211818092,0.025236023021411425,-0.11863303776695577
0.0,0.060827759197324416,0.10472977796815863,0.03784329174170298,0.0277796543823165,-0.1212684405040535
0.028846153846153855,0.09393939393939388,0.09678122058873784,0.0938588020454092,0.0760430200842867,-0.1875946416379234
0.08653846153846156,0.12525303643724695,0.1130757156139236,0.09193991167005577,0.18289444861685616,-0.25828367371686306
0.04807692307692313,0.15194805194805194,0.1859966780517297,0.08012881966505847,0.1120939404258734,-0.1940291609526682
0.1826923076923077,0.2143369175627241,0.21739477726574502,0.17912264913965792,0.3149004314720966,-0.4357137283171628
0.028846153846153855,0.1374542124542124,0.09733727248320867,0.014811281474596871,0.07165699966011224,-0.05516065756222388
-0.06730769230769229,-0.011388529770882672,0.029255367598695958,0.054840927079853,-0.10944272136724315,-0.03571405475052769
0.06730769230769229,0.15276515151515146,0.14077775066118925,0.10856387483513807,0.1501641674779418,-0.26297927110036234
0.06730769230769229,0.2834332334332334,0.2482023137853645,0.08860734859151287,0.16371244351823477,-0.13346153535843908
0.125,0.1808407738095238,0.1545175314702798,0.08159456490929717,0.20255667810006872,-0.23011319208045322
-0.0673076923076924,0.002196241258741183,0.0038255395500575995,0.0841372333010173,-0.07892230846066117,-0.07587654594511206
0.028846153846153855,0.11461765846094207,0.1159563520028637,0.04762440128947787,0.0832752861529209,-0.09221447551880702
0.10576923076923084,0.048436552328324,0.07867281840966045,0.06572393315531078,0.15213132119880302,-0.1865004990020822
0.16346153846153844,0.1797046703296703,0.20494188527098112,0.011310898038321748,0.27615029769671323,-0.13493740219766026
0.04807692307692313,0.06921271217045866,0.08998814366689234,0.06541204800666489,0.06360506338295158,-0.18973770763430697
0.07692307692307687,0.16003787878787867,0.1579426526675699,0.135897983595352,0.15875372843382235,-0.27698922677740734
0.11538461538461531,0.1702380952380953,0.19578305549528574,0.0455519284061815,0.1866133297629763,-0.12705934798286855
0.04807692307692313,0.1563470496894409,0.13907610087045563,0.08310747602772617,0.1148175501201838,-0.15034588901166962
0.09615384615384615,0.2279411764705883,0.21598673025229764,0.12440494121230639,0.19495886558903675,-0.2055840074477442
0.038461538461538436,0.12214381720430112,0.15431681745278758,0.06862583101422381,0.07381057297291893,-0.10563233129762595
0.05769230769230771,0.13248252169720354,0.14703164703164706,0.04945580248643844,0.10862536673181578,-0.12902983823782377
0.04807692307692313,0.14221014492753625,0.15501007585514637,0.05721970233554896,0.12269825964033887,-0.1081247340529834
0.10576923076923073,0.06631455399061026,0.09922326848745544,0.10133214193112139,0.17288596338144108,-0.18332485851346159
0.09615384615384615,0.1839049430961196,0.20550199894727106,0.08050834168373533,0.19623499222954938,-0.20403413267159376
0.09615384615384615,0.2008333333333333,0.22717738428904677,0.08070507831023732,0.20521046668273452,-0.16216340509025995
0.06730769230769229,0.06944444444444453,0.09069637941295361,0.074680679563492,0.12479544924740321,-0.09571926436698985
0.0,0.11129249585406309,0.11848644723874446,0.04642034394416639,0.0514381416826844,-0.08708361660372954
0.04807692307692313,0.2294172932330827,0.2190210001351306,0.07025494607731453,0.1628172321520825,-0.17473203216096056
0.08653846153846156,0.17505411255411263,0.19928486366388043,0.04060986297003355,0.15322812171534472,-0.10948767680077132
0.1346153846153847,0.243313763861709,0.28867434705168615,0.14278218754154892,0.2669369491323679,-0.3205537657386448
0.07692307692307687,0.06587893864013272,0.13323281213906202,0.08477402804313139,0.0988867624350862,-0.2069436190353221
0.1826923076923076,0.36348684210526305,0.34263174160087106,0.10490259058550633,0.4632163113676572,-0.2767423927186011
0.23076923076923073,0.31350872859025025,0.3573516916000824,0.14071024340024163,0.4130973530228319,-0.35184781685604244
0.07692307692307687,0.09055593529277728,0.12530188527431174,0.05188556283757528,0.12157271564273131,-0.15150751074942825
0.10576923076923084,0.2866862567811935,0.21418693838196,0.11448426805068224,0.30126110726237343,-0.22624159420858492
0.11538461538461542,0.20666937229437232,0.23377436911708638,0.08280988170514747,0.22337574485059097,-0.18563931117389865
0.028846153846153855,0.02950277422108416,0.08279525977928603,0.0676169605566298,0.00646439350197292,-0.08952675024098622
0.07692307692307687,0.14258241758241752,0.1655227397627579,0.07359548657510695,0.15699135310815482,-0.13311427828624123
0.14423076923076927,0.21907979407979405,0.2882097557440024,0.14218650369866181,0.2800283438443186,-0.41326063559957504
0.028846153846153855,0.06746031746031755,0.07252007252007253,0.01878969797235286,0.05847592324921136,-0.03874479007484366
0.09615384615384615,0.12204106280193239,0.13871610845295046,0.06831089404079793,0.13289079989303731,-0.19422524258100393
0.07692307692307687,0.26398273273273276,0.24160970663245318,0.05988875694720841,0.1893645486822384,-0.15543022098784043
0.05769230769230771,0.12692307692307692,0.13115446628403227,0.1394301703853308,0.1167697028314646,-0.33943603086720264
-0.019230769230769162,0.046666053245000616,0.07991413351796406,0.08588383401264033,-0.027701419663491267,-0.08527989188301188
0.11538461538461542,0.17634943181818186,0.21085979394023913,0.12040313015318149,0.19126857105829898,-0.18636987226906365
0.0,0.060833333333333295,0.08790391290391286,0.12458015907472053,0.03685692349705677,-0.1946370729789153
-0.038461538461538436,0.07602948127141673,0.06433296413731193,0.09884359507827223,-0.012972277293528123,-0.12271860421201175
0.05769230769230771,0.10170940170940168,0.1110600233069533,0.03572717545872073,0.09341979396502642,-0.08446502027348768
0.05769230769230771,0.11530448717948727,0.11431751119251121,0.09656404675074992,0.10993956962999835,-0.209841225456169
0.028846153846153855,0.03565826330532207,0.10124519319394609,0.037783199028677106,0.018441203731686562,-0.06953481595632394
0.019230769230769162,0.0694508448540706,0.08942086274678429,0.12697432804817999,0.04066078003973528,-0.17921544377897247
0.13461538461538458,0.15934343434343445,0.2136679947516642,0.07212754218293116,0.2065189108745778,-0.19218612399872925
0.07692307692307698,0.16680107526881727,0.18054035619540554,0.05016025568870408,0.1603416557676745,-0.1534949500957723
0.0,0.062121212121212244,0.08715159333797617,0.14140574019612873,0.0028038712914035813,-0.24266512616425606
0.038461538461538436,0.06111696522655419,0.04535824797268462,0.09292818383354773,0.07689829535143944,-0.10979693266553092
0.05769230769230771,0.1717903575297942,0.1888784265380009,0.11687291364625807,0.1248601753776728,-0.1087630129288984
0.06730769230769229,0.17132352941176465,0.16859967414456178,0.0812792158544563,0.15030740017602456,-0.15888094770376726
0.0,0.13869047619047614,0.12006651495214182,0.09402628198359908,0.04176274950163894,-0.11527926099263996
0.0,0.15986517394968092,0.14834498834498844,0.056174204362366975,0.059361549488667564,-0.08286806455142026
0.009615384615384581,-0.03205128205128216,0.006367859845421098,0.010971105052802743,-0.035498941204392065,-0.10000198926243953
0.09615384615384615,0.2449494949494948,0.22599661372592572,0.10720251058816777,0.22401994946781062,-0.2537922039941301
0.05769230769230771,0.08819444444444446,0.1140832615832616,0.0889949884892185,0.0923921216484665,-0.1467382034818444
0.07692307692307687,0.18960084033613456,0.20054935460189183,0.10616634638351452,0.1425191320105802,-0.19065108994703972
0.125,0.13372456964006263,0.19879847794029992,0.08268664607275811,0.19356357611989272,-0.2636141240180949
0.028846153846153855,0.08263888888888893,0.12745195980490098,0.07456225051744536,0.05547619271997606,-0.13786569981552466
0.10576923076923073,0.20158730158730154,0.2089807932469162,0.09296525403157707,0.2306377589874365,-0.19771501899229837
0.05769230769230771,0.09496268656716422,0.10866221878807703,0.015828082706327518,0.10708499568639379,-0.028542363408863736
0.09615384615384615,0.08025210084033618,0.10268738831412072,0.09290722513903638,0.18365941978082245,-0.20723695549975163
0.07692307692307687,0.16929590017825324,0.21877298317652416,0.06819407342099815,0.1564713125357443,-0.09815023342063112
0.019230769230769273,0.09086134453781514,0.0947670728129526,0.06527157738095235,0.05335682132434294,-0.09599161940407219
0.06730769230769229,0.09226952624839946,0.08037739372072195,0.0847392632616325,0.13881482786557864,-0.2085102164615772
-0.019230769230769162,-0.011805555555555514,-0.013254830917874383,0.01073876096491233,-0.01342779116971532,-0.03654603727918715
0.1923076923076923,0.17819730631978814,0.27586179980017167,0.12658525049441194,0.3308569000353415,-0.35977211340672854
0.11538461538461542,0.08821644042232268,0.09977822573242423,0.14368395200158934,0.18044781617154082,-0.22747643712025978
0.038461538461538436,0.06375227686703111,0.0782878577974443,0.06479131479554157,0.06580016400588684,-0.13530604995403617
0.019230769230769273,0.04861111111111105,0.07055917361891129,0.1511431709650476,0.051853433922905146,-0.0935288287805377
0.04807692307692313,0.3046019900497513,0.14555576002944426,0.10360617290708862,0.11099013996574014,-0.15377519445262777
0.05769230769230771,0.16082946336429305,0.15001370129704178,0.04747497783838883,0.09374019325965055,-0.11951185909531625
0.0,0.008064516129032251,0.071874282005569,0.03974774986867158,-0.007484245382639032,-0.052178015089112906
-0.009615384615384581,0.08270676691729328,0.07189206360640676,0.07246371136173768,0.000372339956800416,-0.07951928099923922
0.06730769230769229,0.16410256410256419,0.1874915375720443,0.06897425161652537,0.11956600640974852,-0.15737218709592338
0.05769230769230771,0.1347267928150282,0.14278733028300078,0.1358591981632572,0.11472328064987947,-0.3136451146979339
0.09615384615384615,0.11979107848673065,0.10703250772216277,0.10806445099997952,0.17554579052824776,-0.22627345241237062
0.028846153846153855,0.13585069444444442,0.13947814229952193,0.06950154530518149,0.06669113842897645,-0.07415658469785413
0.07692307692307698,0.13769137792103148,0.16366349902534116,0.02963710899320171,0.1032154279150943,-0.1422015669877678
0.07692307692307687,0.1510197829131652,0.15812513596273448,0.09080584992712293,0.14546035906828952,-0.1748646658087093
0.09615384615384615,0.10649350649350642,0.13824754463272854,0.226037386612976,0.20126904501580295,-0.23464049545611143
0.11538461538461531,0.2581213566507684,0.22931376573617945,0.15519125555109636,0.23552329811281475,-0.19475323657817495
0.05769230769230771,0.08808760683760675,0.09990481740481733,0.12763048584481562,0.1264341240705828,-0.25106412432338576
0.04807692307692302,0.06395861601085484,0.07378052059431117,0.08723255223861615,0.08703502842001343,-0.24263618087531447
0.11538461538461542,0.22363782051282055,0.22659843304152416,0.09236862345825458,0.23134060444813376,-0.2042564940587711
-0.019230769230769273,0.023774509803921706,0.01567224512895138,-0.024740144798717667,-0.011373083444255916,0.0006438912879119796
0.07692307692307687,0.16736111111111107,0.1960317460317459,0.09172260277502886,0.1410264730141172,-0.17607721718198122
0.03846153846153855,0.10576923076923084,0.1429799027348937,0.05546658481177036,0.07002784638441995,-0.13579978280846727
-0.009615384615384581,0.11257575757575755,0.09357142857142864,0.023440060522135764,0.021255630846242934,0.01083583367297647
0.009615384615384692,0.04337606837606833,0.0671109638316082,0.011165588408400429,0.019341307862803636,-0.0075939041941844865
0.028846153846153855,0.007954545454545547,0.0875882945286246,0.12179023133072664,0.047120265945417183,-0.33096118802585095
0.125,0.15631469979296075,0.18024671759875055,0.10530301519728547,0.20560079427171646,-0.2056237858126757
-0.05769230769230771,-0.027788001472212054,-0.022748409937828895,0.08627966209599025,-0.12611133217095583,-0.05319155945911069
0.0,0.07739557739557745,0.037360373056314344,0.10293767007476684,0.05866908810957189,-0.15741671335800633
0.06730769230769229,0.0651098901098901,0.11706879721585595,0.08587488748810201,0.10624500049585128,-0.20916222915473748
0.03846153846153855,0.05520526832002248,0.05487873756612771,0.0861168670189294,0.06658563416857799,-0.16116142207893958
0.16346153846153844,0.2526785714285714,0.275107981723424,0.14637296607954775,0.2990608614601295,-0.3879747133504634
0.13461538461538458,0.17970085470085462,0.21011033879572028,0.09778623973342249,0.23815943350858348,-0.16824637299084944
0.08653846153846156,0.07440476190476197,0.08642093129738482,0.12367391728464983,0.15566636241132942,-0.20487163520241047
0.06730769230769229,0.14448051948051943,0.1724193180734006,0.08934960129032854,0.13462486633069626,-0.23417006216621516
0.06730769230769229,0.02789661319073089,0.08360675956095798,0.025808666575134365,0.07942046985269613,-0.08832422684110142
0.03846153846153855,0.07028985507246377,0.05980677679904811,0.04572200782151503,0.07359990775527775,-0.13816763215708983
0.05769230769230771,0.15249999999999997,0.11546526669427759,0.14090921407816837,0.12732550053679476,-0.15253674693305774
0.009615384615384581,0.013492063492063555,0.03578195210716539,0.08722170822461306,0.036363206478318144,-0.16308581481727402
0.09615384615384615,0.2690637065637066,0.23549660854326038,0.0942153139164007,0.19542091042473364,-0.1914640153199818
-0.04807692307692313,0.05896092132505171,0.05001998401278973,0.12367882532624375,-0.04552870166367584,-0.14738121553532196
0.15384615384615385,0.11321144133644134,0.17448188289394528,0.08786010225154972,0.21022415121973592,-0.2712230757618175
0.08653846153846156,0.1632186598979768,0.1942607679957037,0.11222761140725535,0.17073486894038042,-0.2736239683845829
0.038461538461538436,0.1496428571428572,0.15891535641181365,0.025296810377282375,0.10899415380254895,-0.05890434580437287
0.07692307692307698,0.16233766233766245,0.1705267381254224,0.15882771397940132,0.15291391304489443,-0.2796186903173144
0.1826923076923077,0.18841911764705876,0.2574574134586938,0.07335936611104799,0.3092139019070871,-0.27385640869899863
0.038461538461538436,0.11071428571428565,0.1408726248189256,0.09240202424288846,0.09861732907876691,-0.22477491403273997
-0.009615384615384581,0.06306757478632474,0.10113934191926888,0.0049101352480546145,-0.006423529846954046,0.004431980987595452
0.09615384615384615,0.19917773561037333,0.227084610859345,0.11332700521148098,0.2059348111728299,-0.2832924954572462
0.08653846153846156,0.17191876750700275,0.18685827044035996,0.05772226554212567,0.16930311756907745,-0.12848085575557078
-0.05769230769230771,-0.06444099378881996,-0.033159400065960964,-0.01247936721379117,-0.11573187370141957,0.05648526705340251
0.05769230769230771,0.16423395445134592,0.1549759890156448,0.06875270707533965,0.12205459134152419,-0.15365713825846583
0.009615384615384581,0.06548089591567852,0.10505119398385898,0.051558374061059786,0.030383310808863584,-0.0979876548351667
0.04807692307692313,0.11036910197869099,0.15876519048841897,0.05801416298850037,0.08144210477345964,-0.1547085747456709
0.14423076923076916,0.2303218090889324,0.2759809952528515,0.06006149188068588,0.2551775156382086,-0.17459201356814535
0.04807692307692313,0.10179746240601506,0.09921355434351331,0.02760591110341981,0.07467729839070303,-0.007798365374532268
0.10576923076923073,0.2525875190258752,0.23046755198429736,0.15433527958074633,0.2210928799938202,-0.25256548474698004
0.11538461538461542,0.15514346764346765,0.1664046259105949,0.047836146471331054,0.18954614635901124,-0.16404221309552158
0.125,0.18195734434124533,0.21909430438842215,0.09077553041651187,0.19776744737881874,-0.1022838916251696
0.17307692307692302,0.21729910714285705,0.2769239183755312,0.11319850942430065,0.2933392512190275,-0.2755485611898125
0.13461538461538458,0.18083093377211024,0.22521979529725383,0.11697392102341808,0.22821300008857776,-0.31547010411801946
0.028846153846153855,0.07638888888888895,0.0969405065559028,0.055506550600944116,0.06703318392655205,-0.12730085623890608
0.20192307692307687,0.2699765512265513,0.31385648376152564,0.12614649776610087,0.3637765992386732,-0.3728273777195812
0.10576923076923073,0.19280644280644277,0.23630978556368565,0.08016797132454756,0.18475459432241048,-0.22564697233059972
0.09615384615384615,0.17999999999999994,0.21680432337217254,0.08273973267006463,0.18436999128219683,-0.20642940881987926
0.10576923076923073,0.2310531933819605,0.24020392752787112,0.09837559498694404,0.22138659247541703,-0.20065398451413574
0.009615384615384581,-0.02160350306130354,0.031028926858513217,0.041571528273671055,-0.0404458110455197,-0.07673945802973892
0.05769230769230771,0.10471841704718421,0.17405100224174563,0.0877715235721388,0.10051187337845874,-0.1973754533916917
0.09615384615384615,0.1460892710892711,0.13813837129054518,0.1216589890351566,0.20094833469853252,-0.25090278411648315
0.08653846153846156,0.1122146118721461,0.13108503190961962,0.13026314186761356,0.15379266056831176,-0.24218569740098017
0.04807692307692313,0.15142857142857147,0.15390965562409276,0.15277926872782388,0.11909100603446987,-0.19289784217310713
0.09615384615384615,0.19206209479096803,0.19284268363215717,0.1280419280336933,0.20791859292492976,-0.24444558380574077
0.04807692307692302,0.15401234567901223,0.13518053891892468,0.06716657699791995,0.07294177478844155,-0.09717335441724684
0.06730769230769229,0.11101598173515981,0.15096659659902445,0.07326818935419532,0.15765612967269282,-0.1375404045845976
0.09615384615384615,0.14033961187214627,0.15148346970899296,0.17718261945105906,0.15170606877689619,-0.298041476938601
0.0673076923076924,0.15590277777777783,0.16125869055218933,0.14474870937194528,0.1674235110606998,-0.2614663510868764
0.038461538461538436,0.10559210526315799,0.09796070419477121,0.06782611362134183,0.0601549280993402,-0.07524095792001473
0.08653846153846156,0.07518939393939394,0.13146349694337311,0.07407783978048355,0.12342045276169067,-0.1243364397643445
0.0673076923076924,0.0791538630377524,0.08448434033111452,0.0979282830666498,0.12626323601382405,-0.1314557601696551
0.04807692307692313,0.07956069751844397,0.1287367724867724,0.04746928272504802,0.0679699858479218,-0.09465960344843605
0.07692307692307698,0.15259740259740273,0.18816617447155481,0.04594735920369397,0.1338719830354964,-0.1492623219237008
0.09615384615384615,0.12871674491392793,0.2293868729795503,0.06029488061910804,0.1552889945228762,-0.14991294367643404
0.07692307692307687,0.16506410256410253,0.19186606666230888,0.10232501233507085,0.15605375060821913,-0.1729002321662907
0.08653846153846156,0.1436726623293788,0.1652444644904678,0.16817654225973822,0.1684825561211582,-0.4115853520963856
0.15384615384615385,0.19358974358974357,0.2586944003081515,0.06826605527689589,0.24971552838667144,-0.24818333128233316
0.04807692307692313,0.013864607614607616,0.06926411982119363,0.08658111407995106,0.03338737788908275,-0.2636501885454856
-0.04807692307692313,0.006686236138291002,0.02071491183743568,0.08625434774667773,-0.07289152766788454,-0.13467532219204192
0.06730769230769229,0.11095085470085475,0.11086297215329466,0.0750151113303984,0.18737638443630444,-0.1364924252616837
0.04807692307692313,0.06799349547511313,0.10711678357407806,-0.019041618504348823,0.08175651175029691,0.008220027637213634
0.07692307692307698,0.02514097744360899,0.06368305913303324,0.022776085489020104,0.09334509248472,-0.11418797236558331
0.1923076923076923,0.26401098901098907,0.28979261794323463,0.13095877729688432,0.2848546547262049,-0.3639794308044124
0.10576923076923073,0.2205853174603175,0.24872962245837826,0.09151090809130669,0.21461165353763267,-0.26095471299886486
0.1346153846153847,0.043740981240981136,0.11003901732129528,0.055276043571193534,0.1694435432301496,-0.19868309061703027
0.16346153846153844,0.2225120052988906,0.27347613307258856,0.15446718762394485,0.2863591698697061,-0.3443785017411153
-0.07692307692307698,-0.050163800163800176,-0.04811410084431467,0.0467158914089808,-0.11651761444801195,-0.02452226545160152
0.09615384615384615,0.1393939393939394,0.13277310924369745,0.08806097958836578,0.16755532413065183,-0.19472662892835046
0.08653846153846156,0.13324228093063706,0.19795753370121216,0.09565959762881204,0.15843030606187042,-0.19338099734600978
0.08653846153846156,0.19270833333333343,0.23657423818714135,0.048694178628389095,0.1825993252703345,-0.11726477447634476
0.09615384615384615,0.08762626262626261,0.10930963512869663,0.08515794935073473,0.15734562417957537,-0.21401511413405638
0.09615384615384615,0.31705948372615034,0.1785245912485688,0.16881304592193913,0.11899154819502095,-0.29217311059930284
0.06730769230769229,0.15982142857142856,0.17712764846759643,0.07774307876559727,0.13107303414632726,-0.1374778132111859
0.038461538461538436,0.050000000000000044,0.04616678985581313,0.08898638754407973,0.05151548671011874,-0.1393038668229143
0.16346153846153844,0.10035950532067872,0.11732362925789652,0.1473303832652043,0.21096798940662548,-0.3451850477884768
0.10576923076923073,0.10192099567099566,0.1689698250029812,0.06301294626063425,0.1623971328891275,-0.17419758728959522
-0.038461538461538436,0.021622474747474696,0.03185913185913192,0.061916471940951734,-0.06948858780678746,0.010170917446742811
0.038461538461538436,0.16326797385620906,0.13035295179179018,0.04858992368757531,0.11907921148889722,-0.10205380933214903
0.11538461538461531,0.140435606060606,0.160235572599703,0.05776195003463491,0.21088415800547605,-0.1330368179453827
0.009615384615384692,0.05258467023172897,0.09341904473435592,0.014557603808031394,0.007310888807140481,0.0036087188152229555
0.14423076923076916,0.2611540111540111,0.22964087813042794,0.1735306851693179,0.2639345645076446,-0.3665956122831542
0.019230769230769273,0.17222222222222228,0.13720446220446214,-0.007988140446641756,0.0680063842803229,-0.011940563122534442
0.11538461538461531,0.1320465686274509,0.1482864509246089,0.05844880565862698,0.15844813340610453,-0.18919150156620002
-0.009615384615384581,0.15311566367904395,0.07170881963333176,0.07855540483907197,0.029876417548083456,-0.08642830901722431
0.06730769230769229,0.1301816239316239,0.1661790769138506,0.06418747476488584,0.12494260253587114,-0.21891851377873195
0.125,0.12537707390648567,0.17338707393981256,0.11064805691711488,0.20535722343181528,-0.2493000925549711
0.09615384615384615,0.1776397515527951,0.20132065520274645,0.10154813976543775,0.18100131236197392,-0.23516168125226167
0.04807692307692313,0.11755952380952372,0.13297903883738915,0.10835277717972935,0.0755177966126897,-0.22071393205592194
0.09615384615384615,0.12661126187245597,0.15976754131779747,0.11275536962361865,0.1682636883355535,-0.253268206412533
-0.009615384615384581,0.06419832124057467,0.09408273979045167,0.06157425012978324,-0.01245570484616021,-0.100703651886074
-0.04807692307692302,0.04451476793248954,0.047513820133234574,0.09383836146996061,-0.03940045158153993,-0.10230307068039912
0.08653846153846156,0.19320175438596487,0.20581530851082608,0.12200402386963849,0.20630364766581138,-0.26570834264168297
0.009615384615384581,0.11805555555555547,0.11363892368318818,0.07641412306201545,0.03341154605945096,-0.12242182093309306
0.009615384615384581,0.07619047619047614,0.09895132039404397,0.07779236694677871,0.02860089532818122,-0.11007091129776314
0.07692307692307698,0.15372670807453415,0.1805395256413963,0.0737755508598179,0.12763296485736636,-0.1388178058224252
0.125,0.17666666666666675,0.20390404614542545,0.11476529845872507,0.21361692931031334,-0.20407672612822036
0.038461538461538436,0.07410714285714293,0.09810647592797084,0.040753721391183384,0.06252026143534573,-0.08256016002917399
-0.019230769230769273,0.03973475355054301,0.08292438555596449,0.008506106003466796,-0.04349255805837132,-0.06298047554990494
0.0673076923076924,0.15059931506849322,0.1789749124427778,0.10754498976073767,0.13049671824580134,-0.2509085318201003
0.05769230769230771,0.12578227931488806,0.12508796028532876,0.04328056126026858,0.1250865766185067,-0.16330044302034374
0.06730769230769229,0.15745614035087707,0.15145699164367254,0.1356753093899693,0.166106506667078,-0.19995757191440133
0.09615384615384615,0.17454289732770745,0.18571943048644407,0.11449667637671335,0.1705850930098508,-0.24547256979384124
0.11538461538461542,0.19050802139037437,0.23833345940667594,0.07152324575252622,0.23027815391071238,-0.1522172727538274
-0.0673076923076924,0.0535714285714286,0.062251679698488216,0.10210564692866875,-0.08267805232624026,-0.14399588396113716
0.04807692307692313,0.32916666666666683,0.1896078493872011,0.09948349584398974,0.14169342998099843,-0.12728292259081775
0.09615384615384615,0.14421381088047747,0.17825255869957868,0.12627169203605648,0.20502019139113056,-0.2612041708971726
0.028846153846153855,0.03877819288778195,0.1341741853666092,0.04887728836143834,0.006035270867486564,-0.16270136158016335
0.009615384615384581,0.07986111111111116,0.10925945585564822,0.055792413333756063,-0.0005277467253037571,-0.11772591829951573
0.07692307692307698,0.08010563380281688,0.08295195960667923,0.042437134272784505,0.13283199737722906,-0.14482169264270428
0.019230769230769162,0.08224206349206353,0.08098390167355685,0.04158673858193085,0.052897041283572754,-0.025691671992129517
0.03846153846153855,0.1071428571428572,0.1381262678251729,0.0874784334023464,0.08583402470001478,-0.2287493333135433
0.0,0.04648109243697485,0.09142264452303828,0.04713754398094172,-0.004337321570753727,-0.08528320547577117
0.13461538461538458,0.228079762247148,0.25355434532426524,0.1292428218688083,0.23231460620750521,-0.3260047738261177
0.019230769230769273,0.08576458752515081,0.07671750792427579,0.04096901779310658,0.04927252985304076,-0.052047495379316966
0.06730769230769229,0.22578828828828823,0.1936592006503839,0.07437755801498036,0.1843652834181651,-0.1686087883054489
0.019230769230769273,0.03125,0.010242443476337515,0.09283779231389522,0.0374334978618765,-0.0767092323694536
0.04807692307692313,0.11999839948783597,0.1313027543184524,0.10373368581888853,0.08320323680584929,-0.21998079824511352
0.16346153846153844,0.2539617486338799,0.27000637486475404,0.0949022197417978,0.27959841100085553,-0.271503484218632
-0.019230769230769273,0.03136259232570704,0.06060842004133771,0.06430224329424994,-0.025984191735328732,-0.13017912373435092
0.11538461538461542,0.11226173020527863,0.15521982333027085,0.13429100130488947,0.1926528722768691,-0.28387000933433737
0.09615384615384615,0.30035589410589414,0.29519695731768314,0.1784883547847146,0.2921006033175952,-0.3795310508027713
0.04807692307692313,0.036945346320346406,0.06857653511802742,0.07668160694130466,0.05418394042235619,-0.17853563347145662
0.0,0.005305152363975885,0.05957840713938278,0.06601098464465771,-0.014020418421139658,-0.11348027031981622
0.09615384615384615,0.12214356681569793,0.14784599171763368,0.1272861994309753,0.1648235377666703,-0.30363752614438144
0.07692307692307698,0.12428355957767712,0.15356420804182003,0.030161534718448957,0.1349373634688048,-0.06592204968124993
0.019230769230769273,0.07417582417582402,0.1344512964766129,0.06915546297414432,0.013590750620755987,-0.09427032994805185
0.019230769230769162,0.05494505494505497,0.09179535742035738,0.0940007662842196,0.032194908890132545,-0.20334116289980242
0.11538461538461542,0.18035714285714288,0.18546222317225314,0.07333872554556709,0.2168093804541218,-0.1602846202170356
0.04807692307692313,0.08750000000000002,0.14846259212488888,0.010985471491227972,0.06904139788430153,-0.05472595326650165
0.028846153846153855,0.1200854700854701,0.1031584656653135,0.08077407873908737,0.05881095749040127,-0.1469497612625955
0.03846153846153855,0.0897451963241438,0.16368147385627219,0.06233379316638943,0.05635284763965975,-0.15379381176667328
0.09615384615384615,0.23040293040293047,0.19368308080808072,0.1333147338708044,0.16938886785240947,-0.21290504267993976
-0.028846153846153855,0.07597402597402603,0.07731674713791492,0.10191081320113582,-0.017768388049938744,-0.1323266950297023
0.009615384615384581,0.09346179183135706,0.12301563733070581,0.1230432771412785,0.03545526188038983,-0.19346837940705575
0.019230769230769273,0.01316550925925919,0.039991501886166736,0.06204007801802125,0.015451755368279918,-0.04439076663754038
0.06730769230769229,0.12168774852598385,0.15718569065343269,0.11342411224036175,0.11021311269475081,-0.18829831872516045
0.05769230769230771,0.13128205128205128,0.11966089466089469,0.15234996874119466,0.16381826942354888,-0.25250272450754474
0.15384615384615385,0.2431441107911697,0.24730746668133252,0.12730336056292957,0.2856444412392247,-0.23075318915830445
0.14423076923076916,0.10069444444444442,0.13164356134118704,0.14935516907910207,0.26438736288971415,-0.36292209621449667
0.16346153846153844,0.127960927960928,0.1519604365429168,0.12194504795593253,0.2671319716013047,-0.2690869543709743
0.04807692307692302,0.13166311300639655,0.1410940603631634,0.1622072183973421,0.10874760422290897,-0.21355398957646654
0.019230769230769162,0.01602564102564108,0.12654137839514812,0.07222765215553684,0.01880342333860585,-0.17337648088588642
0.04807692307692313,0.18700396825396837,0.18535341751785084,0.10100698423308718,0.16210668386492716,-0.15846410532439492
0.0,0.09800724637681157,0.08489498838011877,0.09476675047239447,0.030271289968149873,-0.12695601171408172
0.09615384615384615,0.17412935323383083,0.22531764215126915,0.11812795184800418,0.19145012309087311,-0.21042730587950376
0.10576923076923073,0.18332052970441903,0.20386830497488523,0.11098860297686286,0.20451769768396455,-0.2805794969145897
0.019230769230769162,0.04534313725490202,0.061077408773101194,0.11994598401158207,0.010891698825523544,-0.131340369430338
0.09615384615384615,0.1661858773360091,0.2174257212129358,0.030662606259579284,0.18068061348769338,-0.1110025324999333
0.10576923076923073,0.1544146825396826,0.1802406341316567,0.10935941878544053,0.18780756886659566,-0.21682107482655089
0.04807692307692313,0.237012987012987,0.17941244731340134,0.09761084798780939,0.23542805781286497,-0.17003243909413024
0.038461538461538436,0.10110523038605235,0.09650710480316471,0.0716360449808513,0.1052234143013776,-0.10219395545272375
0.10576923076923084,0.13706784083496404,0.16869404125775944,0.10448723925468517,0.17573041623442448,-0.26364637148562886
0.06730769230769229,0.20942599067599066,0.18069716509542633,0.11460990388807146,0.20305879145041328,-0.19253668906319354
0.13461538461538458,0.21245421245421248,0.24817035796011772,0.17925963586153915,0.33260413375988573,-0.3079124457607012
0.08653846153846156,0.18362000318522054,0.19248816485658593,0.09018351433120997,0.17745504541675144,-0.1881697217443412
0.11538461538461542,0.10440797940797941,0.09971057636649305,0.03978309831570703,0.19375153130465095,-0.12521055191709252
0.019230769230769162,0.07380952380952377,0.08552816174399569,0.1334717220221422,0.0477507670911379,-0.17585963675877447
0.10576923076923073,0.13119369369369382,0.1731717474596035,0.09242300474831533,0.17140652858506933,-0.2106269072175765
0.05769230769230771,0.15150032615786035,0.15237254575489867,0.09834470632215675,0.06388866941507909,-0.1447534724326684
-0.10576923076923073,-0.0310897435897437,-0.04813323712221873,0.060945878879771986,-0.16028281625136026,0.007805560694275515
0.07692307692307698,0.10183128275233533,0.1429246624022743,0.11031017448435243,0.10916656898678667,-0.22200245191994228
0.10576923076923073,0.1087524562063632,0.12778764563452338,0.060485837633008965,0.1526771965807619,-0.21811190441580552
0.05769230769230771,0.10402397260273966,0.1381729019034359,0.10686231538640534,0.11264133816252242,-0.14172968475371628
0.019230769230769162,0.1343093093093094,0.1294908924879763,0.06824192311646904,0.07815545108918209,-0.1178457151597222
0.06730769230769229,0.03269230769230769,0.07788938276252755,0.09056368400549342,0.1015464574944539,-0.18976045787607665
0.009615384615384581,0.11878787878787878,0.11906197069250601,0.029010647999059835,0.046733296815136494,-0.052810532271363675
0.05769230769230771,0.10420807592443371,0.14919397419397418,0.039321176120814205,0.0839730419817184,-0.1110166618232632
0.06730769230769229,0.08290782927467932,0.11963425691961682,0.10872438109786431,0.1112368942715295,-0.22829686717813347
0.019230769230769162,0.15101727982162766,0.14365275017719092,0.08583676650326111,0.07484038558501305,-0.19222756170898536
0.10576923076923073,0.23451709450903646,0.2660115469957556,0.13778070088097083,0.21598272660264384,-0.29379662068106094
0.05769230769230771,0.14294372294372304,0.14483351615704554,0.163681369336106,0.13078973622984658,-0.22886446050727116
-0.009615384615384581,0.04977477477477488,0.02948098963668777,0.09325232068179712,0.026707661273315253,-0.11749790700239049
0.0,0.0732638888888889,0.08611197794767778,0.08335737857252545,-0.001979692886935891,-0.09311531035575749
0.0,0.09285714285714297,0.07253553971568227,0.05545611329638245,0.0039263064009738,-0.08967159204071184
0.07692307692307687,0.14336012246459995,0.162096828121169,0.09252494763748031,0.14069691457019418,-0.26694024795026927
-0.009615384615384581,0.048958333333333326,0.03960885067800435,0.10279555562648957,-0.035464894930107405,-0.17349443497309724
0.07692307692307698,0.10283672891907192,0.13561968256469614,0.0366283543931345,0.12415166138955691,-0.06159490461703787
0.009615384615384692,0.12695997807017545,0.09776193243935183,0.016876591568398602,0.044691218228487095,-0.006399128294245715
0.08653846153846156,0.15308227808227814,0.1635289655609854,0.07570774004219594,0.16072056291649428,-0.136997937248024
0.04807692307692313,0.11786786786786796,0.1279471798608116,0.10916704186536064,0.0930032956534278,-0.18420103146933708
0.15384615384615385,0.3006139400505598,0.3006429190765214,0.052996860576565163,0.30564958236723105,-0.177965983154186
0.08653846153846145,0.20547715053763432,0.2097283297348938,0.08086098799963792,0.17566669513300226,-0.17185449793815644
-0.019230769230769162,0.06853991596638653,0.10980163657951181,0.05730030648623097,-0.035541403486746614,-0.07001456522034888
0.038461538461538436,0.1588321596244131,0.16783222483046434,0.07208116137764908,0.11755037793985623,-0.13928270861025593
0.11538461538461542,0.1510111778768496,0.18964250893780354,0.07940207925822029,0.19083859750811527,-0.1600795518402338
0.08653846153846156,0.14100758396533042,0.17550953103691447,0.10412862309705773,0.16141998483975317,-0.2015441908276241
0.038461538461538436,0.09507575757575759,0.08473913096650376,0.13818997122099774,0.0852539742644271,-0.2688988500952787
0.10576923076923073,0.24015873015873013,0.21642741740824833,0.07584806638929009,0.24852170333875312,-0.19583080226042693
0.08653846153846156,0.12987266112266116,0.18120186265347554,0.08485201823780375,0.15543719073739298,-0.20182226150383487
0.11538461538461531,0.12834448160535128,0.1526200620307061,0.09023784510003452,0.18102899128415523,-0.2855544742972984
-0.019230769230769162,-0.02137826961770617,-0.031093564729951284,-0.012204334980153053,-0.05416705875423333,-0.024229820516666445
0.03846153846153855,0.20087121212121217,0.1919229427032214,0.018537686090426497,0.14578474536266944,-0.06283195026128152
0.06730769230769229,0.11597593582887689,0.14767994154183417,0.14255180458047567,0.13903657744933562,-0.2866013264876005
0.15384615384615385,0.23568302891933024,0.2585281753492873,0.15762685452099656,0.2818853590717858,-0.3655375195907809
0.009615384615384692,0.008342352092352123,0.03322632432221473,0.04013824476144179,0.00984486268251994,-0.05973760779285531
0.09615384615384615,0.13285024154589375,0.1883254331122901,0.030384701477900622,0.16446002680122862,-0.13900406638193574
0.10576923076923084,0.1753472222222222,0.1609982190376591,0.09949568717061918,0.21691682750382862,-0.20129085845328387
-0.009615384615384581,0.17088963963963966,0.16290088187395135,0.13310324771753712,0.06059338952638388,-0.19423936728216518
0.14423076923076916,0.18525641025641026,0.20538393997445725,0.12242086001860075,0.26929306563163796,-0.3035742547788739
0.0576923076923076,0.20937499999999998,0.20755928853754946,0.07426800330895167,0.12803270935500344,-0.12257199955260667
0.019230769230769162,0.011992296918767575,0.0806218238283456,-0.0022953120642196234,0.03410406782305575,-0.03697959992592925
0.03846153846153855,0.1807432432432432,0.1918994490692124,0.056681430314242776,0.1187354388625142,-0.14317035570848313
-0.06730769230769229,0.06017334470019886,0.03732991177002054,0.04537612146307801,-0.07166832365849118,-0.043265476723606255
0.09615384615384615,0.16334706959706957,0.16007352941176467,0.11776100735535833,0.1945389785580796,-0.20048762222770433
0.019230769230769273,0.08333333333333337,0.09304092258267582,0.049159942072867224,0.029766550075779885,-0.05118800397764067
0.10576923076923084,0.14893018018018012,0.1862211526595089,0.08656382930936501,0.219740430519561,-0.1891636832937682
0.13461538461538458,0.17505411255411252,0.22695440210384293,0.06725778995924481,0.2100783507240649,-0.20995459844145892
0.019230769230769162,0.046575342465753344,0.03350636241206051,0.05516255653151414,0.0559813730613683,-0.08341028989010602
0.13461538461538458,0.2195916728440821,0.23394982993197289,0.05377875085904371,0.2850687746903095,-0.19218828131584564
0.038461538461538436,0.05147714604236331,0.08329930852076672,0.04870499735564138,0.07001513149628846,-0.1489928018164587
0.09615384615384626,0.14334898278560249,0.17021031147798704,0.07052529021653042,0.16627022377847456,-0.1993778222812761
-0.019230769230769273,0.03337682104805384,0.07357871717625841,0.05906933647497592,-0.024590539176305715,-0.1030364994505345
0.07692307692307698,0.11207853179684157,0.17485964302903179,0.1112152170422046,0.14704689642419022,-0.25774484319672886
0.04807692307692302,0.10842422502870264,0.14803240740740742,0.10580710756962897,0.08996793505357059,-0.22558232512769416
0.125,0.14158653846153846,0.1803032138242895,0.16230287112376296,0.22548919849556237,-0.4316828465563607
0.04807692307692302,0.13214285714285712,0.14675050435841797,0.13105816794803027,0.0894616189579241,-0.21365829919908985
0.009615384615384581,0.08386752136752129,0.11045935782430794,0.04607516425741376,0.04568484159501146,-0.05992923596155608
0.038461538461538436,0.037518037518037506,0.10329939361854257,0.03993316624895571,0.02205669395080212,-0.1733356248913278
0.06730769230769229,0.13778409090909094,0.11200293670112582,0.03696349589459802,0.16816598821381945,-0.11970897222519161
0.16346153846153844,0.20829562594268475,0.1940803748379173,0.10550803952472632,0.3018879151920421,-0.23762999972960597
0.04807692307692313,0.05891504329004327,0.0469841520837726,0.06365060378218279,0.08816411065400881,-0.1252639338593311
0.028846153846153855,0.14679487179487183,0.17072037901376347,0.05942457997929129,0.0814050605707593,-0.12407489360497381
0.125,0.17584988540870894,0.21841594144018928,0.17234110897535926,0.2066312240597129,-0.42616278464473245
-0.04807692307692313,-0.014705882352941235,0.014741665610983223,0.06707373841009268,-0.10097563761010486,-0.08019514741309974
0.09615384615384615,0.16584321475625818,0.18990153724437508,0.08294848340649541,0.156344434954112,-0.16440426201492564
0.125,0.17119565217391308,0.175518973404296,0.12139251855939004,0.225229685048973,-0.2757631752053278
0.009615384615384581,-0.06001984126984128,-0.006262405743502786,0.020635556079315887,-0.06306450521530005,-0.006216725661155498
0.05769230769230771,0.19842032967032963,0.17547296539833845,0.08319066809416065,0.1592285284007563,-0.16066141994718675
-0.009615384615384581,0.024147727272727293,0.036040899259693115,0.0668185127484523,-0.031291660267566856,-0.07477351736748117
0.08653846153846156,0.24859667359667348,0.21194548899463506,0.10231795178492509,0.15743873369737815,-0.19200535223459658
-0.019230769230769273,0.05931731667025786,0.10369816439779123,0.07874016496456371,-0.01204207960422754,-0.11750528357156698
0.10576923076923073,0.16663327991452992,0.16961711890720454,0.06556445738417183,0.20260668747011334,-0.18564346578586322
0.028846153846153855,0.05380137129478668,0.095537307163029,0.04001368919130166,0.03916933967953595,-0.08625125969819136
0.05769230769230771,0.1207750582750583,0.11784124410219954,0.05422960805462518,0.09867649511476051,-0.16459306435830978
0.038461538461538436,0.12202380952380942,0.10939620143359352,0.07780685188293901,0.09052779811374356,-0.05658004190210297
0.019230769230769162,0.10238095238095246,0.09040865607744653,0.056072428971588595,0.06576135744184286,-0.09929980428944352
-0.009615384615384581,0.03437499999999993,0.038779737691174265,0.04892010195035468,-0.02147349396567083,-0.11206771654198744
-0.028846153846153855,-0.005478559583037224,0.03699501602551003,0.01692506107274372,-0.05775444632136939,-0.014499226444263713
0.019230769230769273,0.13283777625882875,0.10879549781790654,0.07941338417344612,0.03785804645422175,-0.10290554410653063
0.06730769230769229,0.14477926587301593,0.16100445038864153,0.05227769752767042,0.1285479670088442,-0.1405538825028294
0.06730769230769229,0.18474333885292804,0.19250661953804205,0.09125691785383272,0.1478774203103531,-0.18411067387685293
0.06730769230769229,0.10381831709956713,0.12674108780289928,0.11814309798155986,0.11464130222732444,-0.2765770877853002
0.17307692307692302,0.19761488511488512,0.23487898484704706,0.0022094049794538773,0.30542173512741366,-0.19204343085183173
0.05769230769230771,0.13563492063492077,0.13986871914641907,0.10347708351338114,0.09906271415768231,-0.2301957588363851
0.15384615384615385,0.14827935222672062,0.13603017167088172,0.04968872865246998,0.24596671339859622,-0.1948907882193866
0.038461538461538436,0.1992559523809525,0.1747142240563293,0.05422744536511814,0.11947584401361122,-0.1585506374109219
0.07692307692307687,0.09102564102564092,0.07464921110480871,0.11140751490127099,0.14859902733535524,-0.24269489856684778
0.03846153846153855,0.1441040843214756,0.15182056084777673,0.046339439637180346,0.09607491567379395,-0.09103541390188419
0.17307692307692313,0.4035795825179387,0.33016534119475294,0.15558577508153026,0.3830125198267324,-0.33213682220184215
-0.009615384615384581,0.17462121212121207,0.1573530395098357,0.07299865183491971,0.03586539590645488,-0.14172927016547893
0.07692307692307687,0.21794871794871806,0.17352928654298505,0.050560905041062476,0.13434442711495415,-0.0769676981518117
0.019230769230769273,0.07912087912087895,0.1027586196953919,0.07176413883691735,0.033462866037538674,-0.15050948667596897
0.125,0.2159784464361929,0.21184255937697882,0.12014938311736978,0.2655153463914845,-0.3139856185445197
0.10576923076923073,0.09085879873551095,0.10727365579006543,0.017873029074580327,0.15243010662108308,-0.11915903916005233
0.04807692307692302,0.1034722222222223,0.1472650875414243,0.08032579385728233,0.0764699438418297,-0.19486339152571197
0.11538461538461531,0.24451243201243195,0.25093635642183165,0.15326322089562627,0.2607859471161611,-0.3724520926597038
0.09615384615384615,0.19678932178932174,0.22613377415436908,0.1004545839786114,0.19919759440294005,-0.23739015866400792
0.11538461538461542,0.24240365612648218,0.21940452448408387,0.1246723588728651,0.2353092546477329,-0.27210585454754677
0.019230769230769162,0.029427083333333437,0.02729162360468118,0.07422026192986875,0.038490770375582684,-0.0626273876945298
0.13461538461538458,0.3010317460317461,0.33861470160144563,0.05997745801284815,0.2650107026052933,-0.21649008897671007
0.04807692307692302,0.15097402597402598,0.17778117307529073,0.09501349234110112,0.11762571140651895,-0.1639523810146013
0.13461538461538458,0.16900780379041247,0.17967168226119634,0.12255795432214278,0.2559233680402351,-0.1759018841421457
0.09615384615384615,0.06842320261437906,0.08555643184117134,0.11336248258377746,0.17123651097230957,-0.1852160061766014
0.125,0.107051282051282,0.12752258093872992,0.1059262138673206,0.21412191972691919,-0.19593121097453825
0.09615384615384615,0.21777777777777774,0.21260468680742295,0.14881635796510118,0.2088763741084128,-0.36744850994072775
0.10576923076923073,0.18333333333333335,0.2270250437996496,0.07973793201642387,0.21960294593571184,-0.2788318365561395
0.05769230769230771,0.13157365510306684,0.14435810784647984,0.10353761417438312,0.11611172284138827,-0.18711478356169198
0.14423076923076927,0.25184435447593356,0.2693400203699994,0.10646828091265703,0.2694584505077232,-0.2604031096757561
0.019230769230769273,0.10274725274725272,0.08892733465101887,0.03395423369941741,0.0534495114138922,-0.11802422562110693
-0.009615384615384692,0.08363970588235292,0.016972598819767426,0.15632401985003508,0.04760398207619326,-0.24796244825280744
0.13461538461538458,0.20779220779220775,0.2157911807167996,0.11065482491015888,0.24673601913638127,-0.2708841703422784
0.019230769230769273,0.11517857142857146,0.13521923532045865,0.06118140856913079,0.07535695530960645,-0.075376678253116
0.14423076923076916,0.17454728370221329,0.22393806729582794,0.10877994442217798,0.23884176135979757,-0.25965624172139745
0.04807692307692302,0.07229166666666664,0.08624942825468451,0.06937187064611638,0.09672581567899946,-0.11210933968257475
0.028846153846153855,0.16647104851330197,0.1568854194138326,0.11504726977358404,0.1102962423849902,-0.2189298845152533
0.10576923076923073,0.1239734299516907,0.16018375933488982,0.088644871727531,0.14856515383648716,-0.16627684381928765
0.07692307692307698,0.205103668261563,0.17089753454341905,0.08002698437043754,0.15550002589389,-0.13117724490839006
0.16346153846153844,0.1861888111888112,0.2165179428414722,0.05801900230924084,0.26230274431847206,-0.2647543818217406
0.08653846153846156,0.16205968688845407,0.15244859499976926,0.019698312409591523,0.16285200862131627,-0.04546200209465667
0.009615384615384581,0.13021390374331554,0.14264563428513333,0.10394647757681019,0.06722037292685701,-0.0983769882877813
0.06730769230769229,0.12914781297134237,0.1474234805222704,0.06692671826334617,0.1125080051999115,-0.1310593115743608
0.125,0.18716143011917658,0.18310195550964947,0.14024372699235577,0.2683616367347913,-0.24596943908193647
0.05769230769230771,0.10892857142857149,0.14014315828078844,0.05535951359710545,0.10697611238541677,-0.14817344596037263
0.06730769230769229,0.19453227931488792,0.17558279258195864,0.10925031006338337,0.1423831024810439,-0.19959097015293703
0.16346153846153844,0.20267232767232762,0.18387720395166474,0.17042515505690725,0.3048144108336707,-0.3696768868297241
0.125,0.24820261437908497,0.2514289473966893,0.14808670617208808,0.28586443585368937,-0.37422287893946454
0.10576923076923073,0.18189205161036148,0.24717270202136898,0.10404987410801847,0.19695104204157832,-0.29279132253934115
0.07692307692307687,0.12187283437283436,0.14093960956029927,0.10319846376493547,0.1244073421720841,-0.14725402962949907
0.03846153846153855,0.036514945652173836,0.03776601948594438,0.0963735478333263,0.07304612792315057,-0.16966780810729298
0.08653846153846145,0.14338235294117652,0.13674999209515104,0.15435307737991377,0.20556083157498467,-0.24816343331235413
0.06730769230769229,0.13970588235294124,0.2249199363564528,0.032470290753958686,0.11213278932055215,-0.0987700386189091
0.08653846153846156,0.17417527821939605,0.11256215720755525,0.16468918550759626,0.19835342887631358,-0.3282996327757648
0.05769230769230771,0.2861538461538461,0.19427508537220772,0.09349123101497547,0.18138898408623494,-0.17158604008588008
0.13461538461538458,0.22112676056338032,0.24469773725092858,0.10650072237226982,0.27177726064569036,-0.1781268622125769
0.08653846153846156,0.06354166666666661,0.06517672130048902,0.14246150362318843,0.13638395122715247,-0.3072463717492248
0.019230769230769273,0.026400560224089653,0.07059705154463214,0.046855210239237,0.016783797915992604,-0.10923106845467512
0.06730769230769229,0.2087194337194337,0.19603910930559543,0.07058802723696356,0.17276737106436812,-0.12757757851000462
0.1826923076923077,0.15758841661258927,0.2193714056054375,0.10826689911721377,0.33737506447482146,-0.28560625722986877
0.10576923076923073,0.15447957839262194,0.19297457797800965,0.11116516453661762,0.17388924427993413,-0.2646866869169703
0.019230769230769273,0.06750965929048136,0.0381131834344437,0.21895805035544869,0.07391566074208056,-0.2093660913884829
0.03846153846153855,0.060613682092555354,0.08090314483118088,0.01054655747008948,0.06958331342351487,-0.04375924776541007
0.14423076923076927,0.21826298701298702,0.1993406534269196,0.08135831875719168,0.31928930638502256,-0.28464639752490084
0.05769230769230771,0.17817655145325995,0.18828486986097737,0.12369521854843835,0.13738796452440077,-0.22503324282240245
0.038461538461538436,0.13752371916508543,0.13819658824781778,0.06183667655891689,0.0757822892937321,-0.04439762117253088
0.10576923076923084,0.164781746031746,0.21203504421466335,0.1529766402579038,0.1701849465997713,-0.25468791034140514
0.06730769230769229,0.14861647361647368,0.13864047019943393,0.06936594649360606,0.15570361538349387,-0.11951599421410919
0.10576923076923073,0.12024087024087027,0.1455230561246047,0.09134647312425304,0.184975452891477,-0.20107450640933244
0.09615384615384615,0.12616550116550118,0.15972316004245352,0.05283140658724028,0.14957363301756932,-0.15655047829216373
-0.019230769230769273,0.047794117647058876,0.07928652043544915,0.022576191935107404,-0.032757213021319176,0.006910055294691797
0.04807692307692313,0.10895455895455886,0.15029358836284834,0.08234456894672526,0.10675174176116725,-0.1931739461695402
0.1346153846153847,0.13467772692601065,0.13410768021773722,0.09028223131357815,0.22680411041352333,-0.24902714705985207
-0.009615384615384581,0.0623532863849765,0.1055641781063722,0.06767206716471841,-0.007135975700561126,-0.0841573273177535
0.06730769230769229,0.11850649350649345,0.14523572383154548,0.05399971848929208,0.12129225458474291,-0.15003685432455893
0.028846153846153855,0.17207792207792194,0.15947792641665398,0.07977612579968985,0.107108406955579,-0.14881141706552992
0.04807692307692313,0.08257103257103249,0.10273253681222472,0.07842958634137565,0.0719474851027172,-0.10961008570424768
0.08653846153846156,0.1902958152958153,0.24241256545824486,0.06346637130428001,0.1755797584448897,-0.15309415903033097
-0.028846153846153744,0.04916666666666669,0.03884732417341108,0.048323263545161144,-0.029965353924913396,-0.08042895212763956
0.08653846153846145,0.13965744400527003,0.17709792966012838,0.05671359963085065,0.1639079595151538,-0.17102978582948491
0.019230769230769162,0.10166666666666657,0.15757119279539555,0.0894465575163148,0.0729905322204229,-0.17277988359891394
0.038461538461538436,0.12230288364589637,0.12867250766165816,0.07073235528058819,0.07755121686345645,-0.1920293819800558
0.038461538461538436,0.11989157165213493,0.11205539065251291,0.10500319180685247,0.09990707922419167,-0.1703558239961046
0.009615384615384581,0.09187893907563027,0.1032679812170475,0.09457450269811973,0.022153613591806898,-0.13074548348979675
0.10576923076923084,0.24375000000000013,0.24352737905369481,0.12325447856064309,0.20103639191557043,-0.2333287178388881
0.0,-0.013194444444444509,0.011929593175543651,0.04534512318813211,-0.020352605887291764,-0.10197603067614924
0.15384615384615385,0.2301282051282052,0.21838345613180055,0.10762100527569252,0.24319946879777854,-0.20845594783561583
0.038461538461538436,0.039271255060728705,0.06499528468914739,0.115477570477732,0.059487052090281656,-0.14872872060419717
0.09615384615384626,0.13801613097387744,0.14532549784348348,0.05936118020255343,0.18392195419460416,-0.15695799207303573
0.009615384615384581,0.10688311688311691,0.11749637275881064,0.09490493570433478,0.0573704448861585,-0.11309508318235506
-0.019230769230769162,0.07575757575757569,0.06523343770751533,0.09657197722367084,0.04070090864758247,-0.12609466271620373
0.019230769230769273,0.3004960317460318,0.23878315400663408,0.041079234766875694,0.08050067669507566,-0.00420634889550231
0.10576923076923084,0.15402864044168396,0.17141912864697084,0.07175207039337483,0.15390227246601362,-0.22327717860604845
0.08653846153846156,0.12871674491392804,0.16821317288840876,0.07411909047244403,0.15200973573288723,-0.20987744839056544
0.1346153846153847,0.16581196581196578,0.17142070190095648,0.12640041197335483,0.23625886812396701,-0.27942898996278753
0.009615384615384692,0.04166666666666663,0.0616867403618766,0.00697929225569538,0.015746288185203405,-0.047473377153290586
0.10576923076923084,0.2576923076923078,0.2393698584168099,0.06332641176762077,0.25496199560871413,-0.15164445631250323
0.16346153846153844,0.22623239436619724,0.27953548157663677,0.10857812724924054,0.27704772617504936,-0.3132064812506171
0.10576923076923073,0.2054924242424243,0.2242537410461039,0.08243170190266269,0.19963303768582713,-0.23701222571934366
0.028846153846153855,0.1610389610389611,0.15810634294727388,0.0857820282858669,0.08600128384360406,-0.130091120217393
0.019230769230769273,0.020289855072463725,0.018452515018223092,0.043425813723810824,0.026664488877759074,-0.12238717606951655
0.1826923076923076,0.31180555555555545,0.3304462510217492,0.1179808624031008,0.31235263835113064,-0.34301498162575916
0.10576923076923073,0.2106331168831168,0.264723772815878,0.11401474170937131,0.2536887836197556,-0.18544389127007688
0.009615384615384581,0.0841948621553884,0.08863237845996463,0.04945471472580265,0.04948709535789236,-0.03283517896128796
0.028846153846153855,0.15268264840182633,0.21450903793094567,0.020162450593048886,0.036535075157342334,-0.10025097631206198
0.125,0.18881302521008414,0.16687545519782354,0.11851839694211008,0.23085102219626608,-0.2807383204056064
0.028846153846153855,0.1093901196842374,0.11187472856375291,0.036429169200292044,0.0769856888993874,-0.08803761460859383
0.09615384615384615,0.17769607843137258,0.20038419434971155,0.052968486083572075,0.1882802135021726,-0.11781802354640092
0.10576923076923073,0.10304247990815152,0.12889835676792494,0.04943003952299907,0.17395120302307132,-0.19419841346765543
0.038461538461538436,0.09755140692640674,0.09622121762979974,0.07282882529294421,0.09043405615933353,-0.1398265667406775
0.06730769230769229,0.18825431034482754,0.19813726005676457,0.0846527044314952,0.12300035800895759,-0.19683676275924106
0.06730769230769229,0.032490079365079305,0.046483892019724915,0.1102374743707576,0.08022832917788514,-0.16238817158575802
0.1346153846153847,0.1942307692307692,0.2425211236668411,0.08337201947513351,0.21572294772077116,-0.2567484108394942
0.06730769230769229,0.1183823529411765,0.17355675633130152,0.08405132136413274,0.10390912224404458,-0.1312569490677732
0.08653846153846156,0.22182539682539681,0.1948814229249013,0.08376191983970616,0.1667617433725218,-0.15924801290769064
0.08653846153846156,0.19659192159192163,0.1944484661875966,0.11372648574970257,0.19501789600887248,-0.23615931859607076
0.05769230769230771,0.11805555555555558,0.17542145108634455,0.060603595261974785,0.08629222656530389,-0.11184280307838096
-0.03846153846153855,-0.014285714285714235,-0.03984594063235236,-0.0008747665732961041,-0.061199908460189634,0.060401063406522626
0.07692307692307687,0.15127302275189602,0.16183891201672673,0.056073818204416925,0.14998504718956635,-0.13407242967761035
0.11538461538461542,0.09649755424557882,0.12337639158997893,0.041701607407091834,0.20624844633374245,-0.17180638526051506
0.11538461538461531,0.14910192147034257,0.18893929380584668,0.0874435140882509,0.19591988446093367,-0.17440146468420592
0.009615384615384692,0.11050995024875632,0.12244358564321256,0.019069788312062408,0.05705319626859551,-0.0662242466850359
-0.03846153846153855,0.0862887112887113,0.09439821602434684,0.06893505347102524,-0.04613456964186913,-0.09806348883007132
0.11538461538461542,0.2084276018099549,0.22876917292190824,0.1186553353304366,0.21585880692836912,-0.13841357224221384
0.1346153846153847,0.1509845463609173,0.17809584395181988,0.11244898021419847,0.20460893633297123,-0.3031321503461123
0.07692307692307687,0.1731150793650793,0.1692674565914002,0.12449620812999107,0.18439874916234467,-0.1916475953015782
0.15384615384615385,0.19831382385730212,0.2530287974436911,0.07963361540911706,0.2701688156170342,-0.21467465936125474
0.10576923076923073,0.18175054112554112,0.16480096837204994,0.07901270081170586,0.1789966395009332,-0.20514101475235413
0.1923076923076923,0.2298405819532579,0.28618003711998674,0.1476072021190472,0.32079717460850876,-0.3521698909074129
0.0673076923076924,0.04754299754299751,0.11604397301240654,0.09414631420194386,0.08206425748262786,-0.28298945177383794
0.06730769230769229,0.14360730593607313,0.1563727938727939,0.08038623664502764,0.14987748392221284,-0.1920834353916434
0.08653846153846156,0.1960317460317459,0.18313980138759234,0.07448876183041964,0.1922581629214009,-0.11176411433518052
0.05769230769230771,0.10833333333333328,0.07341203259827422,0.06932647282534843,0.1545636163382565,-0.12334671860196023
0.125,0.20097402597402603,0.2101865159209224,0.044639511608753124,0.21987836367458585,-0.16876243817750403
0.11538461538461542,0.17202380952380947,0.19959365555317576,0.09757876601226978,0.21869343396921265,-0.23619482215004162
0.125,0.16573886639676116,0.1832323117970438,0.06895058709085089,0.2104774005394231,-0.218373255842908
0.04807692307692302,0.13640678188007338,0.14630484380423758,0.052080169770052365,0.07301090464236315,-0.12327662358311253
0.04807692307692302,0.22732843137254888,0.16509547278939962,0.11225506068291924,0.11187833183023488,-0.17851730602747118
0.05769230769230771,0.22115384615384615,0.1661140942390943,0.12631921588430395,0.13573125887339527,-0.13325127294299743
0.08653846153846156,0.13449754901960786,0.1833017008865041,0.07442534459847838,0.1348267294284664,-0.17348318486761116
0.1346153846153847,0.2088732346085287,0.20861099684629092,0.11791613999388995,0.26158590629667566,-0.2815587212217912
0.11538461538461542,0.10614630467571651,0.15965142636001772,0.12106062924387595,0.16333667868662743,-0.25080057827476165
0.038461538461538436,0.09381001920614596,0.0835463812457583,0.03855945719615139,0.09596911339207087,-0.15688529403539986
0.09615384615384615,0.2750000000000001,0.26853516430175467,0.08010739664082689,0.18474024585866589,-0.13094291029105476
0.15384615384615385,0.20675990675990685,0.2755861954137817,0.08426949404189077,0.2888651555800937,-0.2400153008643811
0.06730769230769229,0.14937146187146189,0.180359477124183,0.10582875763449273,0.13186752247183953,-0.14541143319673466
0.08653846153846156,0.15352564102564104,0.13568140510888604,0.08113798928687554,0.16153199210656355,-0.15672165349156575
0.17307692307692302,0.21728228962817997,0.2894902663259662,0.12846842262793068,0.3166364744371653,-0.3205428858868451
0.05769230769230771,0.09701440112399007,0.0832017984773955,0.12896443113073608,0.11977662838206526,-0.18523369685136448
0.07692307692307698,0.17324561403508776,0.16042495848183758,0.057345537757437004,0.17881633290508142,-0.17457278395758014
0.038461538461538436,0.09269253642581032,0.10172269486785612,0.03893815777872234,0.06743703769579545,-0.0676904540153993
0.125,0.19235622065727698,0.23612470358380344,0.055697818470992644,0.20435179090310235,-0.11836705336451792
0.13461538461538458,0.23044786096256686,0.24389528526150922,0.10149934235289493,0.2508222109422092,-0.2657703858191479
0.04807692307692302,0.16324200913242004,0.16859026148065515,0.0831509863580785,0.11888468766747207,-0.14224726116761532
0.11538461538461542,0.236547619047619,0.1640344606378068,0.13599943545436133,0.24840499539734978,-0.2774068960095884
0.0673076923076924,0.056067172264355314,0.06760111391406365,0.04743635219489484,0.10937378983080831,-0.029117861825115
0.07692307692307698,0.12638888888888888,0.15840092813777007,0.11995871987729156,0.18865494522043363,-0.24003533364556473
0.15384615384615385,0.13915525114155247,0.19110823010215722,0.14814379790626253,0.26831275711561153,-0.3772812240066732
0.08653846153846156,0.062254901960784315,0.06201950360545394,-0.018850536727670564,0.1215412163242775,-0.053270139236202496
0.028846153846153855,0.08333333333333337,0.09378708914095946,0.04285844561956886,0.0720621526214168,-0.04581111188090725
0.08653846153846156,0.12062690396023723,0.1620804176541213,0.12777961987077924,0.1775679223499283,-0.23237376739810844
-0.11538461538461531,-0.08954557683371245,-0.043757611564063104,0.006647498256960649,-0.20370065248716612,0.12835779391227697
0.11538461538461542,0.16025641025641024,0.18549733375792354,0.12395302928220109,0.22786113053311463,-0.3252983676504414
0.0,0.14906103286384975,0.1327575721758758,0.0776420061516847,0.042786641938723835,-0.10983358368043838
0.028846153846153855,0.09667359667359665,0.10137799611245357,0.07434042135965213,0.018888992443491626,-0.15486043115693093
0.07692307692307698,0.13944444444444448,0.16562799021866248,0.09463217638638644,0.1291975586093641,-0.2234799136718687
0.13461538461538458,0.2211598761203678,0.2592902199926065,0.12853444429260164,0.24782881300611675,-0.2846497702880092
0.09615384615384615,0.11595982142857142,0.1425824041154924,0.06632977344205737,0.15721314282712912,-0.1951406636584948
0.14423076923076916,0.22027027027027024,0.2299747484164671,0.1050579125405805,0.314326936116152,-0.2627709734240721
0.019230769230769273,0.1299446821834881,0.1352021132879896,0.11255085550482025,0.07266675418609703,-0.20765479126102748
-0.06730769230769229,-0.0074016563146998005,0.01491958631161805,0.0167210297243795,-0.1246777580422016,0.0029792969123000335
0.05769230769230771,0.14563492063492056,0.12822340530930587,0.03184450831554986,0.13092782934806352,-0.05335004053870385
0.06730769230769229,0.11383928571428581,0.14582002527472693,0.052842704870874724,0.13102551506599786,-0.06254635066961967
0.04807692307692302,0.05460927960927964,0.08988547684199855,0.08534815340393587,0.07861719440369402,-0.16780060357916504
0.08653846153846145,0.04419191919191923,0.051392317566900436,0.0850188039625428,0.12160175222625513,-0.122936943531476
-0.009615384615384581,0.0722523744911805,0.11433764845498573,0.06801028949331522,0.0020768117712984813,-0.13321582778582852
0.125,0.17494510320597279,0.20783640297906603,0.0783067143806242,0.1775920778052129,-0.17647881908601415
0.10576923076923073,0.20263460497835495,0.24176820300076302,0.07342617468591361,0.20871424414950768,-0.14975113050436895
0.09615384615384615,0.22387079831932788,0.23359498344792468,0.05842100571289133,0.19544013034282864,-0.18267896163850172
0.125,0.16557120500782463,0.19252524376296132,0.141180551463862,0.2432142565171319,-0.25826360347795907
0.08653846153846145,0.11855921855921858,0.13789872320371593,0.11018112619623988,0.1447486811490003,-0.24189842987774368
0.07692307692307698,0.07963254326752278,0.08160516304313614,0.12493078733221619,0.12246103446549578,-0.2021628659655197
0.009615384615384692,0.003731343283582156,-0.0005675911925910881,0.04526733724700216,0.008047070816439406,-0.02094071903902417
0.07692307692307687,0.23178704856787047,0.2098099452826191,0.1436231681526009,0.20737109323553743,-0.2961108982349431
0.05769230769230771,0.05529329825104479,0.05479741146003114,0.03949165505426144,0.08594277253155674,-0.0998908145405264
0.11538461538461531,0.1333333333333333,0.1729842040910744,0.09087998757060034,0.16517875586209751,-0.1969781904381508
0.07692307692307698,0.10213675213675222,0.13287388349498253,0.04038439247895875,0.12836697892969212,-0.09028341209522506
0.05769230769230771,0.10795795795795793,0.1357866457025365,0.0337726270363341,0.07853504917704884,-0.12708297744230945
0.13461538461538458,0.14865871833084943,0.18123462027688386,0.12378399688718389,0.24415462357468581,-0.3007441688006959
-0.028846153846153855,0.049332285938727405,0.09448119983593717,0.023141963073870064,-0.05035434953327278,-0.04306415289972709
0.04807692307692302,0.05198412698412691,0.11260466917398582,0.054643290600092764,0.046479581472344544,-0.10487422685021264
0.08653846153846156,0.13083720330237358,0.1717418182695064,0.045424807325483485,0.13823216672955418,-0.11075961399645329
-0.019230769230769162,0.03133848133848127,0.0587061674135978,0.10651142056410168,-0.04034273418963896,-0.16548810594974805
-0.028846153846153855,-0.0178728070175439,-0.014719584340339598,0.09452263057840382,-0.06210215275400721,-0.14323180854984097
0.13461538461538458,0.1191991341991342,0.15617543598968237,0.055131786239962066,0.26385281842734315,-0.19025336071099053
0.04807692307692302,0.20480072463768118,0.17848423429520144,0.06757752525472815,0.14524878585569378,-0.09931524199660835
0.028846153846153855,0.02527573529411764,0.035588668341634544,0.0846338527558883,0.03513922274752512,-0.1176130133929233
0.06730769230769229,0.06978837372672986,0.05617862019008224,0.0281630857437265,0.10351097079988852,-0.07862773108547771
0.028846153846153855,0.03482003129890454,0.03460953512282816,0.14443921762566359,0.03282513602302206,-0.27409351307998975
0.09615384615384615,0.17244744744744733,0.19204555370222542,0.11079979903267057,0.18068535152128423,-0.21083017929338488
0.08653846153846156,0.13096552570236775,0.12813776004380828,0.050663635828896214,0.15184894137103044,-0.11074506453643251
0.10576923076923084,0.07617304804804803,0.11329459477040615,0.06590369152046771,0.1854730768794588,-0.19237701328692314
0.0673076923076924,0.14939365671641802,0.15943125948761416,0.08712930879191594,0.14922397485249206,-0.19133920485527423
0.13461538461538458,0.1737012987012987,0.1910994384150806,0.08255452569356092,0.2231883789934057,-0.16966979948057692
0.13461538461538458,0.23438519243313766,0.2754273739826918,0.11934226968780115,0.2848164279949494,-0.31163156340264686
0.06730769230769229,0.19861111111111107,0.19913029203966026,0.07345781044592958,0.14733160061757788,-0.14971926430150195
0.05769230769230771,0.14817578772802642,0.15059356028350068,0.13822489450810582,0.12166851078467755,-0.2710659779285778
0.05769230769230771,0.15569212759730766,0.16201552364938399,0.10697743677931859,0.10612074311341091,-0.1509503829673704
0.04807692307692313,0.18635912698412704,0.1643924316137938,0.05097246815223189,0.17222777297914083,-0.16498185858933845
0.019230769230769273,0.05833333333333324,0.12095589147151731,0.06744236046299334,0.016758437705669982,-0.15989994719428835
0.23076923076923084,0.32697302697302705,0.347533368832032,0.15449244845213594,0.4514386732450897,-0.3758374540931274
0.06730769230769229,0.11547619047619051,0.15106752085699526,0.0630418834200348,0.11346088598724186,-0.12455413808599813
0.1346153846153847,0.20510739260739264,0.26559578164991127,0.13563108138353552,0.29788179730547876,-0.22797556206435754
0.03846153846153855,0.12499999999999989,0.12885405286721074,0.1546233627942154,0.10982827903985004,-0.21350398778465152
0.06730769230769229,0.17658730158730152,0.20219691656534422,0.13839862939633063,0.13942875850935466,-0.24672436324064628
0.11538461538461542,0.16694078947368418,0.23498435870698642,0.11456292669579804,0.15156014219184494,-0.2582881007560066
0.16346153846153844,0.2252663622526636,0.2728030539075821,0.11309072501623307,0.29812525356676733,-0.3231273246293729
0.07692307692307698,0.17604166666666665,0.20148176489138697,0.05153928347654846,0.1581283548728526,-0.1305376561160767
0.019230769230769162,0.11731220657276997,0.1318352624387107,0.023214589837074584,0.04610629708628655,-0.019658189041584895
0.028846153846153855,0.15782563025210072,0.1724585489341307,0.08787525426837406,0.07162679421678164,-0.1110247097616035
0.028846153846153855,0.12247835497835502,0.08211469082976763,0.1163439686472223,0.10063530414129385,-0.20132263518031335
0.06730769230769229,0.1513736263736264,0.19157509157509156,0.029132057316269666,0.13198308040543194,-0.052694430662815095
0.08653846153846156,0.16025382755842055,0.18517829446661238,0.10373623077901117,0.12663098311917997,-0.17701204102291423
0.08653846153846156,0.16379635989010988,0.14629242032986411,0.1256965920594737,0.1682105369316952,-0.27106240536694504
0.14423076923076927,0.20381455399061033,0.18589341476159693,0.10436022733160777,0.28440042326601456,-0.28339716965167505
0.06730769230769229,0.26543209876543217,0.14927728452562894,0.08575312339530261,0.11542631730014774,-0.1776261102760438
-0.009615384615384581,0.003654970760233911,0.043685316231755866,0.07705710586978431,-0.023460357576275348,-0.12311606821157073
0.14423076923076916,0.2745039682539683,0.2829822106039418,0.12031716514125024,0.3359692044378079,-0.2858737353967232
0.04807692307692313,0.07704162276080095,0.12281329781329775,0.10067036175166011,0.07651810945729504,-0.24853089695728692
0.04807692307692302,0.033315276273022665,0.029392427013574918,0.06425560028717436,0.07144575984633483,-0.15190268702747
0.0,0.04087441314553997,0.06657975679099204,0.05488982908908102,0.009323803064496428,-0.12277766104669219
-0.019230769230769273,0.03440126050420167,0.04651252055832211,0.06700404119981329,-0.022135234033516582,-0.053323018964081426
0.06730769230769229,0.08970588235294119,0.1504070205157162,0.05692899348039193,0.09757869196636049,-0.11267226211589543
0.028846153846153855,0.01626602564102564,0.07870816378428613,0.019793018041451504,0.02509735881270958,-0.1569172395503169
0.1826923076923077,0.2770308123249299,0.3003054943594182,0.10526397800905762,0.338791873814951,-0.2852580936048702
-0.04807692307692302,0.02083643370172239,0.026362060504528717,0.01172849361707562,-0.059840078664588514,0.026156191649484906
0.028846153846153855,0.150935550935551,0.15588943623426377,0.058489313798678166,0.09087780056694306,-0.15274375795446316
0.1826923076923077,0.1653263403263403,0.1755721845821957,0.1978003911422157,0.3106164341061199,-0.33265200345653867
0.17307692307692313,0.1891025641025641,0.26935518782292966,0.1325280936787986,0.26895387026876505,-0.3156430236264456
0.038461538461538436,0.10476190476190472,0.14327758491924347,0.08585581455867464,0.06455609968378206,-0.16172418357374396
0.009615384615384692,0.0625,0.09837206123828302,0.07114993187779062,0.0053059463546384356,-0.07062945155110167
0.125,0.15990790255496135,0.18775736251997655,0.08685325922277931,0.18361730223664086,-0.20990320702899956
-0.028846153846153855,0.005532139093782917,-0.01623159449246414,0.04912664469974182,-0.03342670505202927,-0.09040243829837036
0.05769230769230771,0.05500207555002079,0.1499940691117162,0.03128496397329106,0.05384683787163941,-0.11832105754326205
0.04807692307692313,0.09294871794871784,0.1566150387901979,0.09904752798662564,0.06701122058605036,-0.15677610558805027
0.019230769230769162,0.05208333333333326,0.06105821360802377,0.11889982727336179,0.0329730085672299,-0.20690118701090077
0.0576923076923076,0.08528239778239777,0.0795600440101718,0.07011427243450663,0.12920701818664493,-0.13329841309923285
0.05769230769230771,0.10054120809269551,0.1384276001967345,0.05856765158429156,0.08605433981442978,-0.12219207262370191
0.07692307692307698,0.10749619482496198,0.09172906771590983,0.08555462754702259,0.15968816620597454,-0.20154038731561963
0.06730769230769229,0.15854978354978355,0.1782212546000116,0.1289442050390407,0.14159436512167284,-0.22056839553968233
0.038461538461538436,0.1743589743589743,0.16464108853612247,0.06879333092935003,0.0599256826067025,-0.1325139230232807
0.06730769230769229,0.1419826652221018,0.16612663071513234,0.07258300152856523,0.13915697882030742,-0.21588884700861166
0.14423076923076916,0.1808777429467085,0.18727384931114166,0.11347396637296059,0.2405548385103914,-0.22749191019425197
0.16346153846153844,0.23296703296703303,0.2386147186147186,0.11023842669929695,0.2870414210209468,-0.3162542424499135
0.11538461538461531,0.17007936507936505,0.18184335385146755,0.06770654057146153,0.2411157788987502,-0.18297950984539607
-0.009615384615384581,0.061561355311355315,0.07709868922327212,0.08632434105691311,-0.014987775530163394,-0.021781540794631904
0.05769230769230771,0.001548089591567936,0.05214969958114701,0.12405630655626587,0.05036184412095135,-0.21199742591804616
0.07692307692307687,0.1467645611631564,0.1319238315758401,0.12702931408938856,0.156499799036388,-0.24514146282885774
0.04807692307692313,0.13071157371039543,0.12564501911991482,0.11674785132344245,0.05527545297188169,-0.2660036100472021
0.028846153846153855,0.07310924369747895,0.08258500712953976,0.036235846219365375,0.0585868781237443,-0.03378741883228753
0.0673076923076924,0.16289682539682537,0.19660735220351655,0.1065186951718673,0.1964007265109597,-0.21510522535219256
0.05769230769230771,0.17380952380952375,0.18324939889263892,0.0577468380367363,0.15094181213572544,-0.15766254477691966
0.09615384615384615,0.258387445887446,0.29499716155360933,0.10758059704302092,0.16186240028529086,-0.13690519382820693
0.11538461538461542,0.1718851924331377,0.1868364945470833,0.05921265047545354,0.25305532156416244,-0.1838550816300173
0.07692307692307698,0.17728758169934644,0.20826950139346595,0.03608897637248365,0.17167168105160824,-0.12170374590259547
0.08653846153846156,0.11046918767507008,0.12063641641681566,0.08422251836843997,0.14383964016098227,-0.18616875933202637
0.08653846153846156,0.1560672514619883,0.20735310806781726,0.07572376146775839,0.18868513510793272,-0.17207775035436268
0.06730769230769229,0.09722382880277625,0.07473735888370037,-0.025810621663800992,0.13686761026051975,-0.14258975317734623
0.08653846153846156,0.16629129129129128,0.20175136333672916,0.11415779804484127,0.17462701007750125,-0.25327749621945694
0.06730769230769229,0.14446733821733826,0.13633267898261514,0.11966483580381593,0.14189162992569893,-0.26651354807430727
0.038461538461538436,0.011171497584541057,0.078701100734893,0.03950407790177102,0.03108879260223929,-0.09473363246812139
0.06730769230769229,0.06469780219780219,0.1276110498829468,0.08042498125835129,0.08262156229984241,-0.23200212414999044
0.0,0.09507501630789295,0.06225940668665131,0.11448017445635972,0.06589532315251811,-0.09954683131960018
0.009615384615384581,-0.0017836757990868923,0.025729554693543433,0.07701555417311279,-0.0038771165111844974,-0.08932690812667732
-0.04807692307692302,0.0569083694083693,0.0714446701319148,0.03180610914245263,-0.057908912956458725,-0.04590274841552977
0.11538461538461542,0.1357638888888889,0.17404781598329977,0.14651358039331608,0.17371208396802423,-0.2627046799150516
0.11538461538461542,0.19749210677382312,0.18209716550341548,0.06364133220835289,0.22200642880468513,-0.16127267537076118
0.05769230769230771,0.023076923076923106,0.019158525684841443,0.012104028993144667,0.06756217302269063,-0.05896867005883444
0.10576923076923084,0.12599094661788157,0.15025481318068834,0.15261255296994547,0.13392221085410527,-0.31017632686567287
0.13461538461538458,0.151602564102564,0.16257868148112053,0.13282169015801248,0.19545130650452558,-0.22413534976508187
0.09615384615384615,0.10614971882577529,0.15706611776412938,0.13739284971679333,0.15725329288279422,-0.30723971462216215
0.07692307692307698,0.21953773925604902,0.20975932797320773,0.12567072759897802,0.15066450337018783,-0.24288330093519805
0.028846153846153855,0.062114197530864224,0.06688493902615644,0.07079852037194867,0.058257394388024686,-0.10691799101114252
0.09615384615384626,0.1801841948900773,0.20763860132030654,0.07869227605331419,0.18840820956257842,-0.17916951188954167
0.11538461538461542,0.22083333333333338,0.2252334321144338,0.158558722532673,0.23425128561177583,-0.28356853107992624
0.09615384615384615,0.19869402985074636,0.19875143142195595,0.12363597202716703,0.17884857289605083,-0.26010187831572606
0.07692307692307698,0.151975051975052,0.18247972684592395,0.0644345742903436,0.14269469365381077,-0.13513806882325274
0.11538461538461531,0.14709798210942382,0.1848247162714851,0.09352219866855183,0.22979161349649507,-0.1256515160840781
0.05769230769230771,0.1089939024390244,0.13555169277709322,0.008614124345426188,0.07531503401051287,-0.1030279704670628
0.10576923076923073,0.21531279178337992,0.2088829802251677,0.10459880687670253,0.19763430317618635,-0.17921626082708708
0.0,0.09107559107559093,0.0959623575457581,0.0680925721402188,0.0654218607959125,-0.08699945392561947
0.10576923076923073,0.2289725672877846,0.22084484005942628,0.14649831926067358,0.2311002591202243,-0.27382153116706454
0.028846153846153855,0.07417582417582413,0.09034573375180588,0.0881634244506957,0.05348902947406342,-0.13690068970391456
0.028846153846153855,0.1215758603911048,0.1525294448578649,0.10812846937558851,0.07872044940384226,-0.1989367103932056
-0.04807692307692302,0.10654761904761911,0.08392826138023313,0.12872874141230484,-0.021582722550687494,-0.11392230756032617
0.028846153846153855,0.05373134328358209,0.02330491146280622,0.12239271057003043,0.05596295708595567,-0.1345433930174832
-0.038461538461538436,0.015467171717171713,0.059854229401457126,0.07636038976933468,-0.06258084648828288,-0.08840570134806347
0.04807692307692313,0.1428571428571429,0.17659146469758324,0.07120034115422391,0.1075118129601807,-0.13453266235612082
0.10576923076923073,0.3383487654320988,0.2368894911595747,0.0822267462253472,0.23445247359283916,-0.15993194096771085
0.07692307692307687,0.1527777777777778,0.1549685820561546,0.10786971275252544,0.15881933907310702,-0.15581193791673043
0.05769230769230771,0.1071428571428571,0.12198245793136298,0.06809205953068531,0.12366141763129668,-0.14137911381944612
0.1826923076923077,0.1318713450292398,0.2111864288695336,0.1448552743964412,0.25031297885751597,-0.2712948953165135
0.125,0.1290830546265328,0.19572076942298083,0.0964943154760276,0.1861557426758425,-0.24959181609744052
-0.019230769230769162,0.038278388278388364,0.033454522096608375,0.056467751488815665,-0.0036725697697923554,-0.054303915344842135
0.08653846153846156,0.08952702702702697,0.1336394279479386,0.02000406471560323,0.12460080568348075,-0.09598566013213516
0.0576923076923076,0.06571428571428573,0.09915528990007993,0.10485745860109774,0.08529442331285897,-0.1773269753139205
0.10576923076923084,0.11759906759906757,0.16414434596392458,0.12114949528571495,0.11597065921899885,-0.26938962745197736
0.019230769230769273,0.07203213453213464,0.16618741756262978,0.07095477170811992,0.08038174712214619,-0.11810897023468692
0.09615384615384615,0.17216117216117222,0.18137667981570427,0.11797474700053134,0.175847481209517,-0.3088245569108585
0.038461538461538436,0.15346562641338757,0.09246679785107448,0.011527295331097753,0.08092504272326173,-0.042263323118873264
0.038461538461538436,0.08418803418803422,0.10110296915186667,0.08410659083625993,0.06684567490711418,-0.15617228760632273
0.10576923076923084,0.20801282051282055,0.21207860700058034,0.11931958502189965,0.21714753370487022,-0.2628310414962663
0.16346153846153844,0.3550636007827789,0.33662275807691294,0.13985832591483416,0.3487101794478209,-0.32608134163478497
0.08653846153846156,0.1488721804511277,0.1426888927479386,0.07476908902625479,0.18633407347510061,-0.21949017207622745
0.05769230769230771,0.18571428571428583,0.22484480752744307,0.10895140272603898,0.14592856586999048,-0.1390064005667324
0.06730769230769229,0.15347222222222223,0.15096968249142162,0.030560457343077108,0.144816686969863,-0.10640339280031241
0.14423076923076927,0.20311205468102733,0.2682997182997183,0.09404403340779666,0.2703193569589355,-0.29362729499336604
0.10576923076923073,0.2107773507130125,0.23079516206744177,0.0778529763313155,0.2201997791728466,-0.18738435520799201
0.05769230769230771,0.14102564102564097,0.10087117628508363,0.09357911868117463,0.06731473504257046,-0.152681741739918
0.07692307692307687,0.18758706082649745,0.18421474358974355,0.07514616637713667,0.14380149186471974,-0.19097576645184167
0.009615384615384581,0.13575079538934964,0.0974861739854358,0.009723864897194678,0.06517293225398407,-0.05062604216685529
0.125,0.17679794520547942,0.21659212638669711,0.13092341889955683,0.2379595167243473,-0.25443332976025235
0.125,0.15669014084507038,0.17397418075630633,0.10559854023763393,0.1619577348861611,-0.2569838862629559
0.038461538461538436,0.12382779198635985,0.12906141372704982,-0.008690280834972586,0.08200768120343727,-0.02550058679831413
0.06730769230769229,0.18014705882352933,0.20603751176489893,0.1314160628019324,0.15308468972302924,-0.29583471283086815
0.04807692307692313,0.1668313570487484,0.1743815692435503,0.10575108229851593,0.10452548632247105,-0.20418320519275457
0.13461538461538458,0.17286036036036045,0.26707848933122685,0.08090043705032257,0.27379473661308135,-0.2561908821103662
0.1346153846153847,0.24047619047619062,0.2632490994292084,0.09762864591868303,0.2747959411019126,-0.19727540845614033
0.14423076923076927,0.20819672131147537,0.20895486757009896,0.12652365954384348,0.2548457668313936,-0.2892023508484387
0.019230769230769162,0.12336915535444948,0.10058030380611027,0.11670512161223112,0.0726085821745126,-0.1481775776643972
0.019230769230769273,0.12908863437032447,0.11374228937651876,0.04743267832959819,0.07306665872758844,-0.06696555679100158
0.06730769230769229,0.06153846153846154,0.07053935943879008,0.12378150695458379,0.11376595137051637,-0.12930372263553647
-0.028846153846153855,-0.02637362637362639,-0.012428628525750773,0.0941203631045614,-0.059938947320749614,-0.12432919200643522
0.04807692307692313,0.14304226475279103,0.12024204956952156,0.12036757504550188,0.15399577676495663,-0.18747154156000612
0.07692307692307687,0.12175738491527965,0.17146393267082916,0.05961748307140624,0.1225337349423048,-0.1652682452532891
0.0,0.03389154704944186,0.10127704883122834,0.09568601833241774,-0.008842833175834675,-0.11160625493401988
0.0673076923076924,0.08670634920634912,0.1268366535895309,0.07433583225606821,0.1001934885362128,-0.18174496754189506
0.13461538461538458,0.2646455998339561,0.26413414172034866,0.08075636641492245,0.2877941031498447,-0.2007821975825329
0.11538461538461531,0.2053571428571429,0.22488804257844197,0.09139893810377775,0.2221281989782526,-0.17899807958703617
0.038461538461538436,0.08214285714285718,0.0922405700241079,0.07526049262903722,0.08783067193212885,-0.1376529697627804
-0.04807692307692313,0.03326923076923083,0.0614684464684464,0.09897174669216524,-0.10312631312776788,-0.040094504245902995
0.04807692307692302,0.016891891891891886,0.04288604835081916,0.0007376398179437249,0.0499639788649332,-0.06285166316705548
0.07692307692307687,0.186382719393283,0.20490886316796375,0.06790229475414333,0.18564795202673512,-0.1763530999934445
0.06730769230769229,0.1794871794871794,0.23962348828420266,0.08364357825541802,0.16343140649600396,-0.18600436310711765
0.0673076923076924,0.14279571779571776,0.14155505895545695,0.06577675811546779,0.1481846029900294,-0.11395282614646018
0.15384615384615385,0.19416407867494812,0.21832300316313336,0.10663264136692541,0.24259119455014289,-0.249982041964128
0.009615384615384692,0.06800391389432481,0.07731915107684195,0.0941836953175792,0.011249200377430879,-0.20925211839405755
0.04807692307692302,0.043582693818357554,0.03023679908703958,-0.001231163167196403,0.08348058452655582,-0.05242051417302185
0.10576923076923073,0.17564285030038462,0.179554052860541,0.14548012866916105,0.19063510999640548,-0.2675212648554306
0.0673076923076924,0.18412698412698414,0.19884789021991778,0.08406672470296361,0.15229937409098554,-0.12250601524459293
0.09615384615384615,0.1266666666666667,0.15608436648109797,0.08029636275889263,0.1029830552476188,-0.22842123389910984
0.08653846153846156,0.16616784037558674,0.18746849856581638,0.09009156359986892,0.16877360418498216,-0.1766391494678775
0.019230769230769162,0.0339366515837104,0.06330111392143889,0.07048792089565348,0.0426227468694676,-0.1013697829001593
0.038461538461538436,0.05021367521367526,0.06318187192363467,0.09324268931066548,0.07735296252403834,-0.11627240039064507
0.009615384615384581,0.14464285714285718,0.12401711448136721,0.16402949782396792,0.0699139041462703,-0.11417817581377182
0.06730769230769229,0.18018018018018012,0.14206673515153778,0.049399088750311515,0.11597811028154376,-0.19298780962540252
0.03846153846153855,0.10884637514384354,0.11229114452798661,0.14501038200568195,0.10664164495286982,-0.1950750969152008
-0.019230769230769162,0.1797069597069597,0.12919989759773054,0.08882969047464151,0.06021108040145301,-0.15096408143712647
0.13461538461538458,0.24426406926406918,0.22221491336260535,0.1401138914485811,0.2845396370720955,-0.3018378612827439
0.009615384615384692,0.17862382629107976,0.10508289199125997,0.10045729824114313,0.049703103756108535,-0.08632766381764012
0.028846153846153855,0.07597402597402603,0.11243844758703458,0.09780421917518689,0.042810813674610704,-0.13701173274590517
0.07692307692307698,0.02488687782805432,0.045887700280048294,0.07540838846250597,0.08674161627389959,-0.15351528597591024
0.09615384615384615,0.26588412106135983,0.23872722153972153,0.09990053081715689,0.19215458725292267,-0.21209510585836489
0.10576923076923073,0.08984969558599687,0.1172035566772408,0.0907397204639554,0.14295948457947155,-0.26273629642662166
0.10576923076923084,0.16802298033641316,0.20172477657884036,0.0696745886697292,0.1768425198866238,-0.14070452409852718
0.11538461538461542,0.12788600288600283,0.1509359209315656,0.04953346312868723,0.18896849200503052,-0.15246777582953508
0.08653846153846145,0.17130844432634718,0.18471780618967681,0.10055790780690899,0.18354596072111817,-0.17780896932333723
0.019230769230769273,0.16385135135135132,0.1576805408858587,0.09753483952702713,0.12836676828702032,-0.14102026712241755
-0.03846153846153855,0.05779440154440152,0.10942302767652845,0.0743547397844273,-0.012195899602019777,-0.10753540586270671
0.019230769230769162,0.02143967661691537,0.016291145168713994,0.04447639816718263,0.02838181449370314,-0.12078489946156423
0.09615384615384615,0.17397533022533018,0.2165700757575757,0.13124936926967534,0.18465642836555252,-0.2537315225115798
0.009615384615384581,0.07949862637362637,0.05935252486976639,0.12033028148165303,0.05496635951847362,-0.17569555867132108
0.1346153846153847,0.17384615384615376,0.13901919458174178,0.07046321888142404,0.25928745091514427,-0.24758674521336144
0.08653846153846156,0.010190217391304435,0.05317195724172463,0.15877227019021622,0.09572800749371607,-0.24874368013689085
0.10576923076923073,0.18209255533199198,0.14525705925366117,0.127174109876091,0.2356116109395982,-0.2702714479324262
0.13461538461538458,0.19063926940639264,0.1742598251421782,0.13554656195430925,0.2520869982476244,-0.34382210572951966
0.10576923076923073,0.11375000000000002,0.11325080586293079,0.0484690414829726,0.10923452907301462,-0.13054051906508846
-0.028846153846153855,0.010673536989326382,-0.004056240433094049,0.0933484593973486,-0.020963199843766378,-0.10613717900354258
0.05769230769230771,0.045535714285714346,0.0872680447850227,0.053428081736034416,0.07244287163139784,-0.16733758057057757
0.009615384615384581,0.1004784688995215,0.0543258935941453,0.1900960311135408,0.06731136724528736,-0.22215150693070917
0.1346153846153847,0.18551587301587313,0.22833418999934219,0.03423751293995858,0.22014828454048463,-0.1377033775189369
0.09615384615384626,0.22732683982683988,0.22454368939331343,0.1275258740770997,0.23974932936194127,-0.16975192419843577
0.009615384615384581,0.08492445054945053,0.10675665773516185,0.06666495406773965,0.03291318348682892,-0.09108170550277062
0.03846153846153855,0.07688492063492058,0.09752725823634023,0.0779187552213868,0.08287845214686906,-0.16244189893477223
0.08653846153846156,0.20392857142857146,0.18071306559685463,0.07625956255805,0.1931222211534489,-0.17304521067423417
0.038461538461538436,0.16749222999223,0.14238484789263495,0.1435580898156502,0.1396589295526509,-0.2764675998096007
0.06730769230769229,0.1164617486338797,0.1541632846320346,0.053547979865037676,0.11234763607901771,-0.050030399017196414
0.06730769230769229,0.19078947368421062,0.20605642853293282,0.09960075545521407,0.1486517159570555,-0.22276421253837309
0.10576923076923084,0.17417129036847356,0.1801590723550755,0.08493709369507463,0.19532092054944628,-0.19178183907417123
0.04807692307692313,0.12508599931200548,0.10440547268116385,0.13343949800125743,0.04723738821230378,-0.1565814565462511
0.11538461538461542,0.13199300699300698,0.16928996877787494,0.0912769154122659,0.22904120836380232,-0.2108909049888289
0.06730769230769229,0.05213293650793649,0.06108547917599644,0.043707540688205815,0.09282367204623243,-0.10081718078299318
0.08653846153846156,0.08916666666666673,0.12249591475386146,0.0783777864094003,0.09748688023503171,-0.21804095021863534
0.05769230769230771,0.07170974450386214,0.11309110067660011,0.11544898550583982,0.1010300066095442,-0.2621910684886114
0.04807692307692313,0.13952205882352942,0.1514379787232093,0.04828235815602833,0.12214109967170983,-0.0851924224381112
0.06730769230769229,0.17685439560439553,0.17581602812333041,0.08748848937195175,0.15056771084993714,-0.15767994288052356
0.06730769230769229,0.08971244747899154,0.12804785304785304,0.0821269824751355,0.11405845121900243,-0.1206265486856718
0.09615384615384615,0.07381379585326953,0.1196974067663723,0.18137820316700648,0.21088883959674265,-0.18063549808191914
0.07692307692307698,0.1971027327935223,0.1807084628299932,0.0742239746663792,0.1523666960231928,-0.1776996830449742
0.028846153846153855,0.15293040293040283,0.14377758889314007,0.07082589054069877,0.07777018790305723,-0.08587003946985006
0.05769230769230771,0.20554132878076548,0.19421063972147556,0.12973816650919023,0.11712613124075533,-0.15456724424402468
0.009615384615384692,0.0846747149564051,0.08243113066482632,0.06233285450898829,0.03055201157211973,-0.08065159967004476
0.15384615384615385,0.24155386586452754,0.23816313506145592,0.14670389290069563,0.29862790961029656,-0.369583338796855
0.05769230769230771,-0.05411255411255422,0.05671612240083579,0.0061631351105035925,-0.006240583420031198,-0.14658780475843258
0.019230769230769273,0.10227272727272729,0.1475301026941538,0.030268855479175905,0.0240704016286577,-0.029394845978414796
0.05769230769230771,0.12286910197869105,0.15298159818707757,0.036747409289740074,0.11162283199660344,-0.1493325112653494
0.08653846153846156,0.1553130511463845,0.17942034878467505,0.10215376198539583,0.14854433179424725,-0.18363616141571104
0.05769230769230771,0.1583800186741362,0.157813982943931,0.08788791153600328,0.10257849362981541,-0.1276061621453214
0.09615384615384615,0.21846846846846846,0.19628661193878583,0.13670704033669878,0.19605015347771398,-0.24560935252158222
-0.028846153846153855,0.054134697357203665,0.048365255072921,0.04998404159264902,-0.03310916403282271,-0.10561913104799281
0.019230769230769273,0.0707692307692308,0.0851450803505599,0.009283798464668869,0.029733261551501133,-0.008135326758043071
0.07692307692307698,0.1248097412480974,0.1720997216173754,0.0615124541460178,0.13694779545895375,-0.12129025481699496
0.07692307692307687,0.06641139657444006,0.05335598225837024,0.10175331932706144,0.09773139306768719,-0.179081243484993
0.028846153846153855,0.12783101045296164,0.12238122285590636,0.0983973005314468,0.08646210710551239,-0.08831724828333054
0.019230769230769273,0.10921717171717171,0.16502682763246135,0.01917263673070968,0.021775836763213374,-0.1310398772046324
0.11538461538461542,0.23805760449596058,0.23398141354854496,0.14471374673283288,0.23660794127129425,-0.2608023780271481
0.1346153846153847,0.20104895104895104,0.21503131290321742,0.11695956288208909,0.2518575449360294,-0.255932664208397
0.0,0.029284303103690013,0.034484303806497585,0.15576609938000674,0.0017429342860566521,-0.08370229006107788
0.04807692307692313,0.10357142857142865,0.1554307024681365,0.05959690352152702,0.08645633694211952,-0.15203206764510546
-0.019230769230769273,0.06845238095238093,0.05539177967115483,0.03945998009711138,-0.00306926124618645,-0.043122976581947525
0.07692307692307687,0.11332070707070696,0.16614621828737408,0.0755221860930948,0.14922538609607144,-0.17461308892266747
0.11538461538461542,0.18844893029675636,0.19629833364536253,0.09734322218589953,0.24486994547765623,-0.2295224364315892
0.05769230769230771,0.04979879275653931,0.06455482313388827,0.06937508891734245,0.08795739049030632,-0.16554700608541162
0.15384615384615385,0.26298359175071495,0.26741976928544087,0.137325127107924,0.2907465268679059,-0.33088081681811377
0.0,0.07122153209109738,0.05369185825068179,0.09427119394391281,0.03250483353480882,-0.06978184629187634
0.11538461538461542,0.38888888888888895,0.31368372186845483,0.10001767641031278,0.29966639418702445,-0.20734880563178626
0.05769230769230771,0.09561688311688321,0.15137638347315763,0.08009423963186557,0.1128103498495322,-0.158580544595594
0.06730769230769229,0.13216991341991347,0.13603141696374266,0.055786938873928715,0.12917408866074748,-0.1212009950544225
0.13461538461538458,0.24434104627766606,0.28548233456684163,0.07799090451141255,0.258124395006528,-0.2240291157572123
0.1923076923076924,0.3419971583889301,0.3372746101364522,0.15280524622278568,0.3675571920169768,-0.29531269317279135
0.028846153846153855,0.1968939393939394,0.16553878553878554,0.11014628609822785,0.11705962471118564,-0.18605297538413745
0.11538461538461542,0.15396545942320583,0.20007548819878274,0.08672464911509725,0.22251819367343417,-0.2694522679038778
0.03846153846153855,0.09456559065934067,0.08940880134559737,0.10595636177507894,0.06849562484589133,-0.21708149574556745
0.10576923076923084,0.28521126760563387,0.2904567826394452,0.11441906930543744,0.14175591455866998,-0.20557102867538718
0.038461538461538436,0.028021978021978033,0.08153491608516938,0.016648013747071366,0.034405192029991594,-0.03694863772104651
0.07692307692307698,0.12323037323037334,0.1541422048271363,0.08851514345435318,0.15241001312420455,-0.21972008787361275
0.125,0.27035486443381174,0.23980655766038428,0.13752981776021944,0.2814745125947202,-0.2363382084001121
0.09615384615384615,0.19110889110889118,0.20456775886832557,0.1131725824033516,0.2341538062069234,-0.16823160365482026
0.1346153846153847,0.18218756986362616,0.2464029155014561,0.1062257064051143,0.25064931584405775,-0.2529583019960101
0.0576923076923076,0.12758928571428563,0.15507046319854195,0.044590235201916295,0.12736270928202548,-0.17527758859858367
0.11538461538461542,0.23541666666666683,0.22917940486675759,0.0971470044358631,0.22419945764718718,-0.25827739849429304
0.11538461538461531,0.19417388167388172,0.2186597542242703,0.07739232551348807,0.19649240423513148,-0.23150108924228185
0.07692307692307698,0.17692307692307707,0.17815000539959336,0.06211307008010314,0.146297135229859,-0.137250346969506
0.09615384615384615,0.09184491978609632,0.1342700258397933,0.10112375677332364,0.14946221066987198,-0.2635251923994091
0.17307692307692313,0.2522727272727272,0.28252737431610153,0.12052099127483595,0.2877437439994599,-0.22177337910837847
0.07692307692307698,0.07734374999999993,0.08156346545927018,0.09139942480962815,0.11037389521857344,-0.15409775771967305
0.13461538461538458,0.12753378378378377,0.20201535306798468,0.06494443300695463,0.22544522869402156,-0.18340071216186893
0.06730769230769229,0.06140734265734271,0.09357795777413591,0.08864791171271869,0.09262167672345306,-0.2025054812922854
0.06730769230769229,0.15831801470588236,0.16316687529678264,0.13172533519958252,0.12183127600310151,-0.28950442337668536
0.04807692307692302,0.16857779901258163,0.16545843704580165,0.08182449460145957,0.11231814902516268,-0.1662802033425499
0.10576923076923073,0.24055458430458432,0.26297548733259773,0.11702080643758295,0.22665898109358545,-0.23097557554285653
-0.019230769230769273,0.14627100840336138,0.12480463289759908,0.03834361869747904,0.053707911766674166,-0.03790538318893644
0.0673076923076924,0.1983173076923077,0.2089295354806352,0.1118918753966921,0.14261728960900855,-0.1655222883037717
0.0,0.10787671232876705,0.1289987311539036,0.05739259028642585,0.03719610839561016,-0.060440383714887136
0.009615384615384581,-0.021533613445378186,-0.01134520475860068,0.02405049663543568,-0.011581317003390934,-0.04439739811567045
0.07692307692307687,0.10030984996738412,0.13461239909515776,0.0874149843906108,0.1311891870984243,-0.1491380570609585
0.04807692307692313,0.18961675579322634,0.1717696339553585,0.06094244232909507,0.11259792113207778,-0.1294961988981762
0.13461538461538458,0.16414141414141403,0.21658775060309576,0.08362234597724394,0.24268133644525758,-0.19714899749214088
0.08653846153846156,0.14861016176805653,0.1542083148036728,0.10752175202830405,0.15143646632590912,-0.21723156840856372
0.04807692307692313,0.20326086956521738,0.20435120435120435,0.1395775578366345,0.1461839823500385,-0.26187333348056796
0.07692307692307687,0.17194570135746612,0.1817746265172736,0.07903315333819028,0.14778833359650323,-0.14330648588887201
0.11538461538461542,0.1321857571857571,0.19256867385979548,0.07521054016577611,0.2050350469243526,-0.17151860476361247
0.019230769230769273,0.12219982078853042,0.09810272481050475,0.04859083391485042,0.06091791715174277,-0.0777286517523571
0.08653846153846156,0.17274114774114757,0.1964920368380374,0.08122125806138791,0.1727216960014047,-0.21786862691006026
0.07692307692307698,0.13156906906906907,0.1619003599140586,0.053068378421047946,0.15243655939528844,-0.1495515024576921
0.0,0.2716666666666667,0.21063308048280138,0.08758290291247273,0.0971978765974647,-0.07400982516064314
-0.028846153846153855,0.03380443086325424,0.07254065217111694,0.08844821653234669,-0.04669808624225957,-0.13321893994997158
0.07692307692307687,0.18429586965545874,0.1646252847602172,0.09443132412886579,0.1717975515841848,-0.17165109156467184
0.028846153846153855,0.09671945701357465,0.13047220770974743,0.09140944067220336,0.05993132851796312,-0.19269843982135781
0.09615384615384626,0.11795112781954886,0.1568571056602972,0.043274327215768404,0.17459901966619373,-0.2124439659499573
0.13461538461538458,0.18625000000000003,0.24121051463156717,0.11041117505261411,0.2361072771187695,-0.2918330885190843
0.06730769230769229,0.1283333333333333,0.11876487052283519,0.11761801390971194,0.15455151680028673,-0.24379806452220276
0.05769230769230771,0.13194444444444442,0.1712378973328461,0.042688422752977795,0.10211287011786507,-0.14129559618602378
-0.009615384615384581,0.020424836601307228,0.030753711415059892,0.06845284348037983,-0.021451908114520968,-0.1003106608595763
-0.125,-0.0852112676056338,-0.10955875267832604,0.12258837531165678,-0.23067420942752376,0.06332796455298606
0.07692307692307687,0.07023858494446722,0.0643933102825659,0.15008405088047894,0.10306276036256179,-0.27433320199857825
0.14423076923076916,0.18371212121212122,0.24665623977819784,0.1045115322995398,0.22347405498966805,-0.22486223559985552
0.06730769230769229,0.16655844155844157,0.1749105377459036,0.12165461627197816,0.16933810746054961,-0.19178266029862046
0.019230769230769162,0.13302139037433158,0.08574646074646075,0.02914752718616187,0.037083404586848445,-0.1100336633067388
0.04807692307692302,0.0892857142857143,0.07442159248666091,0.10334235824082427,0.11175011536417856,-0.15397491855232903
0.10576923076923084,0.2025219298245614,0.21205678700651887,0.05718109398316895,0.18929164715407504,-0.1846743199366384
0.17307692307692313,0.27420076011625316,0.3041488475277505,0.10230723434950328,0.31920426215110664,-0.2636874173437876
-0.038461538461538436,0.0649621212121213,0.04895360336880894,0.07453453384652975,-0.03158232344764461,-0.11485705015563175
0.16346153846153844,0.2816524621212121,0.29714147529869395,0.1153081232605585,0.290849372089886,-0.2523694409100068
0.09615384615384615,0.312121212121212,0.2627372636523646,0.11551022651727116,0.18824277432115,-0.2864222623140936
0.06730769230769229,0.06372549019607832,0.0961883508222181,0.032097267431346665,0.10524165255733386,-0.06522481983708472
0.028846153846153855,0.09772727272727266,0.10429933943016934,0.0474900661757216,0.08479094404057369,-0.11434595531291591
0.125,0.1052139037433154,0.1207438809076396,0.1203232971821554,0.19046855211264307,-0.308740468835795
0.11538461538461542,0.29448051948051945,0.2910219036534827,0.10277937017503624,0.24585175784430735,-0.19650394546903072
0.08653846153846156,0.13888888888888895,0.1668312176302862,-0.020512530193236733,0.16189314206064215,-0.10742534985832697
0.05769230769230771,0.19628267973856217,0.17253775016901918,0.09825882844819711,0.1397766516611681,-0.16185988167124166
0.04807692307692302,0.07976190476190481,0.14490139321343698,0.0730208750166732,0.07006286943870943,-0.12863049913961044
-0.08653846153846145,0.011706349206349165,-0.009988652789492347,0.08747111484147096,-0.1167034614267427,-0.028201703950827772
0.0,0.013011294261294215,0.015468644354293515,0.1190134885146904,0.0024512070516403694,-0.19443138872219967
0.07692307692307698,0.09748102139406478,0.14133874103244815,0.077201155061567,0.11645006020289117,-0.16118614528682895
0.038461538461538436,0.10418470418470427,0.1376947267163653,0.04065005174167835,0.05307471660093721,-0.11865902802096406
0.08653846153846145,0.18311036789297663,0.17886799006035847,0.08460188718945982,0.16874763334760923,-0.1316905492668613
0.028846153846153855,0.04391774891774891,0.04830633925461503,0.05547962542956986,0.05231062617252058,-0.09912791235367502
0.125,0.10291997116077867,0.17280481316914686,0.08092539553896694,0.24389483553291386,-0.187020372936324
0.11538461538461542,0.10565476190476186,0.08359480889129856,0.08955111790900494,0.1965383908279184,-0.18193209897921825
0.08653846153846156,0.1065914786967419,0.11243479280229751,0.08295173115162191,0.14289950171562776,-0.1001825148228116
0.009615384615384581,0.07288182831661094,0.06915656469132092,0.12011120175611922,0.03381332431602768,-0.14459440186637695
0.10576923076923084,0.12083333333333313,0.17364789705215244,0.08827324282696314,0.16940418085976772,-0.23217574554868997
0.13461538461538458,0.17217664092664087,0.20457540467530022,0.07228835673430534,0.22710044491534598,-0.1744421811944099
0.019230769230769273,0.08333333333333326,0.0003741862444019972,0.11382486502278766,0.053250483726302034,-0.178603446799542
0.06730769230769229,0.22979166666666673,0.16762158054711251,0.0963096864929982,0.19648210255723353,-0.13395994016649548
0.17307692307692313,0.14860139860139865,0.2024412199833716,0.11745053650363013,0.269619848775297,-0.3470442995231571
0.019230769230769162,0.07291666666666663,0.11826599326599319,0.08770459100275274,0.04359909378214655,-0.12416180667422783
0.10576923076923073,0.17376603609480323,0.18534678287450235,0.14055021608059082,0.21691315360708652,-0.33284336788554214
0.09615384615384615,0.15602802994107356,0.2053857551209064,0.11459550848308375,0.17366604106546052,-0.1655805640130077
-0.028846153846153855,-0.07955182072829137,-0.04026287523073557,0.05432514724796489,-0.08286466171176432,-0.05894549334162591
0.06730769230769229,0.07021557071960294,0.11799214375620914,0.05473700236126555,0.10023262300461833,-0.16699567375133617
0.028846153846153855,0.04498144399460202,0.06174508881763918,0.07614931184800255,0.035899112537312594,-0.13367350867468375
0.125,0.1398439657553162,0.1689865707312629,0.043649684273264766,0.21292940125632298,-0.11556528100820851
-0.019230769230769162,0.03212748089797268,0.030410235236670857,0.03934850231967546,-0.014835498907500466,-0.07248845017625194
0.05769230769230771,0.08513513513513504,0.13741295232962447,0.06285650340754334,0.10496226878166426,-0.13586701746553131
0.07692307692307687,0.15575396825396826,0.14182995541211657,0.08700589789691615,0.1747762009448638,-0.2232832844705568
0.06730769230769229,0.11407013685239487,0.12132495256166975,0.08127941904318636,0.12043763732662666,-0.21165327490827746
0.06730769230769229,0.19102112676056326,0.1985775585183437,0.11199351205390073,0.151721705490088,-0.2031894390952506
0.11538461538461542,0.24945226917057894,0.27697413450484243,0.0920956459742086,0.23664480987680736,-0.20683183122136473
0.0673076923076924,0.1207019889295432,0.12418802467762069,0.10747677363634656,0.1351709596145622,-0.2034683484756099
0.10576923076923084,0.1703501722158438,0.2066963870349643,0.10437286303896265,0.17184512783404204,-0.17600373184212925
0.06730769230769229,0.1228493728493728,0.1742555337382925,0.05688311285386671,0.11301077806728949,-0.20842468138184722
0.08653846153846156,0.1900599400599401,0.2062111499611501,0.11782892849506632,0.18238402384015706,-0.2036928384459653
0.07692307692307687,0.1625314491629266,0.16994902027796777,0.1474269785942799,0.14853168292195507,-0.21672550024593984
0.028846153846153744,0.11388888888888882,0.09587080864377395,0.1178504607090074,0.08359276322497772,-0.2053951409460456
0.125,0.24702380952380953,0.2615778106292251,0.07615401935339006,0.25437269064770074,-0.1995509784564964
0.06730769230769229,0.06806418219461707,0.07237668325862373,0.028314852760168874,0.1125265960026477,-0.10534511059098906
0.08653846153846145,0.15074786324786316,0.16105420401195047,0.09317484045592861,0.17368765731488955,-0.14360665420756502
0.009615384615384581,0.09733102375565617,0.12920340188485346,0.12312420048182982,0.03494299280469482,-0.1992460302762057
0.09615384615384615,0.1336267605633803,0.1368396418396418,0.12659864546167876,0.15662415285408948,-0.2877499255078937
0.13461538461538458,0.23079004329004327,0.23769870718940628,0.13507644068999902,0.2743103060833187,-0.32899253241217097
0.15384615384615385,0.20491722329957618,0.2000797360751259,0.13439227528445197,0.24089235074064042,-0.36242820683736643
0.11538461538461542,0.10416666666666674,0.10763646922183512,0.11319282730977509,0.20930887276492094,-0.17064453506752164
0.019230769230769273,0.06607142857142856,0.07213778162216422,0.010837523211531863,0.012326966186303578,0.008904277796659588
0.125,0.07722626472626481,0.11995919521654819,0.19634958913805067,0.16713909786250125,-0.3682214563700491
0.10576923076923073,0.20526695526695526,0.210667123561249,0.17463137062370326,0.23330105205098856,-0.3176369209350519
0.06730769230769229,0.05677216538789431,0.023028331916682077,0.15478164159898655,0.09610584995244464,-0.1616146533508071
0.16346153846153844,0.19293206793206796,0.19467158898788722,0.1080573318182696,0.2714106196791609,-0.29543446819100116
0.14423076923076916,0.1434523809523809,0.19890593617920682,0.038108986801242195,0.24691164750413658,-0.194841900247002
0.1826923076923077,0.22297178130511464,0.26822969882742187,0.17794436435720917,0.3759208186799176,-0.3446399994623003
0.125,0.09782229965156797,0.17949330623149956,0.17981736791762803,0.18752719612176422,-0.36425354814043653
0.09615384615384615,0.13402777777777775,0.1359146809666094,0.16294562058276274,0.16857391644008463,-0.3051896463931345
0.009615384615384581,0.09624060150375935,0.09957345286292651,0.062313928761297266,0.009309845345991108,-0.06335353412650435
0.028846153846153744,0.12697963800904977,0.15531153716138235,0.04608527803762441,0.058397731088893456,-0.0567320854996366
0.04807692307692313,0.0026515151515150714,0.09452560597297432,0.03706138334052611,0.04042434030685382,-0.09547842323876576
0.04807692307692313,0.1852678571428571,0.19101402128604827,0.10556635948455395,0.12162143554940252,-0.15905932820712942
0.038461538461538436,0.14712892741061762,0.16517996518669564,0.06817834058475125,0.1089710283897522,-0.18073386942037462
0.0,0.057078134284016646,0.09713068616521292,0.012629562323866583,-0.0012289707462012078,-0.045954994083077794
0.15384615384615385,0.12525575447570336,0.13548242544971978,0.12661925240376304,0.2901790549407658,-0.2559147775766243
0.05769230769230771,0.13403257118205347,0.15236190425755725,0.09203548456420474,0.09785202749203303,-0.15595236058642403
0.15384615384615385,0.21250000000000002,0.20809520722989738,0.1354346375561074,0.26417032506333393,-0.3412098144649991
0.019230769230769273,0.08903769841269848,0.10092605879423644,0.040734083725544545,0.07431133217945335,-0.03461796743755463
0.05769230769230771,0.05453745198463511,0.047547923267193926,0.032958995968022986,0.09379063446287322,-0.09077882469701493
0.07692307692307698,0.06435801041064204,0.0875314054506744,-0.012343521961883375,0.13447899923098827,-0.04028223822370591
0.019230769230769273,0.11094875273979754,0.11435300810300797,0.10451605288833532,0.05578562494806116,-0.1984880123765389
0.009615384615384581,0.06060606060606055,0.09050065570613508,0.05414723965194612,0.005731542515024224,-0.05994566730589013
0.07692307692307687,0.1796532715650362,0.21000355787476277,0.04263039055028217,0.14760185395279557,-0.15558800155795377
-0.019230769230769273,0.016583747927031545,0.04043138506835697,0.054541119505769786,-0.028575051503417548,-0.08782422686637992
0.019230769230769162,0.09702660406885755,0.12122664219514401,0.08829727464296566,0.07253069366235099,-0.11910225851495337
0.11538461538461531,0.14945054945054936,0.20771487045018655,0.14137525929858685,0.1686170239595951,-0.28220951623495505
0.04807692307692302,0.10458152958152966,0.12266343298657534,0.07840753809369605,0.09349506362553367,-0.18991275078530734
0.0,0.08151260504201685,0.05986069607310707,0.09272622868213654,0.05811946768431092,-0.14044302912849482
0.04807692307692313,0.0659090909090908,0.10431470920906438,0.11505284243924319,0.0800749006303626,-0.20642406825669302
0.07692307692307687,0.1332465277777778,0.1654158502995713,0.09913688313261337,0.1308712154783287,-0.20770141712625823
0.03846153846153855,0.02950474183350893,0.08304071628651466,0.06766061342239282,0.03697614077247857,-0.13103651932002758
0.04807692307692313,0.11330532212885158,0.1476232260715019,0.03394681388907539,0.07655469306138774,-0.08254084135702633
0.08653846153846156,0.13169533169533154,0.16331044493073676,0.08001596175881831,0.11498663945405646,-0.1972154473197406
0.08653846153846145,0.13586956521739135,0.14905405248248538,0.11815660657582527,0.17133967778696602,-0.24619763183235188
0.06730769230769229,0.06895604395604404,0.07483082052047574,0.1073187802770652,0.12103077286977448,-0.1842706582327085
0.125,0.22951580583159537,0.25594709110334113,0.10079437792372503,0.23973395006925158,-0.3104305184761149
0.04807692307692302,0.07466594438425433,0.10144613646038747,0.08129074543406978,0.06382711188367435,-0.20940917110454338
-0.028846153846153855,-0.08333333333333326,-0.02928909858257689,0.02894040647182805,-0.09792958032976956,-0.045729545596158605
-0.038461538461538436,0.017763157894736814,-0.017760391847499002,0.10940658207097309,-0.039334941353259434,0.010404328709710309
0.019230769230769273,0.031067251461988188,0.06163024055767541,0.03867514436397268,0.03528748114339514,-0.07130069669651462
0.07692307692307698,0.09704944178628383,0.08409568096656794,0.14366131485657008,0.15814217760789046,-0.19761349852403076
0.04807692307692313,0.15083112310224994,0.13969147365008455,-0.0026175010668032517,0.13631410808529082,-0.011838453396876614
-0.019230769230769273,0.043269230769230727,0.029467468805704167,0.10842381500299425,0.016967013921886487,-0.11879011310002041
0.028846153846153855,0.14199082167832167,0.1580289031035299,0.1067088016602401,0.08074662437790064,-0.21887155808965342
0.0673076923076924,0.12725435323383083,0.16613293075946478,0.02248483588682626,0.11841093704241734,-0.061736373044602555
0.038461538461538436,0.054361488185017626,0.06719734758797036,0.043056473341957946,0.06719604175847982,-0.17110368354843186
0.06730769230769229,0.12689393939393934,0.1381633457165372,0.029667144963140046,0.14196570316456608,-0.12174011147529118
0.08653846153846156,0.18627450980392157,0.18638549648758418,0.1042578938903147,0.17877252505685892,-0.2124124602204983
0.009615384615384581,0.09301566977623321,0.1313117707903353,0.05617933199683811,0.03989852628106816,-0.11176259458570614
0.038461538461538436,0.13460626185958258,0.15384655519200385,0.134384031612506,0.0973106168944019,-0.26122472559906906
0.07692307692307698,0.16269841269841268,0.17082650783742626,0.11596757546625402,0.1645414754795238,-0.25737682104503745
0.07692307692307698,0.23226495726495722,0.1951030878450234,0.06922823734716288,0.15567268232804987,-0.2004039420976393
0.08653846153846156,0.1668861574480539,0.16616115252073949,0.09473912646322358,0.1452722573648889,-0.19583521337600612
0.08653846153846156,0.09159559346126511,0.14980656529609881,0.10811427519989969,0.12354263926090253,-0.21833307386165168
0.08653846153846145,0.13194444444444442,0.18060205339307722,0.0673828125,0.1629970425472672,-0.17706082704330284
0.14423076923076927,0.23782679738562107,0.2764446361353372,0.13862063941055636,0.272137276197628,-0.361984046512951
-0.04807692307692313,-0.029323630136986245,-0.01717006397857468,0.09611648083249946,-0.08456614532626672,-0.03200869821320429
-0.019230769230769162,0.08737373737373744,0.09287956759096128,0.08296601132026538,0.006089936757973646,-0.1046431874598911
0.11538461538461542,0.1828869047619046,0.20606377474074467,0.0663067005458311,0.20310497504033698,-0.15021600759261833
0.06730769230769229,0.12582972582972585,0.12393025307369299,0.09612916988578635,0.11310419896580992,-0.17351097768457735
0.009615384615384581,0.004368894993895034,0.07083583861948717,0.0502968867088468,-0.00039364455459289793,-0.1965909891626576
0.009615384615384581,0.06408500175623466,0.060286181210094214,0.10184217346390978,0.049873477902090624,-0.12159214502488014
0.10576923076923073,0.13976934523809526,0.1675994066750967,0.02351190476190479,0.1935335628310258,-0.13161889835997276
0.10576923076923084,0.23052503052503048,0.2085017813920378,0.09390085227114708,0.23327895177710783,-0.16266351285541447
-0.04807692307692313,0.1439759036144579,-0.012107178380940997,0.07619300497057147,-0.12978567078882963,-0.01279651185024644
0.06730769230769229,0.19285714285714284,0.21129984103350097,0.08408816651660656,0.16244047872613698,-0.21761803235284394
0.05769230769230771,0.19108669108669107,0.16502041849151372,0.06694441686779162,0.15289747154547,-0.09681112256401325
0.06730769230769229,0.16481481481481475,0.12307102195080888,0.12009299709528531,0.151495065366756,-0.21374383202699465
0.11538461538461542,0.0979294570843866,0.13323682816942323,0.06309139238926409,0.1674321078282332,-0.17421904461393034
0.04807692307692313,0.07557244744744729,0.08999219851975959,0.04149742221288266,0.05084602554454609,-0.08043414185617748
0.04807692307692313,0.05654761904761907,0.05501886153697344,0.07121840054723128,0.0880563781798015,-0.1305772838241468
0.05769230769230771,0.047204165161911615,0.04773750068602167,0.17917180965497437,0.08340777960885293,-0.22119500770402245
0.09615384615384615,0.1857371794871795,0.15344064243519417,0.1436435745437339,0.19864660483426033,-0.2165716581510626
0.03846153846153855,0.09096736596736599,0.08492163685406384,0.07474810762306117,0.06690122646041563,-0.14576610130978018
0.11538461538461542,0.20871040723981893,0.2213451192307111,0.1075453450440913,0.21845244968597138,-0.17831042581354817
0.05769230769230771,0.1521565289170923,0.13212637838205654,0.13075524773597824,0.14822325509380962,-0.18059139766559473
0.04807692307692313,0.06061368209255524,0.04450455468603154,0.08360262585614697,0.09907049878062002,-0.143590303127356
0.03846153846153855,0.050407550407550294,0.081498819024174,0.0837585512029354,0.06509606993672296,-0.11849511917697819
0.08653846153846145,0.14409203980099505,0.2003780439736884,0.13200684237145954,0.14006363546361178,-0.24112537078872032
0.08653846153846156,0.16889880952380953,0.20109094500304825,0.03677935106849073,0.13510065308905966,-0.11487298376290456
-0.019230769230769273,0.08069930069930076,0.10914443870819701,0.05866375574170568,-0.005275562568152314,-0.04311567395252802
-0.019230769230769273,0.13164682539682537,0.09069482378424598,0.11863783620787838,0.014413891073005947,-0.08844707907890803
-0.038461538461538436,-0.0012560209743306405,0.030786227661227628,0.021743227848852742,-0.08406242021580645,0.05373441874891305
0.14423076923076927,0.26229360165118687,0.30249024326270246,0.10358643474725715,0.27877612802948093,-0.23132965564566543
-0.04807692307692302,0.022721285563751303,0.02228178628525912,0.10479663310586174,-0.07476707644436109,-0.04457467590076114
0.17307692307692302,0.1708183129055515,0.17193378772202667,0.13657405942565148,0.3252835978622138,-0.2566827018585206
0.009615384615384581,-0.018243243243243223,-0.025420409553948198,0.03793781037855559,0.0025720154283529473,-0.0696499409489475
-0.009615384615384581,0.05659241121197656,0.0572555099043105,0.06682120601434982,0.005795730959645806,-0.05758895095967409
0.09615384615384615,0.1612592219986586,0.23035191345066908,0.07961493157451527,0.21199241298055593,-0.18206689528662245
0.125,0.1930958298812483,0.19720324361628705,0.06016789971366887,0.24723816455901249,-0.1932107181002065
0.125,0.1276048298107122,0.22919313705323408,0.12282924454321476,0.19782540256741782,-0.3275051798934463
0.06730769230769229,0.13583601083601082,0.11687807881773393,0.12142198991277331,0.13406641575765416,-0.16099748657937996
0.028846153846153855,0.18471861471861462,0.14869850270225626,0.0804560364771596,0.1325271108208727,-0.11312796624922317
-0.019230769230769162,-0.0011904761904761862,0.022085764477068892,0.03689553451615579,-0.06702586265707933,-0.029565697905483468
0.09615384615384626,0.1269553673938002,0.1712881624423963,0.024875862656610348,0.1520457843034701,-0.11485549561676389
0.009615384615384581,0.18019891500904173,0.13761045933800015,0.1455584259020064,0.09751745251812072,-0.1721975302563763
0.05769230769230771,0.18714285714285706,0.1969238238779908,0.0603654635859302,0.15006152136007012,-0.10767371609247944
0.16346153846153844,0.23377347417840388,0.2458081714191192,0.12691145533851111,0.28798173839344354,-0.25604366789103894
0.04807692307692313,0.1499999999999999,0.15417867467621177,-0.016241386392881196,0.13238288155460687,-0.0332349531385836
0.09615384615384615,0.17845579078455798,0.21720795510536656,0.11726686672860565,0.2150697607440047,-0.20847849364947124
0.05769230769230771,0.08170289855072466,0.13853736259065857,0.012283481390533924,0.0957178321628332,-0.08720332515231521
0.038461538461538436,0.18541666666666667,0.17157611317536536,0.1331035348459233,0.09867617322809935,-0.14350770880613617
0.09615384615384615,0.17857761607761602,0.18293566304096287,0.06767519176426051,0.2194456622086126,-0.18270001372183908
0.06730769230769229,0.11108974358974355,0.14917248539511307,0.1150306453387846,0.08635101253800614,-0.22175255002282623
0.06730769230769229,0.11616923764811082,0.15961348568204264,0.0893817504208575,0.13696267416205538,-0.17286817263296173
0.125,0.1809690309690309,0.18469152707254222,0.14872389352733895,0.24883503051917222,-0.36564232696080645
0.13461538461538458,0.2604899345137037,0.24659616028951525,0.13045346499403232,0.2370326967617587,-0.3739642357503964
0.125,0.10620300751879697,0.17044221253121983,0.011737128595372459,0.18324429714009177,-0.09248310759195066
0.04807692307692313,0.09732003129890443,0.11214988276183713,0.09501586852822141,0.10606814256429209,-0.22181348578315663
-0.028846153846153855,0.06944444444444442,0.04963130192690457,0.10587824520313194,-0.04070997378861435,-0.1256627667514355
0.17307692307692313,0.23731060606060606,0.2594724619904476,0.07172903271266828,0.31816807935185404,-0.2300584837486377
0.15384615384615385,0.19911937377690808,0.1849246331834788,0.07289403953020779,0.30615665825304994,-0.25432875238241504
0.08653846153846156,0.05264423076923075,0.07466693929480184,0.08924405177056471,0.11561327696893153,-0.14766073828750537
0.10576923076923084,0.10621565934065935,0.12362808759867583,0.13774993133908575,0.1498820251831447,-0.24003606156720603
0.009615384615384581,0.12349711691816945,0.15811719282307513,0.05127986714631494,0.027582245906288883,-0.08738771921826805
0.10576923076923073,0.20416666666666666,0.19085578858091978,0.11216336205225408,0.2213226952817532,-0.17500400503040636
0.08653846153846156,0.12556897759103647,0.10974634749341095,0.06557641048843788,0.15380534116958772,-0.16132806259884935
0.1826923076923077,0.18469887955182074,0.25927702471820124,0.033162173466243505,0.3092123482134737,-0.15500740896121135
0.04807692307692302,0.07638888888888895,0.10188267614738211,0.007324528769841132,0.07104052258943888,-0.05147196253504527
0.125,0.172071392659628,0.18574696095387133,0.1349495674084451,0.22270387696492489,-0.2991297581472605
-0.028846153846153855,0.0680442745660137,0.05698631374743546,-0.00883765288838445,-0.006345663882305619,0.04805401653036767
0.05769230769230771,0.1463675213675214,0.15614680072360987,0.06125525572773638,0.1304943233114889,-0.1336622066804939
0.009615384615384581,0.026565091210613567,0.06378517023354302,0.09296113723278887,0.014396573311282579,-0.15670275459643712
0.08653846153846156,0.1742424242424243,0.197110178294511,0.03363537067114708,0.16903020852922968,-0.09782963785118948
0.0,0.0936216354126801,0.11359856454250039,0.057561563544035854,0.022313670165252764,-0.058581738296055064
0.09615384615384615,0.218201754385965,0.1860168895144264,0.14429327062975783,0.20820923007897457,-0.26158178974924823
0.06730769230769229,0.1693672839506174,0.14465979720946043,0.0366695215833176,0.18688942474231018,-0.10374511430645794
0.14423076923076927,0.19266656766656765,0.1733900817760594,0.15799852185990804,0.24203725767381418,-0.2266104083412508
0.038461538461538436,0.11785714285714288,0.14625285734632376,0.11301895064223633,0.09032335054036011,-0.2269182545088395
0.07692307692307687,0.21491228070175428,0.1595306329290882,0.13901574588645516,0.1781516073316945,-0.21925369621170854
0.13461538461538458,0.16109831029185862,0.20199707367858288,0.1266641809707162,0.23243250451446307,-0.36052013990235976
0.11538461538461542,0.13562386980108498,0.21546230554904938,0.09727163059333144,0.20539187252376734,-0.22776020230758998
0.05769230769230771,0.17374401913875603,0.16196581196581195,0.09698357947130076,0.1303915062599611,-0.22561778771897678
0.03846153846153855,0.1384615384615384,0.1500562036055143,0.07600011373157634,0.07706164217520084,-0.11206386938293289
0.11538461538461542,0.20286562752316173,0.21619031981134595,0.0993087866723602,0.18640847825997647,-0.2448114613929816
0.038461538461538436,0.16707645474768762,0.17504332322998023,0.13223381972525483,0.1361322776657154,-0.2579501325416863
0.028846153846153855,0.1091231684981685,0.132169443459766,0.03341998862305029,0.0508564998532941,-0.04409147361947208
